[20:25:21:112][20260403_20:25:21]
[20:25:40:460][    0.019000] [  INFO] nsh_main: Reset cause: POWER OFF
[20:25:40:460][    0.023000] [  INFO] nsh_main: Active Partition[0] consumed 596 Bytes
[20:25:40:476][    0.028000] [  INFO] nsh_main: Loaded app from partition /dev/fw1, offset 0x10000 size 0x180000
[20:25:40:492][    0.037000] [  INFO] nsh_main: magicCode 0x54504642; version 0x0000; entryCnt 6; age 0; crc32 0xD9834983
[20:25:40:492][    0.046000] [  INFO] nsh_main: idx type dev act  name     Addr0      Addr1      Len0       Len1       age
[20:25:40:507][    0.056000] [  INFO] nsh_main: [00] 16   0   0   Boot2    0x00000000 0x00000000 0x0000e000 0x00000000 0    
[20:25:40:507][    0.066000] [  INFO] nsh_main: [01] 0    0   0   FW       0x00010000 0x00190000 0x00180000 0x00180000 0    
[20:25:40:523][    0.075000] [  INFO] nsh_main: [02] 10   0   0   mfg      0x00190000 0x00000000 0x00180000 0x00000000 0    
[20:25:40:523][    0.085000] [  INFO] nsh_main: [03] 3    0   0   Ota      0x00310000 0x00000000 0x000dd000 0x00000000 0    
[20:25:40:539][    0.095000] [  INFO] nsh_main: [04] 2    0   0   Data     0x003ed000 0x00000000 0x00010000 0x00000000 0    
[20:25:40:555][    0.105000] [  INFO] nsh_main: [05] 4    0   0   Reserve  0x003fd000 0x00000000 0x00003000 0x00000000 0    
[20:25:40:555][    0.118000] [  INFO] nsh_main: rfparam>>pwr_mode is bf
[20:25:40:555][    0.121000] [  INFO] nsh_main: Empty slot:1
[20:25:40:572][    0.125000] [  INFO] nsh_main: rfparam>>efuse wlan pwr_offset[14]: 0,0,0,0,1,1,1,1,1,1,1,1,0,1
[20:25:40:572][    0.133000] [  INFO] nsh_main: rfparam>>tlv wlan pwr_offset[14]: 0,0,0,0,0,0,0,0,0,0,0,0,0,0
[20:25:40:588][    0.142000] [  INFO] nsh_main: rfparam>>wlan pwr_offset[14]: 0,0,0,0,1,1,1,1,1,1,1,1,0,1
[20:25:40:588][    0.150000] [  INFO] nsh_main: Empty slot:1
[20:25:40:604][    0.154000] [  INFO] nsh_main: rfparam>>efuse wlan lp pwr_offset[14]: 1,2,2,3,4,4,5,5,5,5,5,5,4,5
[20:25:40:604][    0.163000] [  INFO] nsh_main: rfparam>>tlv wlan lp pwr_offset[14]: 0,0,0,0,0,0,0,0,0,0,0,0,0,0
[20:25:40:620][    0.171000] [  INFO] nsh_main: rfparam>>wlan lp pwr_offset[14]: 1,2,2,3,4,4,5,5,5,5,5,5,4,5
[20:25:40:620][    0.180000] [  INFO] nsh_main: Empty slot:1
[20:25:40:636][    0.184000] [  INFO] nsh_main: rfparam>>efuse bz pwr_offset[5]: -2,0,0,2,0
[20:25:40:636][    0.191000] [  INFO] nsh_main: rfparam>>tlv bz pwr_offset[5]: 0,0,0,0,0
[20:25:40:636][    0.197000] [  INFO] nsh_main: rfparam>>bz pwr_offset[5]: -2,0,0,2,0
[20:25:40:652][    0.204000] [  INFO] nsh_main: rfparam>>pwr_11b[4]: 19,19,19,19
[20:25:40:652][    0.210000] [  INFO] nsh_main: rfparam>>pwr_11g[8]: 19,19,18,18,18,18,18,18
[20:25:40:669][    0.216000] [  INFO] nsh_main: rfparam>>pwr_11n_ht20[8]: 19,19,18,18,17,17,17,17
[20:25:40:669][    0.224000] [  INFO] nsh_main: rfparam>>pwr_11n_ht40[8]: 19,19,18,18,17,17,17,17
[20:25:40:684][    0.231000] [  INFO] nsh_main: rfparam>>pwr_11ac_vht20[10]: 19,19,18,18,17,17,17,17,15,15
[20:25:40:684][    0.239000] [  INFO] nsh_main: rfparam>>pwr_11ac_vht40[10]: 19,19,18,18,17,17,17,17,15,15
[20:25:40:700][    0.248000] [  INFO] nsh_main: rfparam>>pwr_11ax_he20[12]: 19,19,18,18,17,17,17,17,15,15,13,13
[20:25:40:700][    0.256000] [  INFO] nsh_main: rfparam>>pwr_11ax_he40[12]: 18,18,17,17,16,16,16,16,14,14,12,12
[20:25:40:700][    0.265000] [  INFO] nsh_main: rfparam>>capcode mode is MF
[20:25:40:715][    0.270000] [  INFO] nsh_main: Empty slot:1
[20:25:40:715][    0.274000] [  INFO] nsh_main: rfparam>>efuse capcode_in 34,capcode_out 34
[20:25:40:732][    0.281000] [  INFO] nsh_main: rfparam>>capcode_in 34,capcode_out 34
[20:25:40:732][    0.287000] [  INFO] nsh_main: rfparam>>tcal.en_tcal = 0
[20:25:40:732][    0.293000] [  INFO] nsh_main: rfparam>>tcal.linear_or_follow = 1
[20:25:40:747][    0.299000] [  INFO] nsh_main: rfparam>>tcal.Tchannels[5]: 2412,2427,2442,2457,2472
[20:25:40:747][    0.307000] [  INFO] nsh_main: rfparam>>tcal.Tchannel_os[5]: 180,168,163,160,157
[20:25:40:763][    0.314000] [  INFO] nsh_main: rfparam>>tcal.Tchannel_os_low[5]: 199,186,170,165,160
[20:25:40:763][    0.322000] [  INFO] nsh_main: rfparam>>tcal.Troom_os = -1
[20:25:40:763][    0.327000] [  INFO] nsh_main: rfparam>>pwr_ble = 13 
[20:25:40:779][    0.332000] [  INFO] nsh_main: rfparam>>pwr_bt[3]: 10,8,8
[20:25:40:779][    0.337000] [  INFO] nsh_main: rfparam>>pwr_zigbee = 13 
[20:25:40:779][    0.343000] [  INFO] nsh_main: rfparam>>country_code = 86 
[20:25:40:795][    0.348000] [  INFO] nsh_main: rfparam>>en_tcap = 0 
[20:25:40:795][    0.353000] [  INFO] nsh_main: rfparam>>tcap_tsen[10]: -3,-4,20,39,39,40,41,42,43,44
[20:25:40:811][    0.361000] [  INFO] nsh_main: rfparam>>tcap_cap[11]: 28,29,30,31,32,33,34,35,36,37,38
[20:25:40:924][    0.489000] [ DEBUG] xtal32k_trim: xtal32k_check_entry task enable, freq_mtimer must be 1MHz!
[20:25:40:940][    0.497000] [ DEBUG] xtal32k_trim: xtal32k_check: delay 100 ms
[20:25:40:940][    0.501000] [  INFO] nsh_main: bl616_wifi_adapter_init: Starting wifi ...
[20:25:40:955][    0.511000] [ DEBUG] WPA: WPA task started
[20:25:40:955][    0.512000] [  INFO] WPA: bl616_wifi_event_handler: [APP] [WIFI] CODE_WIFI_ON_MGMR_DONE
[20:25:40:955][    0.521000] [ DEBUG] wifi_fw: get sta mac: c4:93:bb:ad:c7:ff
[20:25:40:971][    0.526000] [ DEBUG] wifi_fw: get ap mac: c4:93:bb:ad:c7:ff
[20:25:40:971][    0.535000] [  INFO] wifi_fw: bl616_wifi_event_handler: [APP] [WIFI] CODE_WIFI_ON_INIT_DONE
[20:25:40:987][    0.541000] [ DEBUG] wifi_mgmr: wifi_mgmr_set_country_code:code = CN
[20:25:40:987][    0.547000] [  INFO] wifi_mgmr: bl616_wifi_event_handler: [APP] [WIFI] CODE_WIFI_ON_MGMR_DONE
[20:25:41:003][    0.556000] [  INFO] nsh_main: bl616_wlan_sta_initialize: Wi-Fi station MAC: C4:93:BB:AD:C7:FF
[20:25:41:003][    0.564000] [  INFO] nsh_main: bl616_net_initialize: INFO: Initialize Wi-Fi adapter No.0 success
[20:25:41:019][    0.574000] [  INFO] nsh_main: wlan_ifup: Bringing up: 0.0.0.0
[20:25:41:035]ifup wlan0...OK
[20:25:41:035]miio_client [11:100]
[20:25:41:035]NSH auto exit.
[20:25:41:035][    0.591000] [  INFO] miio_client: [08:00:00.591 ] miio_instance: skip auto_recovery...
[20:25:41:051][    0.597000] [  INFO] miio_client: [08:00:00.597 ] miio_client_func: /dev/gpio4 wakeup register succeed[7].
[20:25:41:051][    0.603000] [ DEBUG] xtal32k_trim: xtal32k_check: start check
[20:25:41:051][    0.612000] [  INFO] miio_client: [08:00:00.612 ] miio_client_func:  count = 0, fd: 7
[20:25:41:067][    0.619000] [  INFO] miio_client: [08:00:00.619 ] miio_client_func: OT agent listen fd: 4
[20:25:41:067][    0.625000] [ DEBUG] xtal32k_trim: xtal32k_check: mtimer_us:11077, rtc_us:11078
[20:25:41:083][    0.635000] [ DEBUG] xtal32k_trim: xtal32k_check: retry_cnt:1, diff_us:1, finish!
[20:25:41:083][    0.642000] [  INFO] xtal32k_trim: xtal32k_check: success!, total time:152ms
[20:25:41:099][    0.649000] [  INFO] xtal32k_trim: select xtal32k
[20:25:41:099][    0.654000] [ DEBUG] xtal32k_trim: xtal32k_check: set lp_32k ready!
[20:25:41:099][    0.660000] [ DEBUG] xtal32k_trim: xtal32k_check task: vTaskDelete
[20:25:41:115][    0.667000] [  INFO] miio_client: [08:00:00.667 ] miio_client_func: BT conn listen fd: 5
[20:25:41:115][    0.674000] [  INFO] miio_client: [08:00:00.674 ] miio_client_func: netlink listen fd: 6
[20:25:41:131][    0.683000] [  INFO] miio_client: [08:00:00.683 ] miio_client: pollfds[0]: 7
[20:25:41:131][    0.690000] [  INFO] miio_client: [08:00:00.690 ] miio_client: pollfds[1]: 4
[20:25:41:147][    0.697000] [  INFO] miio_client: [08:00:00.697 ] miio_client: pollfds[2]: 5
[20:25:41:147][    0.704000] [  INFO] miio_client: [08:00:00.704 ] miio_client: pollfds[3]: 6
[20:25:41:163][    0.711000] [ DEBUG] miio_client: [08:00:00.711 ] miio_client: miio_common init
[20:25:41:179][    0.723000] [ EMERG] miio_client: [E]: psm get coredump_flag failed!
[20:25:41:179][    0.730000] [  WARN] miio_client: [08:00:00.730 ] miio_instance: sn is not exist.
[20:25:41:179][    0.743000] [ DEBUG] miio_client: [08:00:00.743 ] Addon: miIO
[20:25:41:195][    0.746000] [ DEBUG] miio_client: [08:00:00.746 ]    : 0xa00b84e2:   bind_stat
[20:25:41:195][    0.753000] [ DEBUG] miio_client: [08:00:00.753 ]    : 0xa00b878e:   config_coredump
[20:25:41:210][    0.760000] [ DEBUG] miio_client: [08:00:00.760 ]    : 0xa00b86e8:   config_loglevel
[20:25:41:210][    0.767000] [ DEBUG] miio_client: [08:00:00.767 ]    : 0xa00b9240:   config_router
[20:25:41:226][    0.775000] [ DEBUG] miio_client: [08:00:00.775 ]    : 0xa00b9386:   config_router_safe
[20:25:41:226][    0.782000] [ DEBUG] miio_client: [08:00:00.782 ]    : 0xa00b8650:   disable_local_restore
[20:25:41:242][    0.790000] [ DEBUG] miio_client: [08:00:00.790 ]    : 0xa00e495e:   dyna_params
[20:25:41:242][    0.797000] [ DEBUG] miio_client: [08:00:00.797 ]    : 0xa00b7344:   get_disable_local_restore
[20:25:41:258][    0.805000] [ DEBUG] miio_client: [08:00:00.805 ]    : 0xa00e6216:   get_ota_progress
[20:25:41:258][    0.813000] [ DEBUG] miio_client: [08:00:00.813 ]    : 0xa00e60aa:   get_ota_state
[20:25:41:258][    0.820000] [ DEBUG] miio_client: [08:00:00.820 ]    : 0xa00d32ec:   handshake
[20:25:41:274][    0.827000] [ DEBUG] miio_client: [08:00:00.827 ]    : 0xa00e450a:   help
[20:25:41:274][    0.833000] [ DEBUG] miio_client: [08:00:00.833 ]    : 0xa00e43e6:   info
[20:25:41:290][    0.840000] [ DEBUG] miio_client: [08:00:00.840 ]    : 0xa00e8cd4:   iperf_client
[20:25:41:290][    0.847000] [ DEBUG] miio_client: [08:00:00.847 ]    : 0xa00ba068:   migration
[20:25:41:306][    0.854000] [ DEBUG] miio_client: [08:00:00.854 ]    : 0xa00e4838:   ncinfo
[20:25:41:306][    0.860000] [ DEBUG] miio_client: [08:00:00.860 ]    : 0xa00e8a6a:   ota
[20:25:41:306][    0.867000] [ DEBUG] miio_client: [08:00:00.867 ]    : 0xa00e384a:   ota_install
[20:25:41:322][    0.874000] [ DEBUG] miio_client: [08:00:00.874 ]    : 0xa00e71e0:   reboot
[20:25:41:324][    0.880000] [ DEBUG] miio_client: [08:00:00.880 ]    : 0xa00ba1ee:   recovery
[20:25:41:338][    0.887000] [ DEBUG] miio_client: [08:00:00.887 ]    : 0xa00e4d00:   redirect
[20:25:41:338][    0.894000] [ DEBUG] miio_client: [08:00:00.894 ]    : 0xa00b631a:   restore
[20:25:41:338][    0.901000] [ DEBUG] miio_client: [08:00:00.901 ]    : 0xa00e4608:   set_auto_upgrade
[20:25:41:354][    0.908000] [ DEBUG] miio_client: [08:00:00.908 ] Addon: user
[20:25:41:354][    0.914000] [ DEBUG] miio_client: [08:00:00.914 ]    : 0xa00b9ebc:   bind_key
[20:25:41:370][    0.921000] [ DEBUG] miio_client: [08:00:00.920 ]    : 0xa00a5770:   hello
[20:25:41:370][    0.927000] [ DEBUG] miio_client: [08:00:00.927 ]    : 0xa00b8834:   powersave
[20:25:41:386][    0.934000] [ DEBUG] miio_client: [08:00:00.934 ]    : 0xa00b63ae:   wakeup_host
[20:25:41:386][    0.941000] [ DEBUG] miio_client: [08:00:00.941 ] Addon: ota
[20:25:41:386][    0.947000] [ DEBUG] miio_client: [08:00:00.947 ]    : 0xa00e4ff0:   downgrade
[20:25:41:403][    0.953000] [ DEBUG] miio_client: [08:00:00.953 ] Addon: init complete
[20:25:41:418][    0.970000] [  INFO] miio_client: [08:00:00.970 ] miio_ot: httpdns enabled
[20:25:41:418][    0.975000] [ DEBUG] miio_client: [08:00:00.975 ] ots: setting ots kplv_timeout: 270000
[20:25:41:418][    0.987000] [  INFO] miio_client: [08:00:00.987 ] miio_pm: pm_config: 1
[20:25:41:434][    0.991000] [  INFO] miio_client: [08:00:00.991 ] miio_pm: pm_config: low power
[20:25:41:451][    0.998000] [  INFO] miio_client: bl616_wifi_sta_dtim: set dtim: 10
[20:25:41:451][    1.005000] [  INFO] miio_client: [08:00:01.004 ] arch_wifi: set dtim 10 successfully!
[20:25:41:451][    1.016000] [ DEBUG] miio_client: [08:00:01.016 ] miio_pm_uart: uart sleep feature off
[20:25:41:466][    1.021000] [  WARN] miio_client: [08:00:01.021 ] miio_pm_uart: not support uart power mode setting !
[20:25:41:482][    1.030000] [ DEBUG] miio_client: [08:00:01.030 ] ot: event emit[id=5,txt=otn.timerconfig,ext_len=4]
[20:25:41:482][    1.040000] [  INFO] miio_client: [08:00:01.040 ] arch_wifi: set powersave off ok!
[20:25:41:498][    1.047000] [  INFO] miio_client: [08:00:01.047 ] arch_pm: pm_mode switch to 1 succeed!
[20:25:41:498][    1.055000] [  INFO] miio_client: [08:00:01.055 ] miio_pm: lock_status: 1, lock[0]
[20:25:41:514][    1.062000] [  INFO] miio_client: [08:00:01.062 ] miio_net: miio monitor switch to high power!
[20:25:41:530][    1.071000] [  INFO] miio_client: [08:00:01.071 ] miio_net: Set Startup time: 1071
[20:25:41:530][    1.084000] [ DEBUG] miio_client: [08:00:01.083 ] miio_net: Got valid fixed connect info.
[20:25:41:546][    1.100000] [ DEBUG] miio_client: [08:00:01.100 ] miio_net: cc[0] = CN
[20:25:41:546][    1.104000] [  INFO] miio_client: [08:00:01.104 ] miio_wifi: cc=CN, schan=1, nchan=13, max_tx_dbm=0
[20:25:41:562][    1.115000] [ DEBUG] miio_client: [08:00:01.115 ] miio_net: prov_stat_pre: [times 0],[prov_type 0],[prov_error_code 0]
[20:25:41:578][    1.129000] [ DEBUG] miio_client: [08:00:01.129 ] miio_net: reboot info psm get failed
[20:25:41:578][    1.135000] [ DEBUG] miio_client: [08:00:01.135 ] miio_net: provision_status[1], smart_config[1], auto_provision[0]
[20:25:41:594][    1.145000] [ DEBUG] miio_client: [08:00:01.145 ] miio_net: start
[20:25:41:594][    1.151000] [ DEBUG] miio_client: [08:00:01.151 ] miio_net: station mode
[20:25:41:610][    1.157000] [ DEBUG] miio_client: [08:00:01.157 ] ot: event emit[id=3,txt=otn.prov,ext_len=1]
[20:25:41:610][    1.168000] [ DEBUG] miio_client: [08:00:01.168 ] ota_mcu: no valid mcu firmware found
[20:25:41:626][    1.174000] [ DEBUG] miio_client: [08:00:01.174 ] ota_mcu: init ok
[20:25:41:626][    1.180000] [ EMERG] miio_client: 
[20:25:41:626]
[20:25:41:626][    1.183000] [ EMERG] miio_client: _|      _|  _|_|_|  _|_|_|    _|_|  
[20:25:41:642][    1.190000] [ EMERG] miio_client: _|_|  _|_|    _|      _|    _|    _|
[20:25:41:642][    1.196000] [ EMERG] miio_client: _|  _|  _|    _|      _|    _|    _|
[20:25:41:642][    1.203000] [ EMERG] miio_client: _|      _|    _|      _|    _|    _|
[20:25:41:658][    1.209000] [ EMERG] miio_client: _|      _|  _|_|_|  _|_|_|    _|_|  
[20:25:41:669][    1.216000] [ EMERG] miio_client: JENKINS BUILD NUMBER: N/A
[20:25:41:669][    1.222000] [ EMERG] miio_client: BUILD TIME: Apr  3 2026,19:53:03
[20:25:41:675][    1.228000] [ EMERG] miio_client: BUILT BY: N/A.
[20:25:41:675][    1.232000] [ EMERG] miio_client: MIIO APP VER: 1.0.3
[20:25:41:675][    1.237000] [ EMERG] miio_client: SECURE BOOT NOT SUPPORT
[20:25:41:690][    1.245000] [ EMERG] miio_client: MIIO MCU VER: 
[20:25:41:690][    1.247000] [ EMERG] miio_client: MIIO DID: 821847546
[20:25:41:690][    1.253000] [ EMERG] miio_client: MIIO WIFI MAC: c493bbadc7ff
[20:25:41:706][    1.260000] [ EMERG] miio_client: MIIO MODEL: xiaomi.dev.bl3
[20:25:41:706][    1.265000] [ EMERG] miio_client: ARCH TYPE: BL616-BL3,0x00000001
[20:25:41:706][    1.270000] [ EMERG] miio_client: ARCH VER      : 0.0.0-b9e9693f49
[20:25:41:722][    1.277000] [ EMERG] miio_client: FLASH INFO: manufacturer(0xc8), memory type(0x60), capacity(0x16)
[20:25:41:722][    1.286000] [ DEBUG] httpc_task: [08:00:01.285 ] httpc: idle
[20:25:41:738][    1.291000] [ DEBUG] otu_task: [08:00:01.291 ] otu: otu is idle...
[20:25:41:738][    1.297000] [ DEBUG] ots_task: [08:00:01.297 ] ots: ots is idle...
[20:25:41:754][    1.303000] [ DEBUG] mi_otn: [08:00:01.303 ] ots: event on[id=1]
[20:25:41:754][    1.309000] [ DEBUG] mi_otn: [08:00:01.309 ] ots: event on[id=5]
[20:25:41:754][    1.315000] [ DEBUG] mi_otn: [08:00:01.315 ] ots: event on[id=9]
[20:25:41:769][    1.321000] [ DEBUG] mi_otn: [08:00:01.321 ] ots: event on[id=10]
[20:25:41:769][    1.327000] [ DEBUG] mi_otn: [08:00:01.327 ] ot: event on[id=1]
[20:25:41:769][    1.333000] [ DEBUG] mi_otn: [08:00:01.333 ] ot: event on[id=2]
[20:25:41:785][    1.339000] [ DEBUG] mi_otn: [08:00:01.339 ] ot: event on[id=3]
[20:25:41:785][    1.345000] [ DEBUG] mi_otn: [08:00:01.345 ] ot: event on[id=4]
[20:25:41:785][    1.351000] [ DEBUG] mi_otn: [08:00:01.351 ] ot: event on[id=5]
[20:25:41:801][    1.357000] [ DEBUG] mi_otn: [08:00:01.356 ] ot: event on[id=6]
[20:25:41:801][    1.362000] [ DEBUG] mi_otn: [08:00:01.362 ] otu: event on[id=2]
[20:25:41:817][    1.368000] [ DEBUG] mi_otn: [08:00:01.368 ] otu: event on[id=3]
[20:25:41:817][    1.374000] [ DEBUG] mi_otn: [08:00:01.374 ] otu: event on[id=4]
[20:25:41:817][    1.380000] [ DEBUG] mi_otn: [08:00:01.380 ] otu: event on[id=5]
[20:25:41:833][    1.386000] [ DEBUG] mi_otn: [08:00:01.386 ] otu: event on[id=6]
[20:25:41:833][    1.392000] [ DEBUG] mi_otn: [08:00:01.392 ] otu: event on[id=7]
[20:25:41:850][    1.398000] [ DEBUG] mi_otn: [08:00:01.398 ] otu: event on[id=8]
[20:25:41:850][    1.404000] [ DEBUG] mi_otn: [08:00:01.404 ] otu: event on[id=9]
[20:25:41:850][    1.410000] [ DEBUG] mi_otn: [08:00:01.410 ] otu: event on[id=10]
[20:25:41:866][    1.416000] [ DEBUG] mi_otn: [08:00:01.416 ] otu: event on[id=11]
[20:25:41:866][    1.422000] [ DEBUG] mi_otn: [08:00:01.422 ] otu: event on[id=12]
[20:25:41:881][    1.429000] [ DEBUG] mi_otn: [08:00:01.429 ] otu: event on[id=14]
[20:25:41:881][    1.435000] [ DEBUG] mi_otn: [08:00:01.435 ] ots: event on[id=2]
[20:25:41:881][    1.441000] [ DEBUG] mi_otn: [08:00:01.441 ] ots: event on[id=3]
[20:25:41:897][    1.447000] [ DEBUG] mi_otn: [08:00:01.447 ] ots: event on[id=4]
[20:25:41:897][    1.453000] [ DEBUG] mi_otn: [08:00:01.453 ] ots: event on[id=5]
[20:25:41:897][    1.459000] [ DEBUG] mi_otn: [08:00:01.459 ] ots: event on[id=6]
[20:25:41:913][    1.465000] [ DEBUG] mi_otn: [08:00:01.465 ] ots: event on[id=7]
[20:25:41:913][    1.471000] [ DEBUG] mi_otn: [08:00:01.471 ] ots: event on[id=8]
[20:25:41:913][    1.477000] [ DEBUG] mi_otn: [08:00:01.476 ] ots: event on[id=9]
[20:25:41:929][    1.483000] [ DEBUG] mi_otn: [08:00:01.482 ] ots: event on[id=10]
[20:25:41:929][    1.489000] [ DEBUG] mi_otn: [08:00:01.489 ] ots: event on[id=11]
[20:25:41:945][    1.495000] [ DEBUG] mi_otn: [08:00:01.495 ] ots: event on[id=12]
[20:25:41:945][    1.501000] [ DEBUG] mi_otn: [08:00:01.501 ] miio_ot: otn.timerconfig[5] happened!
[20:25:41:961][    1.508000] [ DEBUG] mi_otn: [08:00:01.508 ] miio_ot: cooldown_time_ms =5000
[20:25:41:961][    1.515000] [ DEBUG] mi_otn: [08:00:01.515 ] miio_ot: otn.timerconfig[5] event finished!
[20:25:41:961][    1.523000] [ DEBUG] mi_otn: [08:00:01.523 ] miio_ot: otn.prov[3] happened!
[20:25:41:977][    1.530000] [ DEBUG] mi_otn: [08:00:01.530 ] otu: probe disabled.
[20:25:41:977][    1.536000] [ DEBUG] mi_otn: [08:00:01.536 ] miio_ot: otn.prov[3] event finished!
[20:25:41:993][    1.546000] [  WARN] netMonitorTask: [08:00:01.546 ] miio_net_analyse: no offline info this boot
[20:25:41:993][    1.553000] [NOTICE] netMonitorTask: [08:00:01.553 ] miio_net: Wifi station started
[20:25:42:008][    1.560000] [ DEBUG] netMonitorTask: [08:00:01.560 ] miio_net: Connect to specific AP, MAC = 42:ee:97:f0:4c:60
[20:25:42:008]
[20:25:42:008][    1.572000] [  INFO] netMonitorTask: bl616_wifi_sta_freq: set channel: 6, freq: 2437
[20:25:42:024][    1.579000] [  INFO] netMonitorTask: bl616_wifi_sta_connect: connect ssid:Xiaomi_be3600
[20:25:42:024][    1.586000] [  INFO] netMonitorTask: bl616_wifi_sta_connect: connect bssid:42:ee:97:f0:4c:60
[20:25:42:040][    1.594000] [  INFO] netMonitorTask: bl616_wifi_sta_connect: connect channel:6
[20:25:42:056][    1.602000] [  INFO] netMonitorTask: bl616_wifi_sta_connect: PTA 2 -> 4, window 8 interval 160
[20:25:42:056][    1.610000] [ DEBUG] netMonitorTask: start connecting ... 
[20:25:42:056][    1.616000] [  INFO] netMonitorTask: platform_hook_prevent_sleep: event: CONNECT, prevent: 1
[20:25:42:072][    1.627000] [ DEBUG] WPA: Driver RWNX Global init
[20:25:42:072][    1.629000] [ DEBUG] WPA: Driver RWNX init for wl0
[20:25:42:072][    1.636000] [ DEBUG] WPA: l2 filter 0x62fcb638, sock 3, netif 0x62fe2fc8 
[20:25:42:088][    1.642000] [ DEBUG] CONNECT: {FVIF-0} WPA interface added
[20:25:42:088][    1.647000] [ DEBUG] CONNECT: Exec key_mgmt WPA-PSK WPA-PSK-SHA256 SAE
[20:25:42:103][    1.653000] [ DEBUG] CONNECT: Exec pairwise TKIP CCMP GCMP GCMP-256 CCMP-256
[20:25:42:103][    1.660000] [ DEBUG] CONNECT: Exec group TKIP CCMP GCMP GCMP-256 CCMP-256
[20:25:42:103][    1.667000] [ DEBUG] CONNECT: Exec ieee80211w 1
[20:25:42:119][    1.671000] [ DEBUG] CONNECT: Exec scan_ssid 1
[20:25:42:119][    1.675000] [ DEBUG] CONNECT: Exec bssid 42:EE:97:F0:4C:60
[20:25:42:119][    1.681000] [ DEBUG] CONNECT: Exec scan_freq 2437 2437 
[20:25:42:135][    1.686000] [ DEBUG] CONNECT: Exec ssid "Xiaomi_be3600"
[20:25:42:151][    1.692000] [ DEBUG] CONNECT: WPA network 0: created and configured
[20:25:42:151][    1.698000] [  INFO] wifi_driver: platform_hook_prevent_sleep: event: SCAN, prevent: 1
[20:25:42:167][    1.716000] [ DEBUG] WPA: Add bssid 42:EE:97:F0:4C:60
[20:25:42:199][    1.754000] [ DEBUG] WPA: Add bssid 42:EE:97:F0:4C:60
[20:25:42:279][    1.831000] [  INFO] wifi_driver: platform_hook_prevent_sleep: event: SCAN, prevent: 0
[20:25:42:280][    1.837000] [ DEBUG] WPA: A] CTRL-EVENT-BSS-ADDED 0 42:EE:97:F0:4C:60
[20:25:42:296][    1.843000] [ DEBUG] WPA: A] CTRL-EVENT-SCAN-RESULTS 
[20:25:42:296][    1.850000] [ DEBUG] WPA: A] Trying to associate with 42:EE:97:F0:4C:60 (SSID='Xiaomi_be3600' freq=2437 MHz)
[20:25:42:310][    1.859000] [ DEBUG] wifi_fw: === sm_connect_req_handler sm_env.auth_retry_gap = 0
[20:25:42:310][    1.868000] [ DEBUG] wifi_fw: hecap    phy[0]=00,phy[1]=6f,phy[2]=42,phy[3]=c9
[20:25:42:326][    1.874000] [ DEBUG] wifi_fw: hecaploc phy[0]=00,phy[1]=e0,phy[2]=2b,phy[3]=43
[20:25:42:326][    1.881000] [ DEBUG] wifi_fw: rc_init: station_id=0 format_mod=5 pre_type=0 short_gi=1 max_bw=0
[20:25:42:342][    1.889000] [ DEBUG] wifi_fw: rc_init: nss_max=0 mcs_max=9 r_idx_min=0 r_idx_max=3 no_samples=10
[20:25:42:358][    1.899000] [ DEBUG] wifi_fw: [FU]Set timer,state is 5,ongoing++, timeout:512000
[20:25:42:358][    1.906000] [ DEBUG] wifi_fw: [FU]Tx cfm ongoing--, value is 0
[20:25:42:851][    2.412000] [ DEBUG] wifi_fw: sm_rsp_timeout_ind_handler 288 , auth_retry:0
[20:25:42:866][    2.416000] [ DEBUG] wifi_fw: [FU]SEND DEAUTH DA: 42:EE:97:F0:4C:60 SA: C4:93:BB:AD:C7:FF BSSID: 42:EE:97:F0:4C:60 rea_code: 3 sn: 7
[20:25:42:962][    2.528000] [ DEBUG] wifi_fw: === sm_retry_connect_start_ind_handler sm_env.auth_retry_gap = 0, auth_retry:0
[20:25:42:980][    2.535000] [ DEBUG] wifi_fw: [FU]Auth retry
[20:25:42:980][    2.539000] [ DEBUG] wifi_fw: [FU]Set timer,state is 5,ongoing++, timeout:512000
[20:25:42:996][    2.547000] [ DEBUG] wifi_fw: [FL]RECV AUTH,sn:1796
[20:25:43:004][    2.552000] [ DEBUG] wifi_fw: [FU]RECV AUTH,sn:1796
[20:25:43:004][    2.557000] [ DEBUG] wifi_fw: [FU]Rx handler,state:5,fctl:0xb0
[20:25:43:009][    2.562000] [ DEBUG] wifi_fw: [FU]Clear timer in auth handler
[20:25:43:025][    2.568000] [ DEBUG] wifi_fw: [FU]Set timer,state is 8,ongoing++, timeout:1024000
[20:25:43:025][    2.576000] [ DEBUG] wifi_fw: [FU]Tx cfm ongoing--, value is 0
[20:25:43:025][    2.582000] [ DEBUG] wifi_fw: [FL]RECV ASSOCRSP,sn:1798
[20:25:43:025][    2.586000] [ DEBUG] wifi_fw: [FU]RECV ASSOCRSP,sn:1798
[20:25:43:041][    2.592000] [ DEBUG] wifi_fw: [FU]Rx handler,state:8,fctl:0x10
[20:25:43:041][    2.597000] [ DEBUG] wifi_fw: [FU]Clear timer in assoc rsp handler
[20:25:43:041][    2.604000] [ DEBUG] wifi_fw: === sm_connect_ind sm_env.auth_retry_gap = 0
[20:25:43:057][    2.612000] [ DEBUG] WPA: A] Associated with 42:EE:97:F0:4C:60
[20:25:43:073][    2.620000] [ DEBUG] WPA: A] CTRL-EVENT-SUBNET-STATUS-UPDATE status=0
[20:25:43:083][    2.633000] [ DEBUG] WPA: A] WPA: Key negotiation completed with 42:EE:97:F0:4C:60 [PTK=CCMP GTK=CCMP]
[20:25:43:089][    2.640000] [ DEBUG] WPA: A] CTRL-EVENT-CONNECTED - Connection to 42:EE:97:F0:4C:60 completed [id=0 id_str=]
[20:25:43:104][    2.650000] [ DEBUG] WPA: wpa_supplicant_ctrl_iface_msg_cb: cmd send succeded, txt is CTRL-EVENT-CONNECTED - Connection to 42:EE:97:F0:4C:60 completed [id=0 id_str=]
[20:25:43:104][    2.665000] [ DEBUG] WPA: {FVIF-0} enter FHOST_WPA_STATE_CONNECTED
[20:25:43:120][    2.671000] [  INFO] WPA: platform_hook_prevent_sleep: event: CONNECT, prevent: 0
[20:25:43:120][    2.679000] [ DEBUG] wifi_driver: =================================================================
[20:25:43:137][    2.687000] [ DEBUG] wifi_driver: [AT][RX] Connection Status
[20:25:43:137][    2.693000] [ DEBUG] wifi_driver: [AT][RX]   status_code 0
[20:25:43:137][    2.699000] [ DEBUG] wifi_driver: [AT][RX]   reason_code 0
[20:25:43:152][    2.704000] [ DEBUG] wifi_driver: [AT][RX]   status detail: sm connect ind ok
[20:25:43:152][    2.711000] [ DEBUG] wifi_driver: [AT][RX]   MAC 42:EE:97:F0:4C:60
[20:25:43:168][    2.717000] [ DEBUG] wifi_driver: [AT][RX]   vif_idx 1
[20:25:43:168][    2.722000] [ DEBUG] wifi_driver: [AT][RX]   ap_idx 0
[20:25:43:168][    2.727000] [ DEBUG] wifi_driver: [AT][RX]   ch_idx 0
[20:25:43:168][    2.732000] [ DEBUG] wifi_driver: [AT][RX]   qos 1
[20:25:43:184][    2.737000] [ DEBUG] wifi_driver: [AT][RX]   aid 6
[20:25:43:184][    2.742000] [ DEBUG] wifi_driver: [AT][RX]   band 2.4G
[20:25:43:184][    2.747000] [ DEBUG] wifi_driver: [AT][RX]   channel 6
[20:25:43:200][    2.752000] [ DEBUG] wifi_driver: =================================================================
[20:25:43:216][    2.761000] [  INFO] wifi_driver: platform_hook_prevent_sleep: event: CONNECT, prevent: 0
[20:25:43:216][    2.770000] [  INFO] wifi_driver: bl616_wlan_sta_set_linkstatus: INFO: Wi-Fi station link up 0
[20:25:43:231][    2.778000] [  INFO] wifi_driver: bl616_wifi_event_handler: [APP] [EVT] CODE_WIFI_ON_CONNECTED
[20:25:43:231][    2.787000] [  INFO] wifi_driver: platform_hook_prevent_sleep: event: CONNECT, prevent: 0
[20:25:43:231][    2.796000] [ DEBUG] CONNECT: WPA network 0: connected
[20:25:43:247][    2.801000] [  INFO] netMonitorTask: [08:00:02.801 ] miio_net: fixed ap connect ok.
[20:25:43:247][    2.808000] [NOTICE] netMonitorTask: [08:00:02.808 ] miio_net: Wifi station connected
[20:25:43:263][    2.817000] [NOTICE] netMonitorTask: [08:00:02.817 ] miio_net: Wifi station got ip
[20:25:43:263][    2.823000] [  INFO] netMonitorTask: [08:00:02.823 ] arch_net: Current IP Info:
[20:25:43:279][    2.831000] [  INFO] netMonitorTask: [08:00:02.830 ] arch_net: IP[192.168.3.70]
[20:25:43:279][    2.838000] [  INFO] netMonitorTask: [08:00:02.838 ] arch_net: Netmask[255.255.255.0]
[20:25:43:295][    2.846000] [  INFO] netMonitorTask: [08:00:02.845 ] arch_net: Gateway[192.168.3.1]
[20:25:43:295][    2.855000] [ DEBUG] netMonitorTask: [08:00:02.855 ] miio_net: <**************Start PowerAdjustTimer *************>
[20:25:43:311][    2.864000] [ DEBUG] netMonitorTask: [08:00:02.864 ] ot: event emit[id=2,txt=otn.mode,ext_len=1]
[20:25:43:311][    2.875000] [ DEBUG] mi_otn: [08:00:02.875 ] miio_ot: otn.mode[2] happened!
[20:25:43:327][    2.880000] [  INFO] mi_otn: [08:00:02.880 ] miio_net: miio_net_provision_stat_hook called
[20:25:43:327][    2.888000] [ DEBUG] mi_otn: [08:00:02.888 ] ots: set ctrl[type=1, arg_len=68]
[20:25:43:343][    2.895000] [ DEBUG] mi_otn: [08:00:02.895 ] otu: set ctrl[type=1, arg_len=0]
[20:25:43:343][    2.902000] [ DEBUG] mi_otn: [08:00:02.902 ] miio_ot: otn.mode[2] event finished!
[20:25:43:359][    2.910000] [NOTICE] miio_client: [08:00:02.910 ] miio_netlink: wlan0 link up
[20:25:43:359][    2.917000] [ DEBUG] miio_client: [08:00:02.917 ] miio_netlink: 24
[20:25:43:359]
[20:25:43:359][    2.923000] [ DEBUG] miio_client: [08:00:02.923 ] miio_netlink: rth->type: 2
[20:25:43:359]
[20:25:43:375][    2.931000] [ DEBUG] miio_client: [08:00:02.931 ] miio_netlink: wlan0 add address 192.168.3.70
[20:25:43:375]
[20:25:43:391][    2.939000] [ DEBUG] ots_task: [08:00:02.939 ] ots: get ctrl[type=1, arg_len=68]
[20:25:43:391][    2.950000] [ DEBUG] ots_task: [08:00:02.950 ] ots: event emit[id=4,txt=ots.resolve_ok,ext_len=100]
[20:25:43:407][    2.957000] [ DEBUG] ots_task: [08:00:02.956 ] ots: ots is connecting...
[20:25:43:407][    2.963000] [ DEBUG] otu_task: [08:00:02.963 ] otu: get ctrl[type=1, arg_len=0]
[20:25:43:407][    2.970000] [ DEBUG] otu_task: [08:00:02.970 ] otu: otu is opening...
[20:25:43:423][    2.977000] [  INFO] otu_task: [08:00:02.977 ] otu: Opened.
[20:25:43:423][    2.987000] [ DEBUG] otu_task: [08:00:02.982 ] otu: event emit[id=6,txt=otu.open_ok,ext_len=0]
[20:25:43:439][    2.994000] [ DEBUG] mi_otn: [08:00:02.994 ] ots: ots.resolve_ok[4] happened!
[20:25:43:439][    3.001000] [ DEBUG] mi_otn: [08:00:03.001 ] ots: set ctrl[type=2, arg_len=100]
[20:25:43:455][    3.008000] [ DEBUG] mi_otn: [08:00:03.008 ] ots: backlist[0] = 39.101.90.207::443
[20:25:43:455][    3.015000] [ DEBUG] mi_otn: [08:00:03.015 ] ots: backlist[1] = 120.92.65.240::443
[20:25:43:470][    3.023000] [ DEBUG] mi_otn: [08:00:03.023 ] ots: login_timeout=270000
[20:25:43:470][    3.030000] [ DEBUG] mi_otn: [08:00:03.030 ] otu: otu.open_ok[6] happened!
[20:25:43:486][    3.037000] [ DEBUG] ots_task: [08:00:03.037 ] ots: get ctrl[type=2, arg_len=100]
[20:25:43:488][    3.044000] [NOTICE] ots_task: [08:00:03.044 ] ots: ots connect 124.251.34.212::443...
[20:25:43:502][    3.053000] [NOTICE] ots_task: [08:00:03.053 ] tls: opening
[20:25:43:502][    3.060000] [ DEBUG] ots_task: [08:00:03.059 ] tls: Loading the CA root certificate...
[20:25:43:517][    3.067000] [ DEBUG] ots_task: [08:00:03.067 ] tls: Setting up the SSL/TLS structure...
[20:25:43:517][    3.074000] [ DEBUG] ots_task: [08:00:03.074 ] tls: psk identity is DID=821847546.
[20:25:43:533][    3.081000] [ DEBUG] ots_task: [08:00:03.081 ] tls: configs->cert_verify is 0.
[20:25:43:533][    3.090000] [NOTICE] ots_task: [08:00:03.090 ] tls: connect to server Mijia Cloud, domain is 124.251.34.212, port is 443.
[20:25:43:596][    3.137000] [NOTICE] ots_task: [08:00:03.136 ] tls: Socket Connected.
[20:25:43:596][    3.140000] [ DEBUG] ots_task: [08:00:03.140 ] tls: TLS/SSL start handshake...
[20:25:47:408][    6.950000] [NOTICE] ots_task: [08:00:06.950 ] tls: handshake ok! Protocol is TLSv1.2, Ciphersuite is TLS-PSK-WITH-AES-128-GCM-SHA256.
[20:25:47:408][    6.960000] [NOTICE] ots_task: [08:00:06.960 ] ots: Connected.
[20:25:47:408][    6.966000] [  INFO] ots_task: [08:00:06.966 ] miio_net: miio_net_provision_stat_hook called
[20:25:47:423][    6.974000] [ DEBUG] ots_task: [08:00:06.974 ] ots: event emit[id=6,txt=ots.connect_ok,ext_len=72]
[20:25:47:423][    6.983000] [ DEBUG] mi_otn: [08:00:06.983 ] ots: ots.connect_ok[6] happened!
[20:25:47:440][    6.993000] [NOTICE] mi_otn: [08:00:06.993 ] ots: -->sync sent.
[20:25:47:471][    7.025000] [ DEBUG] ots_task: [08:00:07.025 ] ots: recvd 24Bytes
[20:25:47:488][    7.029000] [NOTICE] ots_task: [08:00:07.029 ] ots: <--sync ack.
[20:25:47:488][    7.035000] [ DEBUG] ots_task: [08:00:07.034 ] ots: sync costtime = 38
[20:25:47:535][    7.098000] [ DEBUG] mi_otn: [20:25:47.098 ] ots: login req = 0exiaomi.dev.bl3
[20:25:47:551][    7.106000] [NOTICE] mi_otn: [20:25:47.105 ] ots: -->login sent.
[20:25:47:567][    7.109000] [  INFO] mi_otn: [20:25:47.109 ] miio_net: miio_net_provision_stat_hook called
[20:25:47:583][    7.136000] [ DEBUG] ots_task: [20:25:47.136 ] ots: recvd 9Bytes
[20:25:47:591][    7.140000] [NOTICE] ots_task: [20:25:47.140 ] ots: <--login ack, code=0.
[20:25:47:599][    7.146000] [ DEBUG] ots_task: [20:25:47.146 ] ots: event emit[id=9,txt=ots.online,ext_len=0]
[20:25:47:599][    7.155000] [ DEBUG] ots_task: [20:25:47.155 ] ots: login elpased 46ms
[20:25:47:617][    7.162000] [ DEBUG] mi_otn: [20:25:47.162 ] ots: ots.online[9] happened!
[20:25:47:627][    7.168000] [ DEBUG] mi_otn: [20:25:47.168 ] ots: kplv_timeout=270000, kplv_interval=91000
[20:25:47:627][    7.176000] [ DEBUG] mi_otn: [20:25:47.176 ] miio_ot: ots.online[9] happened!
[20:25:47:630][    7.184000] [NOTICE] mi_otn: [20:25:47.184 ] miio_ot: info(ots) will start in 0 ms...
[20:25:47:630][    7.192000] [  INFO] mi_otn: [20:25:47.192 ] miio_instance: miio_online_hook_default called
[20:25:47:646][    7.202000] [ DEBUG] mi_otn: [20:25:47.202 ] miio_net: miio_net_online_hook called
[20:25:47:646][    7.211000] [ DEBUG] mi_otn: [20:25:47.211 ] miio_net: mible_mesh_common_bt not exist..
[20:25:47:669][    7.221000] [ DEBUG] mi_otn: [20:25:47.221 ] miio_net: Connected AP RSSI: [-22], Record RSSI:[-23]
[20:25:47:679][    7.230000] [ DEBUG] mi_otn: [20:25:47.230 ] miio_net: no need update fixed_ip
[20:25:47:679][    7.234000] [  INFO] mi_otn: [20:25:47.234 ] miio_net: reporting last stored reboot reason.
[20:25:47:694][    7.247000] [  INFO] mi_otn: [20:25:47.247 ] miio_net_analyse: miio_online_stats_gather 
[20:25:47:694][    7.253000] [  INFO] mi_otn: [20:25:47.253 ] miio_net_analyse: prepare online event information ip=192.168.3.70, gw=192.168.3.1, netmask=255.255.255.0, rssi=-22
[20:25:47:726][    7.267000] [ DEBUG] mi_otn: [20:25:47.267 ] miio_net: miio_recovery_report called
[20:25:47:726][    7.285000] [  INFO] mi_otn: [20:25:47.284 ] miio_pm: pm_config: 1
[20:25:47:742][    7.288000] [ DEBUG] mi_otn: [20:25:47.288 ] miio_net: mible_mesh_common_bt already exit..
[20:25:47:742][    7.296000] [  INFO] mi_otn: [20:25:47.296 ] miio_net: miio monitor switch to low power!
[20:25:47:742][    7.306000] [  INFO] mi_otn: [20:25:47.306 ] arch_wifi: set powersave on ok!
[20:25:47:758][    7.312000] [  INFO] mi_otn: [20:25:47.311 ] arch_pm: pm_mode switch to 0 succeed!
[20:25:47:758][    7.319000] [  INFO] mi_otn: [20:25:47.319 ] miio_pm: lock_status: 0, unlock[0]
[20:25:47:774][    7.326000] [  INFO] mi_otn: [20:25:47.326 ] miio_info: 1 props left, 1 events left.
[20:25:47:774][    7.334000] [  INFO] mi_otn: [20:25:47.334 ] miio_info: some props/events has not been sent, the switch will be excuted later..
[20:25:47:790][    7.346000] [  INFO] mi_otn: [20:25:47.346 ] miio_pm: pm_lock[1]: already unlocked
[20:25:47:807][    7.353000] [  INFO] mi_otn: [20:25:47.353 ] miio_pm: lock_status: 0, unlock[1]
[20:25:47:807][    7.360000] [  INFO] mi_otn: [20:25:47.360 ] miio_pm_uart: Command Recv Timeout: 1800000
[20:25:47:807][    7.368000] [  INFO] mi_otn: [20:25:47.368 ] miio_pm_instance: enable uart sleep.
[20:25:47:823][    7.376000] [  WARN] mi_otn: [20:25:47.376 ] miio_client_func: Got online msg.
[20:25:47:823][    7.383000] [ DEBUG] mi_otn: [20:25:47.383 ] miio_client_func: method_local_broadcast_msg(), {"method": "local.status", "params": "cloud_connected"}
[20:25:47:839][    7.396000] [ DEBUG] mi_otn: [20:25:47.396 ] miio_ot: online_cnt = 1, offline_cnt = 0, switch_cnt = 0
[20:25:47:855][    7.408000] [  INFO] mi_otn: [20:25:47.408 ] miio_instance: miio_info_kvs_hook_default called
[20:25:47:855][    7.418000] [ DEBUG] mi_otn: [20:25:47.418 ] miio_net: miio_net_info_kvs_hook called
[20:25:47:871][    7.425000] [NOTICE] mi_otn: [20:25:47.425 ] miio_ot: up _otc.info:{"id":108593155,"method":"_otc.info","params":{"life":7,"model":"xiaomi.dev.bl3","token":"69aa************************aee4","ipflag":1,"fw_ver":"1.0.3","miio_ver":"0.1.0","hw_ver":"BL616-BL3","chip_ver":1,"mmfree":110520,"mac":"C4:93:BB:AD:C7:FF","wifi_fw_ver":"WifiVer.N\/A","ap":{"ssid":"Xiaomi_be3600","bssid":"42:EE:97:F0:4C:60","rssi":-22,"primary":6},"netif":{"localIp":"192.168.3.70","mask":"255.255.255.0","gw":"192.168.3.1"},"uid":1205295674}}
[20:25:47:903][    7.468000] [  INFO] mi_otn: [20:25:47.468 ] miio_ot: -->info(ots).
[20:25:47:920][    7.475000] [ DEBUG] mi_otn: [20:25:47.475 ] ots: ots_up_rpc_delegate_out_cb:{"id":962723841,"method":"_async.stat","params":{"reboot_reason":{"sw_reset_reason":"unknow_reason","reboot_timediff":0,"hw_reset_reason":"sys_power_on"}}}
[20:25:47:936][    7.499000] [ DEBUG] mi_otn: [20:25:47.499 ] ots: ots_up_rpc_delegate_out_cb:{"id":382468098,"method":"_sync.get_upgrade_url","params":{"user_trigger":0}}
[20:25:47:952][    7.513000] [ DEBUG] mi_otn: [20:25:47.513 ] ots: ots_up_rpc_delegate_out_cb:{"id":108593155,"method":"_otc.info","params":{"life":7,"model":"xiaomi.dev.bl3","token":"69aa************************aee4","ipflag":1,"fw_ver":"1.0.3","miio_ver":"0.1.0","hw_ver":"BL616-BL3","chip_ver":1,"mmfree":110520,"mac":"C4:93:BB:AD:C7:FF","wifi_fw_ver":"WifiVer.N\/A","ap":{"ssid":"Xiaomi_be3600","bssid":"42:EE:97:F0:4C:60","rssi":-22,"primary":6},"netif":{"localIp":"192.168.3.70","mask":"255.255.255.0","gw":"192.168.3.1"},"uid":1205295674}}
[20:25:48:002][    7.560000] [  INFO] netMonitorTask: [20:25:47.560 ] miio_net: task_monitor enter powersave!
[20:25:48:257][    7.568000] [  WARN] Idle Task: bl616_pmtickless: --->>> [10]:On, [H]:233, [0:
[    7.820000] [  WARN] Idle Task: bl616_pmtickless: <<<--- [R]:RTC, [R]:242, [W]:0, [L]:0
[20:25:48:273][    7.829000] [ DEBUG] wifi_fw: [RC] request fixed rate ffff
[20:25:48:273][    7.832000] [  INFO] lpwork: bl616_coex_restore_work: Restore PTA 4 -> 2
[20:25:48:291][    7.841000] [  WARN] Idle Task: bl616_pmtickless: --->>> [10]:On, [H]:352, [15:mi_otn]
[20:25:48:659][    8.213000] [  WARN] Idle Task: bl616_pmtickless: <<<--- [R]:RTC, [R]:361, [W]:0, [L]:0
[20:25:48:669][    8.222000] [  INFO] mi_otn: [20:25:48.221 ] miio_ot: -->pull ip list sent.
[20:25:48:676][    8.226000] [ DEBUG] mi_otn: [20:25:48.226 ] ots: ots_up_rpc_delegate_out_cb:{"id":1731526660,"method":"_otc.pull_ip_list","params":{}}
[20:25:48:691][    8.247000] [  WARN] Idle Task: bl616_pmtickless: --->>> [10]:On, [H]:751, [1174644928:]
[20:25:48:966][    8.518000] [  WARN] Idle Task: bl616_pmtickless: <<<--- [R]:WIFI, [R]:260, [W]:1, [L]:0
[20:25:48:997][    8.545000] [  WARN] Idle Task: bl616_pmtickless: --->>> [10]:On, [H]:1494, [1174644928:]
[20:25:50:503][   10.059000] [  WARN] Idle Task: bl616_pmtickless: <<<--- [R]:RTC, [R]:1503, [W]:2, [L]:0
[20:25:50:519][   10.074000] [  WARN] Idle Task: bl616_pmtickless: --->>> [10]:On, [H]:924, [15:mi_otn]
[20:25:51:017][   10.574000] [  WARN] Idle Task: bl616_pmtickless: <<<--- [R]:WIFI, [R]:490, [W]:3, [L]:0
[20:25:51:033][   10.593000] [ DEBUG] ots_task: [20:25:50.593 ] ots: recvd 39Bytes
[20:25:51:033][   10.597000] [ DEBUG] ots_task: [20:25:50.597 ] ots: req or ack recvd.
[20:25:51:033][   10.604000] [ DEBUG] ots_task: [20:25:50.604 ] ots: {"id":962723841,"result":"ok"}.
[20:25:51:049][   10.611000] [ DEBUG] ots_task: [20:25:50.611 ] ots: send_cnt = 4[4], ack_cnt = 1[1,0], costtime = 3136[3136,3136]
[20:25:51:065][   10.621000] [ DEBUG] ots_task: [20:25:50.621 ] ots: event emit[id=11,txt=ots.keeplive,ext_len=0]
[20:25:51:065][   10.632000] [ DEBUG] ots_task: [20:25:50.631 ] ots: recvd 39Bytes
[20:25:51:065][   10.636000] [ DEBUG] ots_task: [20:25:50.636 ] ots: req or ack recvd.
[20:25:51:081][   10.643000] [ DEBUG] ots_task: [20:25:50.643 ] ots: {"id":108593155,"result":"ok"}.
[20:25:51:081][   10.650000] [ DEBUG] ots_task: [20:25:50.650 ] ots: send_cnt = 4[4], ack_cnt = 2[2,0], costtime = 6273[3136,3136]
[20:25:51:097][   10.661000] [ DEBUG] ots_task: [20:25:50.660 ] ots: event emit[id=11,txt=ots.keeplive,ext_len=0]
[20:25:51:097][   10.671000] [ DEBUG] ots_task: [20:25:50.670 ] ots: recvd 343Bytes
[20:25:51:113][   10.676000] [ DEBUG] ots_task: [20:25:50.675 ] ots: req or ack recvd.
[20:25:51:113][   10.682000] [ DEBUG] ots_task: [20:25:50.682 ] ots: {"id":1731526660,"result":{"svr_list":[{"ip":"120.92.65.240","port":443},{"ip":"124.251.100.18","port":443},{"ip":"39.101.90.207","port":443}],"svr_probe_list":[{"ip":"36.156.49.91","port":80},{"ip":"183.84.7.207","port":8053},{"ip":"120.92.65.237","port":8053},{"ip":"111.202.1.238","port":8053}],"interval":1800, "firstprobe":1032}}.
[20:25:51:162][   10.716000] [ DEBUG] ots_task: [20:25:50.716 ] ots: send_cnt = 4[4], ack_cnt = 3[3,0], costtime = 8763[3071,3065]
[20:25:51:162][   10.726000] [ DEBUG] ots_task: [20:25:50.726 ] ots: event emit[id=11,txt=ots.keeplive,ext_len=0]
[20:25:51:162][   10.736000] [ DEBUG] ots_task: [20:25:50.736 ] ots: recvd 53Bytes
[20:25:51:178][   10.741000] [ DEBUG] ots_task: [20:25:50.741 ] ots: req or ack recvd.
[20:25:51:178][   10.748000] [ DEBUG] ots_task: [20:25:50.747 ] ots: {"id":382468098,"result":{"upgrade_sign":0}}.
[20:25:51:194][   10.756000] [ DEBUG] ots_task: [20:25:50.756 ] ots: send_cnt = 4[4], ack_cnt = 4[4,0], costtime = 12020[3089,3090]
[20:25:51:210][   10.767000] [ DEBUG] ots_task: [20:25:50.766 ] ots: event emit[id=11,txt=ots.keeplive,ext_len=0]
[20:25:51:210][   10.776000] [ DEBUG] mi_otn: [20:25:50.776 ] ots: ots.keeplive[11] happened!
[20:25:51:226][   10.783000] [ DEBUG] mi_otn: [20:25:50.783 ] ots: ots.keeplive[11] happened!
[20:25:51:226][   10.790000] [  INFO] mi_otn: [20:25:50.789 ] miio_ot: <--info ack(ots).
[20:25:51:226][   10.797000] [ DEBUG] mi_otn: [20:25:50.797 ] miio_net: miio_net_statistics_kvs_hook called
[20:25:51:242][   10.805000] [ DEBUG] mi_otn: [20:25:50.805 ] ots: ots_up_rpc_delegate_out_cb:{"id":465240069,"method":"_sync.set_extra_data","params":{"data":{"pubsub_tri":"disable","multi_certs":"true","support_hostip":"true"}}}
[20:25:51:258][   10.827000] [ DEBUG] mi_otn: [20:25:50.827 ] ots: ots_up_rpc_delegate_out_cb:{"id":1620049926,"method":"_otc.ncinfo","params":{"miio_ver":"0.1.0","miio_times":[0,0,0,0],"ap":{"ssid":"Xiaomi_be3600","connect_count":1},"ot_stat":[1,0,0],"ots_stat":[1,0,0,3930,3089,3090,4,4,0,0,0,0,0]}}
[20:25:51:291][   10.853000] [ DEBUG] mi_otn: [20:25:50.853 ] ots: ots_up_rpc_delegate_out_cb:{"id":132644871,"method":"_otc.ncstat","params":{"timestamp":1775219147,"proto":2,"otip":"124.251.34.212","otport":443,"sendcnt":4,"ackcnt":4,"ackcnt_timeout":0,"costtime":12020,"rpc":0,"rpcack":0,"rpcack_costtime":0,"dns":0,"keeplive_interval":91,"rpc_local":0,"rpcack_local":0}}
[20:25:51:323][   10.885000] [ DEBUG] mi_otn: [20:25:50.885 ] ots: ots.keeplive[11] happened!
[20:25:51:323][   10.890000] [ DEBUG] mi_otn: [20:25:50.890 ] miio_ot: otc_list[0] = 120.92.65.240::443
[20:25:51:339][   10.898000] [ DEBUG] mi_otn: [20:25:50.898 ] miio_ot: otc_list[1] = 124.251.100.18::443
[20:25:51:339][   10.906000] [ DEBUG] mi_otn: [20:25:50.906 ] miio_ot: otc_list[2] = 39.101.90.207::443
[20:25:51:355][   10.914000] [ DEBUG] mi_otn: [20:25:50.914 ] ots: backlist[0] = 120.92.65.240::443
[20:25:51:355][   10.921000] [ DEBUG] mi_otn: [20:25:50.921 ] ots: backlist[1] = 124.251.100.18::443
[20:25:51:371][   10.929000] [ DEBUG] mi_otn: [20:25:50.929 ] ots: backlist[2] = 39.101.90.207::443
[20:25:51:371][   10.936000] [ DEBUG] mi_otn: [20:25:50.936 ] miio_ot: otc_test ip[0] = 36.156.49.91::80
[20:25:51:387][   10.944000] [ DEBUG] mi_otn: [20:25:50.944 ] miio_ot: otc_test otn->otc_test.ip_port_num=[0], max = [4]
[20:25:51:387][   10.954000] [ DEBUG] mi_otn: [20:25:50.954 ] miio_ot: otc_test ip[1] = 183.84.7.207::8053
[20:25:51:403][   10.962000] [ DEBUG] mi_otn: [20:25:50.962 ] miio_ot: otc_test otn->otc_test.ip_port_num=[1], max = [4]
[20:25:51:403][   10.971000] [ DEBUG] mi_otn: [20:25:50.971 ] miio_ot: otc_test ip[2] = 120.92.65.237::8053
[20:25:51:419][   10.981000] [ DEBUG] mi_otn: [20:25:50.981 ] miio_ot: otc_test otn->otc_test.ip_port_num=[2], max = [4]
[20:25:51:419][   10.989000] [ DEBUG] mi_otn: [20:25:50.989 ] miio_ot: otc_test ip[3] = 111.202.1.238::8053
[20:25:51:435][   10.997000] [ DEBUG] mi_otn: [20:25:50.997 ] miio_ot: otc_test otn->otc_test.ip_port_num=[3], max = [4]
[20:25:51:451][   11.007000] [ DEBUG] mi_otn: [20:25:51.007 ] miio_ot: otc_test interval=1800000ms, firsttime=1032000ms
[20:25:51:451][   11.019000] [NOTICE] mi_otn: [20:25:51.018 ] ots: -->sync sent.
[20:25:51:451][   11.022000] [ DEBUG] mi_otn: [20:25:51.022 ] ots: ots.keeplive[11] happened!
[20:25:51:467][   11.029000] [  INFO] mi_otn: [20:25:51.029 ] miio_instance: <--query upgrade ack.
[20:25:51:467][   11.037000] [ DEBUG] mi_otn: [20:25:51.037 ] miio_instance: new version not found!
[20:25:51:483][   11.047000] [ DEBUG] ots_task: [20:25:51.047 ] ots: recvd 39Bytes
[20:25:51:483][   11.051000] [ DEBUG] ots_task: [20:25:51.051 ] ots: req or ack recvd.
[20:25:51:500][   11.057000] [ DEBUG] ots_task: [20:25:51.057 ] ots: {"id":465240069,"result":"ok"}.
[20:25:51:500][   11.065000] [ DEBUG] ots_task: [20:25:51.065 ] ots: send_cnt = 3[7], ack_cnt = 1[5,0], costtime = 260[2806,2780]
[20:25:51:532][   11.075000] [ DEBUG] ots_task: [20:25:51.075 ] ots: event emit[id=11,txt=ots.keeplive,ext_len=0]
[20:25:51:532][   11.084000] [ DEBUG] mi_otn: [20:25:51.084 ] ots: ots.keeplive[11] happened!
[20:25:51:548][   11.100000] [  WARN] Idle Task: bl616_pmtickless: --->>> [10]:On, [H]:611, [20:mi_mcmd]
[20:25:52:169][   11.731000] [  WARN] Idle Task: bl616_pmtickless: <<<--- [R]:RTC, [R]:620, [W]:3, [L]:0
[20:25:52:185][   11.744000] [  WARN] Idle Task: bl616_pmtickless: --->>> [10]:On, [H]:448, [15:mi_otn]
[20:25:52:553][   12.109000] [  WARN] Idle Task: bl616_pmtickless: <<<--- [R]:WIFI, [R]:355, [W]:4, [L]:0
[20:25:52:569][   12.133000] [ DEBUG] ots_task: [20:25:52.133 ] ots: recvd 24Bytes
[20:25:52:569][   12.137000] [NOTICE] ots_task: [20:25:52.137 ] ots: <--sync ack.
[20:25:52:569][   12.143000] [ DEBUG] ots_task: [20:25:52.143 ] ots: sync costtime = 1121
[20:25:52:585][   12.151000] [ DEBUG] ots_task: [20:25:51.151 ] ots: recvd 40Bytes
[20:25:52:585][   12.156000] [ DEBUG] ots_task: [20:25:51.156 ] ots: req or ack recvd.
[20:25:52:601][   12.162000] [ DEBUG] ots_task: [20:25:51.162 ] ots: {"id":1620049926,"result":"ok"}.
[20:25:52:601][   12.170000] [ DEBUG] ots_task: [20:25:51.170 ] ots: send_cnt = 3[7], ack_cnt = 2[6,0], costtime = 1603[2659,2645]
[20:25:52:617][   12.180000] [ DEBUG] ots_task: [20:25:51.180 ] ots: event emit[id=11,txt=ots.keeplive,ext_len=0]
[20:25:52:635][   12.190000] [ DEBUG] ots_task: [20:25:51.190 ] ots: recvd 39Bytes
[20:25:52:635][   12.195000] [ DEBUG] ots_task: [20:25:51.195 ] ots: req or ack recvd.
[20:25:52:635][   12.201000] [ DEBUG] ots_task: [20:25:51.201 ] ots: {"id":132644871,"result":"ok"}.
[20:25:52:649][   12.210000] [ DEBUG] ots_task: [20:25:51.210 ] ots: send_cnt = 3[7], ack_cnt = 3[7,0], costtime = 2960[2528,2516]
[20:25:52:649][   12.219000] [ DEBUG] ots_task: [20:25:51.219 ] ots: event emit[id=11,txt=ots.keeplive,ext_len=0]
[20:25:52:665][   12.228000] [ DEBUG] mi_otn: [20:25:51.228 ] ots: ots.keeplive[11] happened!
[20:25:52:669][   12.236000] [ DEBUG] mi_otn: [20:25:51.236 ] ots: ots_up_rpc_delegate_out_cb:{"id":1331494920,"method":"props","params":{"lowpower_mode":"on","auto_ota_ability":1}}
[20:25:52:681][   12.253000] [ DEBUG] mi_otn: [20:25:51.253 ] ots: ots_up_rpc_delegate_out_cb:{"id":157351945,"method":"event.miio_mode","params":[2],"retry":0,"timestamp":2,"tick":2864}
[20:25:52:697][   12.269000] [ DEBUG] mi_otn: [20:25:51.269 ] ots: ots.keeplive[11] happened!
[20:25:52:712][   12.276000] [  WARN] Idle Task: bl616_pmtickless: --->>> [10]:On, [H]:580, [945:]
[20:25:53:307][   12.875000] [  WARN] Idle Task: bl616_pmtickless: <<<--- [R]:RTC, [R]:589, [W]:4, [L]:0
[20:25:53:315][   12.886000] [  INFO] lpwork: [20:25:51.885 ] miio_pm: pm_config: 1
[20:25:53:323][   12.889000] [ DEBUG] lpwork: [20:25:51.889 ] miio_net: mible_mesh_common_bt already exit..
[20:25:53:323][   12.897000] [  INFO] lpwork: [20:25:51.897 ] miio_net: miio monitor switch to low power!
[20:25:53:339][   12.906000] [  INFO] lpwork: [20:25:51.905 ] miio_pm: pm_lock[0]: already unlocked
[20:25:53:339][   12.913000] [  INFO] lpwork: [20:25:51.913 ] miio_pm: lock_status: 0, unlock[0]
[20:25:53:356][   12.920000] [  INFO] lpwork: [20:25:51.920 ] miio_info: 4 props left, 1 events left.
[20:25:53:356][   12.928000] [  INFO] lpwork: [20:25:51.928 ] miio_info: some props/events has not been sent, the switch will be excuted later..
[20:25:53:372][   12.941000] [  INFO] netMonitorTask: [20:25:51.940 ] miio_net: task_monitor enter powersave!
[20:25:53:388][   12.950000] [  INFO] netMonitorTask: [20:25:51.950 ] miio_monitor: work time = 12s, memory left = 112096
[20:25:53:388][   12.960000] [ DEBUG] ots_task: [20:25:51.959 ] ots: recvd 40Bytes
[20:25:53:388][   12.964000] [ DEBUG] ots_task: [20:25:51.964 ] ots: req or ack recvd.
[20:25:53:404][   12.971000] [ DEBUG] ots_task: [20:25:51.971 ] ots: {"id":1331494920,"result":"ok"}.
[20:25:53:404][   12.978000] [ DEBUG] ots_task: [20:25:51.978 ] ots: send_cnt = 5[9], ack_cnt = 4[8,0], costtime = 3702[2349,2332]
[20:25:53:420][   12.989000] [ DEBUG] ots_task: [20:25:51.988 ] ots: event emit[id=11,txt=ots.keeplive,ext_len=0]
[20:25:53:420][   12.998000] [ DEBUG] ots_task: [20:25:51.998 ] ots: recvd 39Bytes
[20:25:53:444][   13.003000] [ DEBUG] ots_task: [20:25:52.003 ] ots: req or ack recvd.
[20:25:53:444][   13.010000] [ DEBUG] ots_task: [20:25:52.010 ] ots: {"id":157351945,"result":"ok"}.
[20:25:53:452][   13.017000] [ DEBUG] ots_task: [20:25:52.017 ] ots: send_cnt = 5[9], ack_cnt = 5[9,0], costtime = 4466[2190,2175]
[20:25:53:452][   13.028000] [ DEBUG] ots_task: [20:25:52.028 ] ots: event emit[id=11,txt=ots.keeplive,ext_len=0]
[20:25:53:469][   13.037000] [ DEBUG] mi_otn: [20:25:52.037 ] ots: ots.keeplive[11] happened!
[20:25:53:469][   13.044000] [  INFO] mi_otn: [20:25:52.044 ] miio_info: 2 props left, 1 events left.
[20:25:53:484][   13.051000] [  INFO] mi_otn: [20:25:52.051 ] miio_info: some props/events has not been sent, the switch will be excuted later..
[20:25:53:484][   13.063000] [ DEBUG] mi_otn: [20:25:52.063 ] ots: ots.keeplive[11] happened!
[20:25:53:500][   13.070000] [ DEBUG] mi_otn: [20:25:52.070 ] miio_info: event.miio_mode sent
[20:25:53:516][   13.077000] [  INFO] mi_otn: [20:25:52.077 ] miio_info: 2 props left, 0 events left.
[20:25:53:516][   13.084000] [  INFO] mi_otn: [20:25:52.084 ] miio_info: some props/events has not been sent, the switch will be excuted later..
[20:25:53:532][   13.098000] [  WARN] Idle Task: bl616_pmtickless: --->>> [10]:On, [H]:4139, [15:mi_otn]
[20:25:57:691][   17.257000] [  WARN] Idle Task: bl616_pmtickless: <<<--- [R]:RTC, [R]:4148, [W]:8, [L]:0
[20:25:57:691][   17.267000] [ DEBUG] mi_otn: [20:25:56.267 ] ots: ots_up_rpc_delegate_out_cb:{"id":2008940554,"method":"props","params":{"ota_progress":101,"ota_state":"idle"}}
[20:25:57:724][   17.284000] [  WARN] Idle Task: bl616_pmtickless: --->>> [10]:On, [H]:1997, [1174644928:]
[20:25:58:601][   18.158000] [  WARN] Idle Task: bl616_pmtickless: <<<--- [R]:WIFI, [R]:863, [W]:9, [L]:0
[20:25:58:601][   18.174000] [ DEBUG] ots_task: [20:25:57.174 ] ots: recvd 40Bytes
[20:25:58:601][   18.177000] [ DEBUG] ots_task: [20:25:57.177 ] ots: req or ack recvd.
[20:25:58:617][   18.184000] [ DEBUG] ots_task: [20:25:57.184 ] ots: {"id":2008940554,"result":"ok"}.
[20:25:58:617][   18.191000] [ DEBUG] ots_task: [20:25:57.191 ] ots: send_cnt = 6[10], ack_cnt = 6[10,0], costtime = 5391[2063,2051]
[20:25:58:632][   18.202000] [ DEBUG] ots_task: [20:25:57.202 ] ots: event emit[id=11,txt=ots.keeplive,ext_len=0]
[20:25:58:632][   18.211000] [ DEBUG] mi_otn: [20:25:57.211 ] ots: ots.keeplive[11] happened!
[20:25:58:649][   18.218000] [  INFO] mi_otn: [20:25:57.218 ] miio_info: 0 props left, 0 events left.
[20:25:58:649][   18.225000] [ DEBUG] mi_otn: [20:25:57.225 ] ot: event emit[id=5,txt=otn.timerconfig,ext_len=4]
[20:25:58:665][   18.234000] [ DEBUG] mi_otn: [20:25:57.234 ] miio_ot: otn.timerconfig[5] happened!
[20:25:58:669][   18.242000] [ DEBUG] mi_otn: [20:25:57.242 ] miio_ot: cooldown_time_ms =1800000
[20:25:58:696][   18.249000] [ DEBUG] mi_otn: [20:25:57.249 ] miio_ot: otn.timerconfig[5] event finished!
[20:25:58:696][   18.259000] [  WARN] Idle Task: bl616_pmtickless: --->>> [10]:On, [H]:49148, [15:mi_otn]
[20:26:09:239][   28.810000] [  WARN] Idle Task: bl616_pmtickless: <<<--- [R]:WIFI, [R]:10540, [W]:20, [L]:2
[20:26:09:271][   28.840000] [  WARN] Idle Task: bl616_pmtickless: --->>> [10]:On, [H]:38567, [15:mi_otn]
[20:26:47:844][   67.427000] [  WARN] Idle Task: bl616_pmtickless: <<<--- [R]:RTC, [R]:38576, [W]:60, [L]:10
[20:26:47:844][   67.440000] [ DEBUG] mi_otn: [20:26:46.440 ] miio_ot: st[1775241363], dura[1800]
[20:26:47:876][   67.447000] [  WARN] Idle Task: bl616_pmtickless: --->>> [10]:On, [H]:41782, [15:mi_otn]
[20:26:50:618][   70.190000] [  WARN] Idle Task: bl616_pmtickless: <<<--- [R]:WIFI, [R]:2732, [W]:63, [L]:11
[20:26:50:651][   70.235000] [  WARN] Idle Task: bl616_pmtickless: --->>> [10]:On, [H]:38994, [15:mi_otn]
[20:27:29:650][  109.249000] [  WARN] Idle Task: bl616_pmtickless: <<<--- [R]:RTC, [R]:39003, [W]:101, [L]:15
[20:27:29:669][  109.262000] [  INFO] mi_otn: [20:27:28.261 ] ots: -->kplv sent.
[20:27:29:682][  109.268000] [  WARN] Idle Task: bl616_pmtickless: --->>> [10]:On, [H]:1493, [1174644928:]
[20:27:29:730][  109.315000] [  WARN] Idle Task: bl616_pmtickless: <<<--- [R]:WIFI, [R]:37, [W]:102, [L]:15
[20:27:29:740][  109.331000] [ DEBUG] ots_task: [20:27:28.331 ] ots: recvd 8Bytes
[20:27:29:745][  109.334000] [  INFO] ots_task: [20:27:28.334 ] ots: <--kplv ack.
[20:27:29:755][  109.340000] [ DEBUG] ots_task: [20:27:28.340 ] ots: event emit[id=11,txt=ots.keeplive,ext_len=0]
[20:27:29:755][  109.349000] [ DEBUG] ots_task: [20:27:28.349 ] ots: keeplive costtime = 84
[20:27:29:770][  109.356000] [ DEBUG] mi_otn: [20:27:28.356 ] ots: ots.keeplive[11] happened!
[20:27:29:777][  109.365000] [  WARN] Idle Task: bl616_pmtickless: --->>> [10]:On, [H]:90999, [15:mi_otn]
[20:27:54:302][  133.896000] [  WARN] Idle Task: bl616_pmtickless: <<<--- [R]:WIFI, [R]:24520, [W]:126, [L]:15
[20:27:54:350][  133.935000] [  WARN] Idle Task: bl616_pmtickless: --->>> [10]:On, [H]:66429, [15:mi_otn]
[20:27:55:329][  134.922000] [  WARN] Idle Task: bl616_pmtickless: <<<--- [R]:WIFI, [R]:977, [W]:127, [L]:15
[20:27:55:361][  134.954000] [  WARN] Idle Task: bl616_pmtickless: --->>> [10]:On, [H]:65410, [15:mi_otn]
[20:28:04:142][  143.732000] [  WARN] Idle Task: bl616_pmtickless: <<<--- [R]:WIFI, [R]:8767, [W]:136, [L]:17
[20:28:04:158][  143.759000] [  WARN] Idle Task: bl616_pmtickless: --->>> [10]:On, [H]:56605, [15:mi_otn]
[20:28:16:419][  156.022000] [  WARN] Idle Task: bl616_pmtickless: <<<--- [R]:WIFI, [R]:12252, [W]:149, [L]:21
[20:28:16:467][  156.058000] [  WARN] Idle Task: bl616_pmtickless: --->>> [10]:On, [H]:44306, [15:mi_otn]
[20:28:50:419][  190.026000] [  WARN] Idle Task: bl616_pmtickless: <<<--- [R]:WIFI, [R]:33957, [W]:183, [L]:24
[20:28:50:463][  190.059000] [  WARN] Idle Task: bl616_pmtickless: --->>> [10]:On, [H]:10305, [15:mi_otn]
[20:29:00:761][  200.384000] [  WARN] Idle Task: bl616_pmtickless: <<<--- [R]:RTC, [R]:10314, [W]:193, [L]:25
[20:29:00:793][  200.397000] [  INFO] mi_otn: [20:28:59.396 ] ots: -->kplv sent.
[20:29:00:793][  200.402000] [  WARN] Idle Task: bl616_pmtickless: --->>> [10]:On, [H]:1493, [1174644928:]
[20:29:01:473][  201.091000] [  WARN] Idle Task: bl616_pmtickless: <<<--- [R]:WIFI, [R]:678, [W]:194, [L]:25
[20:29:01:489][  201.119000] [ DEBUG] ots_task: [20:29:00.119 ] ots: recvd 8Bytes
[20:29:01:505][  201.122000] [  INFO] ots_task: [20:29:00.122 ] ots: <--kplv ack.
[20:29:01:505][  201.128000] [ DEBUG] ots_task: [20:29:00.128 ] ots: event emit[id=11,txt=ots.keeplive,ext_len=0]
[20:29:01:521][  201.137000] [ DEBUG] ots_task: [20:29:00.137 ] ots: keeplive costtime = 737
[20:29:01:521][  201.144000] [ DEBUG] mi_otn: [20:29:00.144 ] ots: ots.keeplive[11] happened!
[20:29:01:537][  201.153000] [  WARN] Idle Task: bl616_pmtickless: --->>> [10]:On, [H]:90999, [15:mi_otn]
[20:29:33:024][  232.637000] [  WARN] Idle Task: bl616_pmtickless: <<<--- [R]:WIFI, [R]:31473, [W]:226, [L]:30
[20:29:33:056][  232.669000] [  WARN] Idle Task: bl616_pmtickless: --->>> [10]:On, [H]:59484, [15:mi_otn]
[20:30:08:041][  267.664000] [  WARN] Idle Task: bl616_pmtickless: <<<--- [R]:WIFI, [R]:34984, [W]:261, [L]:34
[20:30:08:081][  267.695000] [  WARN] Idle Task: bl616_pmtickless: --->>> [10]:On, [H]:24457, [15:mi_otn]
[20:30:11:931][  271.557000] [  WARN] Idle Task: bl616_pmtickless: <<<--- [R]:WIFI, [R]:3851, [W]:265, [L]:35
[20:30:11:963][  271.591000] [  WARN] Idle Task: bl616_pmtickless: --->>> [10]:On, [H]:20561, [15:mi_otn]
[20:30:14:996][  274.632000] [  WARN] Idle Task: bl616_pmtickless: <<<--- [R]:WIFI, [R]:3030, [W]:268, [L]:35
[20:30:15:044][  274.666000] [  WARN] Idle Task: bl616_pmtickless: --->>> [10]:On, [H]:17486, [15:mi_otn]
[20:30:16:853][  276.478000] [  WARN] Idle Task: bl616_pmtickless: <<<--- [R]:WIFI, [R]:1801, [W]:270, [L]:36
[20:30:16:885][  276.511000] [  WARN] Idle Task: bl616_pmtickless: --->>> [10]:On, [H]:15641, [15:mi_otn]
[20:30:19:921][  279.551000] [  WARN] Idle Task: bl616_pmtickless: <<<--- [R]:WIFI, [R]:3029, [W]:273, [L]:36
[20:30:20:019][  279.654000] [  WARN] Idle Task: bl616_pmtickless: --->>> [10]:On, [H]:12498, [15:mi_otn]
[20:30:20:945][  280.577000] [  WARN] Idle Task: bl616_pmtickless: <<<--- [R]:WIFI, [R]:912, [W]:274, [L]:36
[20:30:20:993][  280.622000] [  WARN] Idle Task: bl616_pmtickless: --->>> [10]:On, [H]:11530, [15:mi_otn]
[20:30:21:962][  281.605000] [  WARN] Idle Task: bl616_pmtickless: <<<--- [R]:WIFI, [R]:972, [W]:275, [L]:36
[20:30:22:004][  281.639000] [  WARN] Idle Task: bl616_pmtickless: --->>> [10]:On, [H]:10513, [15:mi_otn]
[20:30:29:757][  289.390000] [  WARN] Idle Task: bl616_pmtickless: <<<--- [R]:WIFI, [R]:7740, [W]:284, [L]:41
[20:30:29:795][  289.433000] [  WARN] Idle Task: bl616_pmtickless: --->>> [10]:On, [H]:2719, [15:mi_otn]
[20:30:32:528][  292.172000] [  WARN] Idle Task: bl616_pmtickless: <<<--- [R]:RTC, [R]:2728, [W]:286, [L]:41
[20:30:32:528][  292.184000] [  INFO] mi_otn: [20:30:31.184 ] ots: -->kplv sent.
[20:30:32:544][  292.190000] [  WARN] Idle Task: bl616_pmtickless: --->>> [10]:On, [H]:1493, [1174644928:]
[20:30:32:820][  292.465000] [  WARN] Idle Task: bl616_pmtickless: <<<--- [R]:WIFI, [R]:264, [W]:287, [L]:41
[20:30:32:825][  292.482000] [ DEBUG] ots_task: [20:30:31.481 ] ots: recvd 8Bytes
[20:30:32:825][  292.485000] [  INFO] ots_task: [20:30:31.485 ] ots: <--kplv ack.
[20:30:32:836][  292.491000] [ DEBUG] ots_task: [20:30:31.491 ] ots: event emit[id=11,txt=ots.keeplive,ext_len=0]
[20:30:32:852][  292.500000] [ DEBUG] ots_task: [20:30:31.500 ] ots: keeplive costtime = 313
[20:30:32:852][  292.507000] [ DEBUG] mi_otn: [20:30:31.507 ] ots: ots.keeplive[11] happened!
[20:30:32:869][  292.516000] [  WARN] Idle Task: bl616_pmtickless: --->>> [10]:On, [H]:20443, [19:netMonitorTask]
[20:30:34:869][  294.515000] [  WARN] Idle Task: bl616_pmtickless: <<<--- [R]:WIFI, [R]:1987, [W]:289, [L]:41
[20:30:34:901][  294.544000] [  WARN] Idle Task: bl616_pmtickless: --->>> [10]:On, [H]:18415, [19:netMonitorTask]
[20:30:35:893][  295.541000] [  WARN] Idle Task: bl616_pmtickless: <<<--- [R]:WIFI, [R]:985, [W]:290, [L]:41
[20:30:35:935][  295.572000] [  WARN] Idle Task: bl616_pmtickless: --->>> [10]:On, [H]:17387, [19:netMonitorTask]
[20:30:38:975][  298.615000] [  WARN] Idle Task: bl616_pmtickless: <<<--- [R]:WIFI, [R]:3031, [W]:293, [L]:41
[20:30:39:002][  298.644000] [  WARN] Idle Task: bl616_pmtickless: --->>> [10]:On, [H]:14315, [19:netMonitorTask]
[20:30:39:982][  299.643000] [  WARN] Idle Task: bl616_pmtickless: <<<--- [R]:WIFI, [R]:987, [W]:294, [L]:41
[20:30:40:027][  299.674000] [  WARN] Idle Task: bl616_pmtickless: --->>> [10]:On, [H]:13285, [19:netMonitorTask]
[20:30:43:065][  302.716000] [  WARN] Idle Task: bl616_pmtickless: <<<--- [R]:WIFI, [R]:3030, [W]:297, [L]:41
[20:30:43:118][  302.761000] [  WARN] Idle Task: bl616_pmtickless: --->>> [10]:On, [H]:10198, [19:netMonitorTask]
[20:30:53:316][  312.980000] [  WARN] Idle Task: bl616_pmtickless: <<<--- [R]:RTC, [R]:10207, [W]:307, [L]:43
[20:30:53:324][  312.991000] [  INFO] netMonitorTask: [20:30:51.991 ] miio_monitor: work time = 312s, memory left = 112536
[20:30:53:351][  312.998000] [ DEBUG] netMonitorTask: [20:30:51.998 ] miio_net: sta offline 0 times in last 600s
[20:30:53:351][  313.009000] [  WARN] Idle Task: bl616_pmtickless: --->>> [10]:On, [H]:70506, [15:mi_otn]
[20:31:00:281][  319.948000] [  WARN] Idle Task: bl616_pmtickless: <<<--- [R]:AP_LOSS, [R]:6928, [W]:317, [L]:50
[20:31:00:337][  320.004000] [  WARN] Idle Task: bl616_pmtickless: --->>> [10]:On, [H]:63511, [15:mi_otn]
[20:31:03:972][  323.641000] [  WARN] Idle Task: bl616_pmtickless: <<<--- [R]:AP_LOSS, [R]:3626, [W]:323, [L]:56
[20:31:04:019][  323.690000] [  WARN] Idle Task: bl616_pmtickless: --->>> [10]:On, [H]:59825, [15:mi_otn]
[20:31:07:702][  327.358000] [  WARN] Idle Task: bl616_pmtickless: <<<--- [R]:AP_LOSS, [R]:3657, [W]:329, [L]:62
[20:31:07:772][  327.444000] [ DEBUG] wifi_fw: ----------------txl null frame fail!----->ps_check_tx_status 
[20:31:07:772][  327.450000] [  INFO] wifi_fw: platform_hook_prevent_sleep: event: DISCONNECT, prevent: 1
[20:31:07:788][  327.458000] [ DEBUG] wifi_fw: beacon loss, abort send null frame.
[20:31:07:788][  327.464000] [  WARN] Idle Task: bl616_pmtickless: <<<--- exit: pm event
[20:31:07:804][  327.471000] [ DEBUG] wifi_driver: =================================================================
[20:31:07:814][  327.479000] [ DEBUG] wifi_driver: [AT][RX] Connection Status
[20:31:07:814][  327.485000] [ DEBUG] wifi_driver: [AT][RX]   status_code 16
[20:31:07:820][  327.490000] [ DEBUG] wifi_driver: [AT][RX]   reason_code 65535
[20:31:07:820][  327.496000] [ DEBUG] wifi_driver: [AT][RX]   status detail: ap beacon loss
[20:31:07:820][  327.503000] [ DEBUG] wifi_driver: [AT][RX]   vif_idx 1
[20:31:07:836][  327.508000] [ DEBUG] wifi_driver: =================================================================
[20:31:07:851][  327.517000] [  INFO] wifi_driver: platform_hook_prevent_sleep: event: DISCONNECT, prevent: 0
[20:31:07:851][  327.526000] [  INFO] wifi_driver: bl616_wlan_sta_set_linkstatus: INFO: Wi-Fi station link down 0
[20:31:07:867][  327.534000] [  INFO] wifi_driver: bl616_wifi_event_handler: [APP] [EVT] CODE_WIFI_ON_DISCONNECT, status 16, reason 65535
[20:31:07:877][  327.546000] [ DEBUG] WPA: A] CTRL-EVENT-DISCONNECTED bssid=42:EE:97:F0:4C:60 reason=65535
[20:31:07:883][  327.555000] [ DEBUG] WPA: {FVIF-0} enter FHOST_WPA_STATE_NOT_CONNECTED
[20:31:07:883][  327.561000] [ ERROR] ots_task: [20:31:06.561 ] tls: mbedtls_ssl_read returned -0x4c
[20:31:07:883][  327.568000] [ DEBUG] ots_task: [20:31:06.568 ] ots: disconnecting.
[20:31:07:901][  327.574000] [ DEBUG] ots_task: [20:31:06.574 ] ots: event emit[id=8,txt=ots.disconnect,ext_len=0]
[20:31:07:915][  327.583000] [NOTICE] miio_client: [20:31:06.583 ] miio_netlink: wlan0 link down
[20:31:07:915][  327.591000] [ DEBUG] mi_otn: [20:31:06.590 ] ots: ots.disconnect[8] happened!
[20:31:07:915][  327.597000] [ DEBUG] mi_otn: [20:31:06.597 ] ots: set ctrl[type=4, arg_len=0]
[20:31:07:931][  327.604000] [ DEBUG] mi_otn: [20:31:06.604 ] ots: event emit[id=10,txt=ots.offline,ext_len=0]
[20:31:07:931][  327.613000] [ DEBUG] mi_otn: [20:31:06.613 ] ots: ots.offline[10] happened!
[20:31:07:947][  327.620000] [ DEBUG] mi_otn: [20:31:06.620 ] ots: kplv_timeout=270000
[20:31:07:947][  327.626000] [ DEBUG] mi_otn: [20:31:06.626 ] ots: kplv_interval=91000
[20:31:07:963][  327.633000] [  WARN] mi_otn: [20:31:06.633 ] ots: ots reconnect will start in 3418 ms...
[20:31:07:965][  327.641000] [ DEBUG] mi_otn: [20:31:06.641 ] miio_ot: ots.offline[10] happened!
[20:31:07:978][  327.648000] [  INFO] mi_otn: [20:31:06.648 ] miio_instance:  miio_offline_hook_default called
[20:31:07:978][  327.657000] [ DEBUG] mi_otn: [20:31:06.657 ] miio_net: miio_net_offline_hook called
[20:31:07:994][  327.664000] [ DEBUG] mi_otn: [20:31:06.664 ] ot: event emit[id=5,txt=otn.timerconfig,ext_len=4]
[20:31:07:994][  327.674000] [  INFO] mi_otn: [20:31:06.674 ] arch_wifi: set powersave off ok!
[20:31:08:010][  327.680000] [  INFO] mi_otn: [20:31:06.680 ] arch_pm: pm_mode switch to 1 succeed!
[20:31:08:010][  327.688000] [  INFO] mi_otn: [20:31:06.688 ] miio_pm: lock_status: 1, lock[0]
[20:31:08:026][  327.695000] [  INFO] mi_otn: [20:31:06.695 ] miio_net: miio monitor switch to high power!
[20:31:08:026][  327.703000] [  INFO] mi_otn: [20:31:06.703 ] miio_pm: lock_status: 3, lock[1]
[20:31:08:041][  327.710000] [  INFO] mi_otn: [20:31:06.710 ] miio_pm_uart: Command Recv Timeout: 10000
[20:31:08:041][  327.718000] [  INFO] mi_otn: [20:31:06.718 ] miio_pm_instance: disable uart sleep.
[20:31:08:057][  327.726000] [ DEBUG] mi_otn: [20:31:06.726 ] ot: event emit[id=5,txt=otn.timerconfig,ext_len=4]
[20:31:08:057][  327.734000] [  INFO] mi_otn: [20:31:06.734 ] miio_net_analyse: enable the miio offline detect feature 
[20:31:08:073][  327.743000] [  WARN] mi_otn: [20:31:06.743 ] miio_client_func: Got offline msg.
[20:31:08:073][  327.751000] [ DEBUG] mi_otn: [20:31:06.751 ] miio_client_func: method_local_broadcast_msg(), {"method": "local.status", "params": "internet_failed"}
[20:31:08:092][  327.764000] [ DEBUG] mi_otn: [20:31:06.764 ] miio_ot: online_cnt = 1, offline_cnt = 1, switch_cnt = 0
[20:31:08:105][  327.773000] [ DEBUG] mi_otn: [20:31:06.773 ] miio_ot: reset ot_info_random = 13975 ms
[20:31:08:107][  327.781000] [ DEBUG] mi_otn: [20:31:06.781 ] miio_ot: otn.timerconfig[5] happened!
[20:31:08:107][  327.789000] [ DEBUG] mi_otn: [20:31:06.789 ] miio_ot: cooldown_time_ms =5000
[20:31:08:131][  327.796000] [ DEBUG] mi_otn: [20:31:06.795 ] miio_ot: otn.timerconfig[5] event finished!
[20:31:08:143][  327.804000] [ DEBUG] mi_otn: [20:31:06.804 ] miio_ot: otn.timerconfig[5] happened!
[20:31:08:143][  327.811000] [ DEBUG] mi_otn: [20:31:06.811 ] miio_ot: otn.timerconfig[5] event finished!
[20:31:08:153][  327.820000] [NOTICE] netMonitorTask: [20:31:06.819 ] miio_net: Wifi station disconnected
[20:31:08:153][  327.827000] [ DEBUG] netMonitorTask: [20:31:06.827 ] ot: event emit[id=2,txt=otn.mode,ext_len=1]
[20:31:08:153][  327.836000] [  WARN] netMonitorTask: [20:31:06.836 ] miio_net: miio_wifi_disconnect
[20:31:08:180][  327.844000] [  INFO] netMonitorTask: bl616_wifi_sta_disconnect: disconnect Wi-Fi
[20:31:08:184][  327.851000] [ DEBUG] WPA: [WPA] wpa_supplicant_deinit_iface: send deauth, Line:6778
[20:31:08:184][  327.859000] [ DEBUG] WPA: Request to deauthenticate - bssid=00:00:00:00:00:00 pending_bssid=00:00:00:00:00:00 reason=3 (DEAUTH_LEAVING) state=DISCONNECTED
[20:31:08:200][  327.873000] [ DEBUG] WPA: A] CTRL-EVENT-BSS-REMOVED 0 42:EE:97:F0:4C:60
[20:31:08:200][  327.880000] [ DEBUG] WPA: {FVIF-0} Driver RWNX deinit
[20:31:08:200][  327.885000] [ DEBUG] netMonitorTask: {FVIF-0} WPA interface removed
[20:31:08:216][  327.891000] [  INFO] netMonitorTask: bl616_wifi_sta_disconnect: disconnect Wi-Fi
[20:31:08:234][  327.899000] [ DEBUG] netMonitorTask: [20:31:06.899 ] miio_net: Connect to specific AP, MAC = 42:ee:97:f0:4c:60
[20:31:08:234]
[20:31:08:234][  327.909000] [  INFO] netMonitorTask: bl616_wifi_sta_freq: set channel: 6, freq: 2437
[20:31:08:248][  327.917000] [  INFO] netMonitorTask: bl616_wifi_sta_connect: connect ssid:Xiaomi_be3600
[20:31:08:248][  327.924000] [  INFO] netMonitorTask: bl616_wifi_sta_connect: connect bssid:42:ee:97:f0:4c:60
[20:31:08:264][  327.932000] [  INFO] netMonitorTask: bl616_wifi_sta_connect: connect channel:6
[20:31:08:264][  327.940000] [  INFO] netMonitorTask: bl616_wifi_sta_connect: PTA 2 -> 4, window 8 interval 160
[20:31:08:264][  327.948000] [ DEBUG] netMonitorTask: start connecting ... 
[20:31:08:280][  327.954000] [  INFO] netMonitorTask: platform_hook_prevent_sleep: event: CONNECT, prevent: 1
[20:31:08:280][  327.964000] [ DEBUG] WPA: Driver RWNX init for wl0
[20:31:08:297][  327.969000] [ DEBUG] WPA: l2 filter 0x62fcb638, sock 3, netif 0x62fe2fc8 
[20:31:08:306][  327.975000] [ DEBUG] CONNECT: {FVIF-0} WPA interface added
[20:31:08:312][  327.980000] [ DEBUG] CONNECT: Exec key_mgmt WPA-PSK WPA-PSK-SHA256 SAE
[20:31:08:312][  327.986000] [ DEBUG] CONNECT: Exec pairwise TKIP CCMP GCMP GCMP-256 CCMP-256
[20:31:08:312][  327.993000] [ DEBUG] CONNECT: Exec group TKIP CCMP GCMP GCMP-256 CCMP-256
[20:31:08:328][  328.000000] [ DEBUG] CONNECT: Exec ieee80211w 1
[20:31:08:328][  328.004000] [ DEBUG] CONNECT: Exec scan_ssid 1
[20:31:08:328][  328.009000] [ DEBUG] CONNECT: Exec bssid 42:EE:97:F0:4C:60
[20:31:08:350][  328.014000] [ DEBUG] CONNECT: Exec scan_freq 2437 2437 
[20:31:08:350][  328.019000] [ DEBUG] CONNECT: Exec ssid "Xiaomi_be3600"
[20:31:08:350][  328.025000] [ DEBUG] CONNECT: WPA network 0: created and configured
[20:31:08:371][  328.031000] [  INFO] wifi_driver: platform_hook_prevent_sleep: event: SCAN, prevent: 1
[20:31:08:371][  328.040000] [ DEBUG] ots_task: [20:31:07.040 ] ots: get ctrl[type=4, arg_len=0]
[20:31:08:376][  328.047000] [ DEBUG] ots_task: [20:31:07.047 ] tls: closed
[20:31:08:376][  328.051000] [  INFO] ots_task: [20:31:07.051 ] ots: closed.
[20:31:08:376][  328.057000] [ DEBUG] ots_task: [20:31:07.057 ] ots: ots is connecting...
[20:31:08:392][  328.063000] [ DEBUG] mi_otn: [20:31:07.063 ] miio_ot: otn.mode[2] happened!
[20:31:08:396][  328.070000] [ DEBUG] mi_otn: [20:31:07.070 ] ots: set ctrl[type=3, arg_len=0]
[20:31:08:408][  328.078000] [ DEBUG] mi_otn: [20:31:07.077 ] otu: set ctrl[type=4, arg_len=0]
[20:31:08:408][  328.085000] [ DEBUG] mi_otn: [20:31:07.085 ] miio_ot: otn.mode[2] event finished!
[20:31:08:408][  328.092000] [ DEBUG] ots_task: [20:31:07.092 ] ots: get ctrl[type=3, arg_len=0]
[20:31:08:424][  328.099000] [ DEBUG] ots_task: [20:31:07.099 ] ots: ots is idle...
[20:31:08:424][  328.106000] [  INFO] otu_task: [20:31:07.106 ] udp: udp recv ctrl event.
[20:31:08:440][  328.112000] [ DEBUG] otu_task: [20:31:07.112 ] otu: get ctrl[type=4, arg_len=0]
[20:31:08:440][  328.119000] [  INFO] otu_task: [20:31:07.119 ] otu: closing.
[20:31:08:456][  328.125000] [ DEBUG] otu_task: [20:31:07.125 ] otu: event emit[id=8,txt=otu.close,ext_len=0]
[20:31:08:456][  328.134000] [ DEBUG] miio_client: [20:31:07.134 ] miio_netlink: 24
[20:31:08:456]
[20:31:08:472][  328.140000] [ DEBUG] miio_client: [20:31:07.140 ] miio_netlink: rth->type: 2
[20:31:08:472]
[20:31:08:472][  328.140000] [ DEBUG] wifi_fw: [FW] NULL frame for tx 0, len 125
[20:31:08:472][  328.153000] [ DEBUG] wifi_fw: [FW] Get (2) frames from AC flushing
[20:31:08:488][  328.160000] [ DEBUG] miio_client: [20:31:07.160 ] miio_netlink: wlan0 add address 0.0.0.0
[20:31:08:488]
[20:31:08:488][  328.165000] [  INFO] wifi_driver: platform_hook_prevent_sleep: event: SCAN, prevent: 0
[20:31:08:504][  328.166000] [ DEBUG] WPA: A] CTRL-EVENT-SCAN-RESULTS 
[20:31:08:504][  328.181000] [ DEBUG] WPA: {FVIF-0} enter FHOST_WPA_STATE_NOT_CONNECTED
[20:31:08:520][  328.187000] [  INFO] WPA: platform_hook_prevent_sleep: event: CONNECT, prevent: 0
[20:31:08:520][  328.195000] [  INFO] WPA: platform_hook_prevent_sleep: event: DISCONNECT, prevent: 0
[20:31:08:520][  328.202000] [ DEBUG] WPA: A] CTRL-EVENT-NETWORK-NOT-FOUND 
[20:31:08:536][  328.208000] [ DEBUG] wifi_driver: =================================================================
[20:31:08:536][  328.217000] [ DEBUG] wifi_driver: [AT][RX] Connection Status
[20:31:08:552][  328.223000] [ DEBUG] wifi_driver: [AT][RX]   status_code 12
[20:31:08:552][  328.228000] [ DEBUG] wifi_driver: [AT][RX]   reason_code 0
[20:31:08:567][  328.234000] [ DEBUG] wifi_driver: [AT][RX]   status detail: SSID error, scan no bssid and channel
[20:31:08:567][  328.243000] [ DEBUG] wifi_driver: [AT][RX]   MAC FF:FF:FF:FF:FF:FF
[20:31:08:567][  328.249000] [ DEBUG] wifi_driver: [AT][RX]   vif_idx 255
[20:31:08:583][  328.254000] [ DEBUG] wifi_driver: [AT][RX]   ap_idx 255
[20:31:08:583][  328.259000] [ DEBUG] wifi_driver: [AT][RX]   ch_idx 255
[20:31:08:583][  328.264000] [ DEBUG] wifi_driver: [AT][RX]   qos 255
[20:31:08:602][  328.269000] [ DEBUG] wifi_driver: [AT][RX]   aid 65535
[20:31:08:602][  328.275000] [ DEBUG] wifi_driver: [AT][RX]   band 5G
[20:31:08:602][  328.279000] [ DEBUG] wifi_driver: [AT][RX]   channel 255
[20:31:08:616][  328.285000] [ DEBUG] wifi_driver: =================================================================
[20:31:08:616][  328.294000] [  INFO] wifi_driver: bl616_wifi_event_handler: [APP] [EVT] CODE_WIFI_ON_DISCONNECT, status 12, reason 0
[20:31:08:632][  328.304000] [ DEBUG] WPA: wpa_supplicant_ctrl_iface_msg_cb: cmd send succeded, txt is CTRL-EVENT-NETWORK-NOT-FOUND 
[20:31:08:632][  328.315000] [ DEBUG] CONNECT: WPA network 0: not connected
[20:31:08:647][  328.321000] [ DEBUG] mi_otn: [20:31:07.321 ] otu: otu.close[8] happened!
[20:31:08:647][  328.327000] [ DEBUG] mi_otn: [20:31:07.327 ] otu: set ctrl[type=5, arg_len=0]
[20:31:08:669][  328.334000] [ ERROR] netMonitorTask: bl616_wifi_sta_connect: ERROR: connect Wi-Fi ret=12
[20:31:08:680][  328.342000] [  INFO] netMonitorTask: bl616_coex_restore_work: Restore PTA 4 -> 2
[20:31:08:680][  328.349000] [ ERROR] netMonitorTask: wlan_ioctl: ERROR: Failed to connect
[20:31:08:680][  328.356000] [ ERROR] netMonitorTask: wapi_set_ap: ioctl(SIOCSIWAP): 12
[20:31:08:696][  328.363000] [ DEBUG] netMonitorTask: [20:31:07.363 ] miio_net: Connect to specific AP, MAC = 42:ee:97:f0:4c:60
[20:31:08:696]
[20:31:08:696][  328.374000] [  INFO] netMonitorTask: bl616_wifi_sta_freq: set channel: 6, freq: 2437
[20:31:08:712][  328.381000] [  INFO] netMonitorTask: bl616_wifi_sta_connect: connect ssid:Xiaomi_be3600
[20:31:08:712][  328.389000] [  INFO] netMonitorTask: bl616_wifi_sta_connect: connect bssid:42:ee:97:f0:4c:60
[20:31:08:727][  328.397000] [  INFO] netMonitorTask: bl616_wifi_sta_connect: connect channel:6
[20:31:08:727][  328.404000] [  INFO] netMonitorTask: bl616_wifi_sta_connect: PTA 2 -> 4, window 8 interval 160
[20:31:08:727][  328.413000] [ DEBUG] netMonitorTask: start connecting ... 
[20:31:08:743][  328.418000] [  INFO] netMonitorTask: platform_hook_prevent_sleep: event: CONNECT, prevent: 1
[20:31:08:760][  328.429000] [ DEBUG] WPA: [WPA] wpa_supplicant_deinit_iface: send deauth, Line:6778
[20:31:08:760][  328.434000] [ DEBUG] WPA: Request to deauthenticate - bssid=00:00:00:00:00:00 pending_bssid=00:00:00:00:00:00 reason=3 (DEAUTH_LEAVING) state=DISCONNECTED
[20:31:08:775][  328.449000] [ DEBUG] WPA: {FVIF-0} Driver RWNX deinit
[20:31:08:775][  328.453000] [ DEBUG] CONNECT: {FVIF-0} WPA interface removed
[20:31:08:775][  328.460000] [ DEBUG] WPA: Driver RWNX init for wl0
[20:31:08:791][  328.465000] [ DEBUG] WPA: l2 filter 0x62fcb638, sock 3, netif 0x62fe2fc8 
[20:31:08:791][  328.472000] [ DEBUG] CONNECT: {FVIF-0} WPA interface added
[20:31:08:791][  328.477000] [ DEBUG] CONNECT: Exec key_mgmt WPA-PSK WPA-PSK-SHA256 SAE
[20:31:08:807][  328.483000] [ DEBUG] CONNECT: Exec pairwise TKIP CCMP GCMP GCMP-256 CCMP-256
[20:31:08:807][  328.490000] [ DEBUG] CONNECT: Exec group TKIP CCMP GCMP GCMP-256 CCMP-256
[20:31:08:824][  328.496000] [ DEBUG] CONNECT: Exec ieee80211w 1
[20:31:08:824][  328.501000] [ DEBUG] CONNECT: Exec scan_ssid 1
[20:31:08:824][  328.505000] [ DEBUG] CONNECT: Exec bssid 42:EE:97:F0:4C:60
[20:31:08:839][  328.511000] [ DEBUG] CONNECT: Exec scan_freq 2437 2437 
[20:31:08:839][  328.516000] [ DEBUG] CONNECT: Exec ssid "Xiaomi_be3600"
[20:31:08:839][  328.522000] [ DEBUG] CONNECT: WPA network 0: created and configured
[20:31:08:855][  328.528000] [  INFO] wifi_driver: platform_hook_prevent_sleep: event: SCAN, prevent: 1
[20:31:08:855][  328.537000] [ DEBUG] otu_task: [20:31:07.537 ] otu: get ctrl[type=5, arg_len=0]
[20:31:08:872][  328.543000] [  INFO] otu_task: [20:31:07.543 ] otu: closed.
[20:31:08:887][  328.548000] [ DEBUG] otu_task: [20:31:07.548 ] otu: otu is idle...
[20:31:08:983][  328.661000] [  INFO] wifi_driver: platform_hook_prevent_sleep: event: SCAN, prevent: 0
[20:31:08:983][  328.667000] [ DEBUG] WPA: A] CTRL-EVENT-SCAN-RESULTS 
[20:31:08:999][  328.672000] [ DEBUG] WPA: {FVIF-0} enter FHOST_WPA_STATE_NOT_CONNECTED
[20:31:08:999][  328.679000] [  INFO] WPA: platform_hook_prevent_sleep: event: CONNECT, prevent: 0
[20:31:09:015][  328.686000] [  INFO] WPA: platform_hook_prevent_sleep: event: DISCONNECT, prevent: 0
[20:31:09:015][  328.694000] [ DEBUG] WPA: A] CTRL-EVENT-NETWORK-NOT-FOUND 
[20:31:09:031][  328.700000] [ DEBUG] wifi_driver: =================================================================
[20:31:09:031][  328.709000] [ DEBUG] wifi_driver: [AT][RX] Connection Status
[20:31:09:031][  328.714000] [ DEBUG] wifi_driver: [AT][RX]   status_code 12
[20:31:09:047][  328.720000] [ DEBUG] wifi_driver: [AT][RX]   reason_code 0
[20:31:09:047][  328.725000] [ DEBUG] wifi_driver: [AT][RX]   status detail: SSID error, scan no bssid and channel
[20:31:09:065][  328.734000] [ DEBUG] wifi_driver: [AT][RX]   MAC FF:FF:FF:FF:FF:FF
[20:31:09:065][  328.740000] [ DEBUG] wifi_driver: [AT][RX]   vif_idx 255
[20:31:09:065][  328.746000] [ DEBUG] wifi_driver: [AT][RX]   ap_idx 255
[20:31:09:078][  328.751000] [ DEBUG] wifi_driver: [AT][RX]   ch_idx 255
[20:31:09:078][  328.756000] [ DEBUG] wifi_driver: [AT][RX]   qos 255
[20:31:09:078][  328.761000] [ DEBUG] wifi_driver: [AT][RX]   aid 65535
[20:31:09:094][  328.766000] [ DEBUG] wifi_driver: [AT][RX]   band 5G
[20:31:09:094][  328.771000] [ DEBUG] wifi_driver: [AT][RX]   channel 255
[20:31:09:110][  328.776000] [ DEBUG] wifi_driver: =================================================================
[20:31:09:110][  328.785000] [  INFO] wifi_driver: bl616_wifi_event_handler: [APP] [EVT] CODE_WIFI_ON_DISCONNECT, status 12, reason 0
[20:31:09:126][  328.796000] [ DEBUG] WPA: wpa_supplicant_ctrl_iface_msg_cb: cmd send succeded, txt is CTRL-EVENT-NETWORK-NOT-FOUND 
[20:31:09:126][  328.807000] [ DEBUG] CONNECT: WPA network 0: not connected
[20:31:09:142][  328.812000] [ ERROR] netMonitorTask: bl616_wifi_sta_connect: ERROR: connect Wi-Fi ret=12
[20:31:09:142][  328.820000] [  INFO] netMonitorTask: bl616_coex_restore_work: Restore PTA 4 -> 2
[20:31:09:158][  328.827000] [ ERROR] netMonitorTask: wlan_ioctl: ERROR: Failed to connect
[20:31:09:158][  328.834000] [ ERROR] netMonitorTask: wapi_set_ap: ioctl(SIOCSIWAP): 12
[20:31:09:174][  328.841000] [ DEBUG] netMonitorTask: [20:31:07.841 ] miio_net: Connect to specific AP, MAC = 42:ee:97:f0:4c:60
[20:31:09:174]
[20:31:09:174][  328.852000] [  INFO] netMonitorTask: bl616_wifi_sta_freq: set channel: 6, freq: 2437
[20:31:09:190][  328.859000] [  INFO] netMonitorTask: bl616_wifi_sta_connect: connect ssid:Xiaomi_be3600
[20:31:09:190][  328.866000] [  INFO] netMonitorTask: bl616_wifi_sta_connect: connect bssid:42:ee:97:f0:4c:60
[20:31:09:207][  328.875000] [  INFO] netMonitorTask: bl616_wifi_sta_connect: connect channel:6
[20:31:09:207][  328.882000] [  INFO] netMonitorTask: bl616_wifi_sta_connect: PTA 2 -> 4, window 8 interval 160
[20:31:09:222][  328.891000] [ DEBUG] netMonitorTask: start connecting ... 
[20:31:09:222][  328.896000] [  INFO] netMonitorTask: platform_hook_prevent_sleep: event: CONNECT, prevent: 1
[20:31:09:239][  328.907000] [ DEBUG] WPA: [WPA] wpa_supplicant_deinit_iface: send deauth, Line:6778
[20:31:09:239][  328.912000] [ DEBUG] WPA: Request to deauthenticate - bssid=00:00:00:00:00:00 pending_bssid=00:00:00:00:00:00 reason=3 (DEAUTH_LEAVING) state=DISCONNECTED
[20:31:09:254][  328.926000] [ DEBUG] WPA: {FVIF-0} Driver RWNX deinit
[20:31:09:255][  328.931000] [ DEBUG] CONNECT: {FVIF-0} WPA interface removed
[20:31:09:255][  328.938000] [ DEBUG] WPA: Driver RWNX init for wl0
[20:31:09:269][  328.943000] [ DEBUG] WPA: l2 filter 0x62fcb638, sock 3, netif 0x62fe2fc8 
[20:31:09:269][  328.950000] [ DEBUG] CONNECT: {FVIF-0} WPA interface added
[20:31:09:285][  328.954000] [ DEBUG] CONNECT: Exec key_mgmt WPA-PSK WPA-PSK-SHA256 SAE
[20:31:09:285][  328.961000] [ DEBUG] CONNECT: Exec pairwise TKIP CCMP GCMP GCMP-256 CCMP-256
[20:31:09:285][  328.967000] [ DEBUG] CONNECT: Exec group TKIP CCMP GCMP GCMP-256 CCMP-256
[20:31:09:301][  328.974000] [ DEBUG] CONNECT: Exec ieee80211w 1
[20:31:09:301][  328.979000] [ DEBUG] CONNECT: Exec scan_ssid 1
[20:31:09:301][  328.983000] [ DEBUG] CONNECT: Exec bssid 42:EE:97:F0:4C:60
[20:31:09:317][  328.989000] [ DEBUG] CONNECT: Exec scan_freq 2437 2437 
[20:31:09:317][  328.994000] [ DEBUG] CONNECT: Exec ssid "Xiaomi_be3600"
[20:31:09:317][  328.999000] [ DEBUG] CONNECT: WPA network 0: created and configured
[20:31:09:349][  329.006000] [  INFO] wifi_driver: platform_hook_prevent_sleep: event: SCAN, prevent: 1
[20:31:09:461][  329.139000] [  INFO] wifi_driver: platform_hook_prevent_sleep: event: SCAN, prevent: 0
[20:31:09:461][  329.144000] [ DEBUG] WPA: A] CTRL-EVENT-SCAN-RESULTS 
[20:31:09:476][  329.150000] [ DEBUG] WPA: {FVIF-0} enter FHOST_WPA_STATE_NOT_CONNECTED
[20:31:09:476][  329.156000] [  INFO] WPA: platform_hook_prevent_sleep: event: CONNECT, prevent: 0
[20:31:09:492][  329.163000] [  INFO] WPA: platform_hook_prevent_sleep: event: DISCONNECT, prevent: 0
[20:31:09:492][  329.171000] [ DEBUG] WPA: A] CTRL-EVENT-NETWORK-NOT-FOUND 
[20:31:09:508][  329.177000] [ DEBUG] wifi_driver: =================================================================
[20:31:09:508][  329.186000] [ DEBUG] wifi_driver: [AT][RX] Connection Status
[20:31:09:508][  329.192000] [ DEBUG] wifi_driver: [AT][RX]   status_code 12
[20:31:09:524][  329.197000] [ DEBUG] wifi_driver: [AT][RX]   reason_code 0
[20:31:09:524][  329.203000] [ DEBUG] wifi_driver: [AT][RX]   status detail: SSID error, scan no bssid and channel
[20:31:09:539][  329.212000] [ DEBUG] wifi_driver: [AT][RX]   MAC FF:FF:FF:FF:FF:FF
[20:31:09:539][  329.218000] [ DEBUG] wifi_driver: [AT][RX]   vif_idx 255
[20:31:09:539][  329.223000] [ DEBUG] wifi_driver: [AT][RX]   ap_idx 255
[20:31:09:556][  329.228000] [ DEBUG] wifi_driver: [AT][RX]   ch_idx 255
[20:31:09:556][  329.233000] [ DEBUG] wifi_driver: [AT][RX]   qos 255
[20:31:09:556][  329.238000] [ DEBUG] wifi_driver: [AT][RX]   aid 65535
[20:31:09:572][  329.244000] [ DEBUG] wifi_driver: [AT][RX]   band 5G
[20:31:09:572][  329.248000] [ DEBUG] wifi_driver: [AT][RX]   channel 255
[20:31:09:587][  329.254000] [ DEBUG] wifi_driver: =================================================================
[20:31:09:587][  329.263000] [  INFO] wifi_driver: bl616_wifi_event_handler: [APP] [EVT] CODE_WIFI_ON_DISCONNECT, status 12, reason 0
[20:31:09:603][  329.273000] [ DEBUG] WPA: wpa_supplicant_ctrl_iface_msg_cb: cmd send succeded, txt is CTRL-EVENT-NETWORK-NOT-FOUND 
[20:31:09:603][  329.284000] [ DEBUG] CONNECT: WPA network 0: not connected
[20:31:09:619][  329.290000] [ ERROR] netMonitorTask: bl616_wifi_sta_connect: ERROR: connect Wi-Fi ret=12
[20:31:09:619][  329.297000] [  INFO] netMonitorTask: bl616_coex_restore_work: Restore PTA 4 -> 2
[20:31:09:635][  329.305000] [ ERROR] netMonitorTask: wlan_ioctl: ERROR: Failed to connect
[20:31:09:635][  329.311000] [ ERROR] netMonitorTask: wapi_set_ap: ioctl(SIOCSIWAP): 12
[20:31:09:635][  329.318000] [  WARN] netMonitorTask: [20:31:08.318 ] miio_net: none best ap
[20:31:09:651][  329.325000] [  INFO] netMonitorTask: [20:31:08.325 ] miio_net: sta disconnect, then new connect faild: -9, and no other ap of same ssid found
[20:31:09:669][  329.338000] [NOTICE] netMonitorTask: [20:31:08.338 ] miio_net: clear ap-info list when starting scan
[20:31:09:669][  329.347000] [  INFO] netMonitorTask: bl616_wifi_sta_scan: Start scan ssid:Xiaomi_be3600, bssid:FF:FF:FF:FF:FF:FF, channel:6
[20:31:09:700][  329.358000] [  INFO] wifi_driver: platform_hook_prevent_sleep: event: SCAN, prevent: 1
[20:31:09:846][  329.525000] [  INFO] wifi_driver: platform_hook_prevent_sleep: event: SCAN, prevent: 0
[20:31:09:861][  329.530000] [  INFO] wifi_driver: bl616_wifi_event_handler: [APP] [EVT] CODE_WIFI_ON_SCAN_DONE
[20:31:09:861][  329.539000] [ ERROR] netMonitorTask: wapi_scan_stat: ioctl(SIOCGIWSCAN): 2
[20:31:09:875][  329.546000] [ DEBUG] netMonitorTask: [20:31:08.546 ] arch_wifi: unable to scan the ap Xiaomi_be3600 with ch: 6
[20:31:09:891][  329.556000] [ DEBUG] netMonitorTask: [20:31:08.556 ] miio_net: wifi scanning channel 6 for 120ms...
[20:31:09:893][  329.567000] [  INFO] netMonitorTask: [20:31:08.567 ] miio_monitor: work time = 329s, memory left = 127864
[20:31:09:906][  329.575000] [  INFO] netMonitorTask: [20:31:08.575 ] miio_net_analyse: recording the miio offline with reason 40 
[20:31:09:906][  329.585000] [  INFO] netMonitorTask: [20:31:08.585 ] miio_net_analyse: dump miio offline info : start_time 1775219468, reason 40, dev_ip 192.168.3.70, gateway 192.168.3.1, rssi -22 
[20:31:09:922][  329.601000] [  INFO] netMonitorTask: [20:31:08.601 ] miio_net_analyse: _miio_offline_info_store
[20:31:09:955][  329.610000] [  INFO] netMonitorTask: [20:31:08.609 ] miio_net_analyse: info store in psm 
[20:31:10:051][  329.726000] [ DEBUG] netMonitorTask: [20:31:08.726 ] miio_net: reboot trigger will been pulled in 3600s
[20:31:10:067][  329.733000] [ DEBUG] netMonitorTask: [20:31:08.733 ] miio_net: monitor_interval_s: 17s, offline_timeout: 600s, offline_time: 17s
[20:31:10:067][  329.744000] [ DEBUG] netMonitorTask: [20:31:08.744 ] miio_net: sta will close in 583s
[20:31:10:084][  329.753000] [  INFO] netMonitorTask: [20:31:08.753 ] miio_net: Wifi scan done
[20:31:10:084][  329.759000] [  INFO] netMonitorTask: bl616_wifi_sta_scan: Start scan ssid:Xiaomi_be3600, bssid:FF:FF:FF:FF:FF:FF, channel:6
[20:31:10:115][  329.770000] [  INFO] wifi_driver: platform_hook_prevent_sleep: event: SCAN, prevent: 1
[20:31:10:258][  329.938000] [  INFO] wifi_driver: platform_hook_prevent_sleep: event: SCAN, prevent: 0
[20:31:10:274][  329.943000] [  INFO] wifi_driver: bl616_wifi_event_handler: [APP] [EVT] CODE_WIFI_ON_SCAN_DONE
[20:31:10:274][  329.952000] [ ERROR] netMonitorTask: wapi_scan_stat: ioctl(SIOCGIWSCAN): 2
[20:31:10:290][  329.958000] [ DEBUG] netMonitorTask: [20:31:08.958 ] arch_wifi: unable to scan the ap Xiaomi_be3600 with ch: 6
[20:31:10:290][  329.969000] [ DEBUG] netMonitorTask: [20:31:08.968 ] miio_net: wifi scanning channel 6 for 120ms...
[20:31:10:306][  329.977000] [  INFO] netMonitorTask: [20:31:08.977 ] miio_net: Wifi scan done
[20:31:10:306][  329.985000] [  INFO] netMonitorTask: bl616_wifi_sta_scan: Start scan ssid:Xiaomi_be3600, bssid:FF:FF:FF:FF:FF:FF, channel:6
[20:31:10:337][  329.996000] [  INFO] wifi_driver: platform_hook_prevent_sleep: event: SCAN, prevent: 1
[20:31:10:494][  330.164000] [  INFO] wifi_driver: platform_hook_prevent_sleep: event: SCAN, prevent: 0
[20:31:10:498][  330.169000] [  INFO] wifi_driver: bl616_wifi_event_handler: [APP] [EVT] CODE_WIFI_ON_SCAN_DONE
[20:31:10:500][  330.178000] [ ERROR] netMonitorTask: wapi_scan_stat: ioctl(SIOCGIWSCAN): 2
[20:31:10:514][  330.184000] [ DEBUG] netMonitorTask: [20:31:09.184 ] arch_wifi: unable to scan the ap Xiaomi_be3600 with ch: 6
[20:31:10:530][  330.195000] [ DEBUG] netMonitorTask: [20:31:09.194 ] miio_net: wifi scanning channel 6 for 120ms...
[20:31:10:530][  330.204000] [  INFO] netMonitorTask: [20:31:09.203 ] miio_net: Wifi scan done
[20:31:10:546][  330.211000] [  INFO] netMonitorTask: bl616_wifi_sta_scan: Start scan ssid:Xiaomi_be3600, bssid:FF:FF:FF:FF:FF:FF, channel:6
[20:31:10:562][  330.222000] [  INFO] wifi_driver: platform_hook_prevent_sleep: event: SCAN, prevent: 1
[20:31:10:706][  330.391000] [  INFO] wifi_driver: platform_hook_prevent_sleep: event: SCAN, prevent: 0
[20:31:10:722][  330.396000] [  INFO] wifi_driver: bl616_wifi_event_handler: [APP] [EVT] CODE_WIFI_ON_SCAN_DONE
[20:31:10:737][  330.405000] [ ERROR] netMonitorTask: wapi_scan_stat: ioctl(SIOCGIWSCAN): 2
[20:31:10:737][  330.412000] [ DEBUG] netMonitorTask: [20:31:09.412 ] arch_wifi: unable to scan the ap Xiaomi_be3600 with ch: 6
[20:31:10:753][  330.422000] [ DEBUG] netMonitorTask: [20:31:09.422 ] miio_net: wifi scanning channel 6 for 120ms...
[20:31:10:753][  330.431000] [  INFO] netMonitorTask: [20:31:09.431 ] miio_net: Wifi scan done
[20:31:10:785][  330.438000] [  INFO] netMonitorTask: bl616_wifi_sta_scan: Start scan ssid:Xiaomi_be3600, bssid:FF:FF:FF:FF:FF:FF, channel:6
[20:31:10:785][  330.449000] [  INFO] wifi_driver: platform_hook_prevent_sleep: event: SCAN, prevent: 1
[20:31:10:945][  330.616000] [  INFO] wifi_driver: platform_hook_prevent_sleep: event: SCAN, prevent: 0
[20:31:10:945][  330.622000] [  INFO] wifi_driver: bl616_wifi_event_handler: [APP] [EVT] CODE_WIFI_ON_SCAN_DONE
[20:31:10:961][  330.630000] [ ERROR] netMonitorTask: wapi_scan_stat: ioctl(SIOCGIWSCAN): 2
[20:31:10:961][  330.637000] [ DEBUG] netMonitorTask: [20:31:09.637 ] arch_wifi: unable to scan the ap Xiaomi_be3600 with ch: 6
[20:31:10:977][  330.647000] [ DEBUG] netMonitorTask: [20:31:09.647 ] miio_net: wifi scanning channel 6 for 120ms...
[20:31:10:977][  330.656000] [  INFO] netMonitorTask: [20:31:09.656 ] miio_net: Wifi scan done
[20:31:11:008][  330.663000] [  INFO] netMonitorTask: bl616_wifi_sta_scan: Start scan ssid:Xiaomi_be3600, bssid:FF:FF:FF:FF:FF:FF, channel:1
[20:31:11:008][  330.674000] [  INFO] wifi_driver: platform_hook_prevent_sleep: event: SCAN, prevent: 1
[20:31:11:169][  330.842000] [  INFO] wifi_driver: platform_hook_prevent_sleep: event: SCAN, prevent: 0
[20:31:11:169][  330.847000] [  INFO] wifi_driver: bl616_wifi_event_handler: [APP] [EVT] CODE_WIFI_ON_SCAN_DONE
[20:31:11:185][  330.856000] [ ERROR] netMonitorTask: wapi_scan_stat: ioctl(SIOCGIWSCAN): 2
[20:31:11:185][  330.862000] [ DEBUG] netMonitorTask: [20:31:09.862 ] arch_wifi: unable to scan the ap Xiaomi_be3600 with ch: 1
[20:31:11:201][  330.873000] [ DEBUG] netMonitorTask: [20:31:09.872 ] miio_net: wifi scanning channel 1 for 120ms...
[20:31:11:201][  330.881000] [  INFO] netMonitorTask: [20:31:09.881 ] miio_net: Wifi scan done
[20:31:11:217][  330.889000] [  INFO] netMonitorTask: bl616_wifi_sta_scan: Start scan ssid:Xiaomi_be3600, bssid:FF:FF:FF:FF:FF:FF, channel:1
[20:31:11:232][  330.900000] [  INFO] wifi_driver: platform_hook_prevent_sleep: event: SCAN, prevent: 1
[20:31:11:411][  331.067000] [  INFO] wifi_driver: platform_hook_prevent_sleep: event: SCAN, prevent: 0
[20:31:11:411][  331.072000] [  INFO] wifi_driver: bl616_wifi_event_handler: [APP] [EVT] CODE_WIFI_ON_SCAN_DONE
[20:31:11:417][  331.081000] [ ERROR] netMonitorTask: wapi_scan_stat: ioctl(SIOCGIWSCAN): 2
[20:31:11:417][  331.088000] [ DEBUG] netMonitorTask: [20:31:10.088 ] arch_wifi: unable to scan the ap Xiaomi_be3600 with ch: 1
[20:31:11:424][  331.098000] [ DEBUG] netMonitorTask: [20:31:10.098 ] miio_net: wifi scanning channel 1 for 120ms...
[20:31:11:440][  331.107000] [  INFO] netMonitorTask: [20:31:10.107 ] miio_net: Wifi scan done
[20:31:11:440][  331.114000] [  INFO] netMonitorTask: bl616_wifi_sta_scan: Start scan ssid:Xiaomi_be3600, bssid:FF:FF:FF:FF:FF:FF, channel:1
[20:31:11:456][  331.125000] [  INFO] wifi_driver: platform_hook_prevent_sleep: event: SCAN, prevent: 1
[20:31:11:617][  331.292000] [  INFO] wifi_driver: platform_hook_prevent_sleep: event: SCAN, prevent: 0
[20:31:11:617][  331.298000] [  INFO] wifi_driver: bl616_wifi_event_handler: [APP] [EVT] CODE_WIFI_ON_SCAN_DONE
[20:31:11:633][  331.307000] [ ERROR] netMonitorTask: wapi_scan_stat: ioctl(SIOCGIWSCAN): 2
[20:31:11:633][  331.313000] [ DEBUG] netMonitorTask: [20:31:10.313 ] arch_wifi: unable to scan the ap Xiaomi_be3600 with ch: 1
[20:31:11:649][  331.323000] [ DEBUG] netMonitorTask: [20:31:10.323 ] miio_net: wifi scanning channel 1 for 120ms...
[20:31:11:649][  331.332000] [  INFO] netMonitorTask: [20:31:10.332 ] miio_net: Wifi scan done
[20:31:11:669][  331.340000] [  INFO] netMonitorTask: bl616_wifi_sta_scan: Start scan ssid:Xiaomi_be3600, bssid:FF:FF:FF:FF:FF:FF, channel:1
[20:31:11:682][  331.351000] [  INFO] wifi_driver: platform_hook_prevent_sleep: event: SCAN, prevent: 1
[20:31:11:841][  331.519000] [  INFO] wifi_driver: platform_hook_prevent_sleep: event: SCAN, prevent: 0
[20:31:11:858][  331.524000] [  INFO] wifi_driver: bl616_wifi_event_handler: [APP] [EVT] CODE_WIFI_ON_SCAN_DONE
[20:31:11:861][  331.533000] [ ERROR] netMonitorTask: wapi_scan_stat: ioctl(SIOCGIWSCAN): 2
[20:31:11:945][  331.539000] [ DEBUG] netMonitorTask: [20:31:10.539 ] arch_wifi: unable to scan the ap Xiaomi_be3600 with ch: 1
[20:31:11:945][  331.550000] [ DEBUG] netMonitorTask: [20:31:10.549 ] miio_net: wifi scanning channel 1 for 120ms...
[20:31:11:945][  331.558000] [  INFO] netMonitorTask: [20:31:10.558 ] miio_net: Wifi scan done
[20:31:11:945][  331.566000] [  INFO] netMonitorTask: bl616_wifi_sta_scan: Start scan ssid:Xiaomi_be3600, bssid:FF:FF:FF:FF:FF:FF, channel:1
[20:31:11:945][  331.577000] [  INFO] wifi_driver: platform_hook_prevent_sleep: event: SCAN, prevent: 1
[20:31:12:064][  331.746000] [  INFO] wifi_driver: platform_hook_prevent_sleep: event: SCAN, prevent: 0
[20:31:12:080][  331.752000] [  INFO] wifi_driver: bl616_wifi_event_handler: [APP] [EVT] CODE_WIFI_ON_SCAN_DONE
[20:31:12:080][  331.761000] [ ERROR] netMonitorTask: wapi_scan_stat: ioctl(SIOCGIWSCAN): 2
[20:31:12:096][  331.767000] [ DEBUG] netMonitorTask: [20:31:10.767 ] arch_wifi: unable to scan the ap Xiaomi_be3600 with ch: 1
[20:31:12:112][  331.777000] [ DEBUG] netMonitorTask: [20:31:10.777 ] miio_net: wifi scanning channel 1 for 120ms...
[20:31:12:112][  331.786000] [  INFO] netMonitorTask: [20:31:10.786 ] miio_net: Wifi scan done
[20:31:12:128][  331.794000] [  INFO] netMonitorTask: bl616_wifi_sta_scan: Start scan ssid:Xiaomi_be3600, bssid:FF:FF:FF:FF:FF:FF, channel:11
[20:31:12:144][  331.805000] [  INFO] wifi_driver: platform_hook_prevent_sleep: event: SCAN, prevent: 1
[20:31:12:287][  331.972000] [  INFO] wifi_driver: platform_hook_prevent_sleep: event: SCAN, prevent: 0
[20:31:12:303][  331.978000] [  INFO] wifi_driver: bl616_wifi_event_handler: [APP] [EVT] CODE_WIFI_ON_SCAN_DONE
[20:31:12:320][  331.987000] [ DEBUG] netMonitorTask: [20:31:10.987 ] miio_net: wifi scanning channel 11 for 120ms...
[20:31:12:320][  331.996000] [  INFO] netMonitorTask: [20:31:10.996 ] miio_net: Wifi scan done
[20:31:12:335][  332.003000] [NOTICE] netMonitorTask: [20:31:11.003 ] miio_net: insert ssid=Xiaomi_be3600, bssid=42:EE:97:F0:4C:60, pri=11, rssi=-28, authmode=4
[20:31:12:335][  332.016000] [  INFO] netMonitorTask: bl616_wifi_sta_scan: Start scan ssid:Xiaomi_be3600, bssid:FF:FF:FF:FF:FF:FF, channel:11
[20:31:12:367][  332.027000] [  INFO] wifi_driver: platform_hook_prevent_sleep: event: SCAN, prevent: 1
[20:31:12:557][  332.194000] [  INFO] wifi_driver: platform_hook_prevent_sleep: event: SCAN, prevent: 0
[20:31:12:557][  332.200000] [  INFO] wifi_driver: bl616_wifi_event_handler: [APP] [EVT] CODE_WIFI_ON_SCAN_DONE
[20:31:12:557][  332.209000] [ DEBUG] netMonitorTask: [20:31:11.209 ] miio_net: wifi scanning channel 11 for 120ms...
[20:31:12:557][  332.218000] [  INFO] netMonitorTask: [20:31:11.218 ] miio_net: Wifi scan done
[20:31:12:557][  332.225000] [ DEBUG] netMonitorTask: [20:31:11.225 ] miio_net: rssi update from -28 to -27
[20:31:12:557][  332.233000] [  INFO] netMonitorTask: bl616_wifi_sta_scan: Start scan ssid:Xiaomi_be3600, bssid:FF:FF:FF:FF:FF:FF, channel:11
[20:31:12:589][  332.244000] [  INFO] wifi_driver: platform_hook_prevent_sleep: event: SCAN, prevent: 1
[20:31:12:732][  332.411000] [  INFO] wifi_driver: platform_hook_prevent_sleep: event: SCAN, prevent: 0
[20:31:12:748][  332.417000] [  INFO] wifi_driver: bl616_wifi_event_handler: [APP] [EVT] CODE_WIFI_ON_SCAN_DONE
[20:31:12:748][  332.426000] [ DEBUG] netMonitorTask: [20:31:11.426 ] miio_net: wifi scanning channel 11 for 120ms...
[20:31:12:764][  332.434000] [  INFO] netMonitorTask: [20:31:11.434 ] miio_net: Wifi scan done
[20:31:12:764][  332.442000] [  INFO] netMonitorTask: bl616_wifi_sta_scan: Start scan ssid:Xiaomi_be3600, bssid:FF:FF:FF:FF:FF:FF, channel:11
[20:31:12:796][  332.453000] [  INFO] wifi_driver: platform_hook_prevent_sleep: event: SCAN, prevent: 1
[20:31:12:939][  332.620000] [  INFO] wifi_driver: platform_hook_prevent_sleep: event: SCAN, prevent: 0
[20:31:12:955][  332.626000] [  INFO] wifi_driver: bl616_wifi_event_handler: [APP] [EVT] CODE_WIFI_ON_SCAN_DONE
[20:31:12:966][  332.635000] [ DEBUG] netMonitorTask: [20:31:11.635 ] miio_net: wifi scanning channel 11 for 120ms...
[20:31:12:971][  332.643000] [  INFO] netMonitorTask: [20:31:11.643 ] miio_net: Wifi scan done
[20:31:12:971][  332.651000] [  INFO] netMonitorTask: bl616_wifi_sta_scan: Start scan ssid:Xiaomi_be3600, bssid:FF:FF:FF:FF:FF:FF, channel:11
[20:31:13:003][  332.662000] [  INFO] wifi_driver: platform_hook_prevent_sleep: event: SCAN, prevent: 1
[20:31:13:168][  332.829000] [  INFO] wifi_driver: platform_hook_prevent_sleep: event: SCAN, prevent: 0
[20:31:13:168][  332.834000] [  INFO] wifi_driver: bl616_wifi_event_handler: [APP] [EVT] CODE_WIFI_ON_SCAN_DONE
[20:31:13:177][  332.844000] [ DEBUG] netMonitorTask: [20:31:11.843 ] miio_net: wifi scanning channel 11 for 120ms...
[20:31:13:177][  332.852000] [  INFO] netMonitorTask: [20:31:11.852 ] miio_net: Wifi scan done
[20:31:13:177][  332.860000] [  INFO] netMonitorTask: bl616_wifi_sta_scan: Start scan ssid:Xiaomi_be3600, bssid:FF:FF:FF:FF:FF:FF, channel:2
[20:31:13:209][  332.870000] [  INFO] wifi_driver: platform_hook_prevent_sleep: event: SCAN, prevent: 1
[20:31:13:367][  333.039000] [  INFO] wifi_driver: platform_hook_prevent_sleep: event: SCAN, prevent: 0
[20:31:13:367][  333.044000] [  INFO] wifi_driver: bl616_wifi_event_handler: [APP] [EVT] CODE_WIFI_ON_SCAN_DONE
[20:31:13:383][  333.053000] [ ERROR] netMonitorTask: wapi_scan_stat: ioctl(SIOCGIWSCAN): 2
[20:31:13:394][  333.060000] [ DEBUG] netMonitorTask: [20:31:12.060 ] arch_wifi: unable to scan the ap Xiaomi_be3600 with ch: 2
[20:31:13:399][  333.070000] [ DEBUG] netMonitorTask: [20:31:12.070 ] miio_net: wifi scanning channel 2 for 120ms...
[20:31:13:399][  333.079000] [  INFO] netMonitorTask: [20:31:12.079 ] miio_net: Wifi scan done
[20:31:13:431][  333.086000] [  INFO] netMonitorTask: bl616_wifi_sta_scan: Start scan ssid:Xiaomi_be3600, bssid:FF:FF:FF:FF:FF:FF, channel:3
[20:31:13:431][  333.097000] [  INFO] wifi_driver: platform_hook_prevent_sleep: event: SCAN, prevent: 1
[20:31:13:592][  333.264000] [  INFO] wifi_driver: platform_hook_prevent_sleep: event: SCAN, prevent: 0
[20:31:13:598][  333.270000] [  INFO] wifi_driver: bl616_wifi_event_handler: [APP] [EVT] CODE_WIFI_ON_SCAN_DONE
[20:31:13:617][  333.278000] [ ERROR] netMonitorTask: wapi_scan_stat: ioctl(SIOCGIWSCAN): 2
[20:31:13:617][  333.285000] [ DEBUG] netMonitorTask: [20:31:12.285 ] arch_wifi: unable to scan the ap Xiaomi_be3600 with ch: 3
[20:31:13:622][  333.295000] [ DEBUG] netMonitorTask: [20:31:12.295 ] miio_net: wifi scanning channel 3 for 120ms...
[20:31:13:622][  333.304000] [  INFO] netMonitorTask: [20:31:12.304 ] miio_net: Wifi scan done
[20:31:13:638][  333.312000] [  INFO] netMonitorTask: bl616_wifi_sta_scan: Start scan ssid:Xiaomi_be3600, bssid:FF:FF:FF:FF:FF:FF, channel:4
[20:31:13:654][  333.322000] [  INFO] wifi_driver: platform_hook_prevent_sleep: event: SCAN, prevent: 1
[20:31:13:814][  333.490000] [  INFO] wifi_driver: platform_hook_prevent_sleep: event: SCAN, prevent: 0
[20:31:13:814][  333.495000] [  INFO] wifi_driver: bl616_wifi_event_handler: [APP] [EVT] CODE_WIFI_ON_SCAN_DONE
[20:31:13:846][  333.504000] [ ERROR] netMonitorTask: wapi_scan_stat: ioctl(SIOCGIWSCAN): 2
[20:31:13:846][  333.510000] [ DEBUG] netMonitorTask: [20:31:12.510 ] arch_wifi: unable to scan the ap Xiaomi_be3600 with ch: 4
[20:31:13:846][  333.521000] [ DEBUG] netMonitorTask: [20:31:12.521 ] miio_net: wifi scanning channel 4 for 120ms...
[20:31:13:862][  333.530000] [  INFO] netMonitorTask: [20:31:12.529 ] miio_net: Wifi scan done
[20:31:13:862][  333.537000] [  INFO] netMonitorTask: bl616_wifi_sta_scan: Start scan ssid:Xiaomi_be3600, bssid:FF:FF:FF:FF:FF:FF, channel:5
[20:31:13:878][  333.548000] [  INFO] wifi_driver: platform_hook_prevent_sleep: event: SCAN, prevent: 1
[20:31:14:038][  333.715000] [  INFO] wifi_driver: platform_hook_prevent_sleep: event: SCAN, prevent: 0
[20:31:14:054][  333.720000] [  INFO] wifi_driver: bl616_wifi_event_handler: [APP] [EVT] CODE_WIFI_ON_SCAN_DONE
[20:31:14:054][  333.729000] [ ERROR] netMonitorTask: wapi_scan_stat: ioctl(SIOCGIWSCAN): 2
[20:31:14:070][  333.736000] [ DEBUG] netMonitorTask: [20:31:12.736 ] arch_wifi: unable to scan the ap Xiaomi_be3600 with ch: 5
[20:31:14:070][  333.746000] [ DEBUG] netMonitorTask: [20:31:12.746 ] miio_net: wifi scanning channel 5 for 120ms...
[20:31:14:086][  333.755000] [  INFO] netMonitorTask: [20:31:12.755 ] miio_net: Wifi scan done
[20:31:14:086][  333.762000] [  INFO] netMonitorTask: bl616_wifi_sta_scan: Start scan ssid:Xiaomi_be3600, bssid:FF:FF:FF:FF:FF:FF, channel:7
[20:31:14:117][  333.773000] [  INFO] wifi_driver: platform_hook_prevent_sleep: event: SCAN, prevent: 1
[20:31:14:261][  333.940000] [  INFO] wifi_driver: platform_hook_prevent_sleep: event: SCAN, prevent: 0
[20:31:14:277][  333.945000] [  INFO] wifi_driver: bl616_wifi_event_handler: [APP] [EVT] CODE_WIFI_ON_SCAN_DONE
[20:31:14:277][  333.954000] [ ERROR] netMonitorTask: wapi_scan_stat: ioctl(SIOCGIWSCAN): 2
[20:31:14:293][  333.961000] [ DEBUG] netMonitorTask: [20:31:12.961 ] arch_wifi: unable to scan the ap Xiaomi_be3600 with ch: 7
[20:31:14:293][  333.971000] [ DEBUG] netMonitorTask: [20:31:12.971 ] miio_net: wifi scanning channel 7 for 120ms...
[20:31:14:309][  333.980000] [  INFO] netMonitorTask: [20:31:12.980 ] miio_net: Wifi scan done
[20:31:14:311][  333.987000] [  INFO] netMonitorTask: bl616_wifi_sta_scan: Start scan ssid:Xiaomi_be3600, bssid:FF:FF:FF:FF:FF:FF, channel:8
[20:31:14:341][  333.998000] [  INFO] wifi_driver: platform_hook_prevent_sleep: event: SCAN, prevent: 1
[20:31:14:485][  334.165000] [  INFO] wifi_driver: platform_hook_prevent_sleep: event: SCAN, prevent: 0
[20:31:14:501][  334.171000] [  INFO] wifi_driver: bl616_wifi_event_handler: [APP] [EVT] CODE_WIFI_ON_SCAN_DONE
[20:31:14:501][  334.179000] [ ERROR] netMonitorTask: wapi_scan_stat: ioctl(SIOCGIWSCAN): 2
[20:31:14:517][  334.186000] [ DEBUG] netMonitorTask: [20:31:13.186 ] arch_wifi: unable to scan the ap Xiaomi_be3600 with ch: 8
[20:31:14:517][  334.196000] [ DEBUG] netMonitorTask: [20:31:13.196 ] miio_net: wifi scanning channel 8 for 120ms...
[20:31:14:533][  334.205000] [  INFO] netMonitorTask: [20:31:13.205 ] miio_net: Wifi scan done
[20:31:14:533][  334.213000] [  INFO] netMonitorTask: bl616_wifi_sta_scan: Start scan ssid:Xiaomi_be3600, bssid:FF:FF:FF:FF:FF:FF, channel:9
[20:31:14:565][  334.223000] [  INFO] wifi_driver: platform_hook_prevent_sleep: event: SCAN, prevent: 1
[20:31:14:709][  334.391000] [  INFO] wifi_driver: platform_hook_prevent_sleep: event: SCAN, prevent: 0
[20:31:14:725][  334.397000] [  INFO] wifi_driver: bl616_wifi_event_handler: [APP] [EVT] CODE_WIFI_ON_SCAN_DONE
[20:31:14:725][  334.405000] [ ERROR] netMonitorTask: wapi_scan_stat: ioctl(SIOCGIWSCAN): 2
[20:31:14:741][  334.412000] [ DEBUG] netMonitorTask: [20:31:13.412 ] arch_wifi: unable to scan the ap Xiaomi_be3600 with ch: 9
[20:31:14:757][  334.422000] [ DEBUG] netMonitorTask: [20:31:13.422 ] miio_net: wifi scanning channel 9 for 120ms...
[20:31:14:757][  334.431000] [  INFO] netMonitorTask: [20:31:13.431 ] miio_net: Wifi scan done
[20:31:14:772][  334.439000] [  INFO] netMonitorTask: bl616_wifi_sta_scan: Start scan ssid:Xiaomi_be3600, bssid:FF:FF:FF:FF:FF:FF, channel:10
[20:31:14:788][  334.450000] [  INFO] wifi_driver: platform_hook_prevent_sleep: event: SCAN, prevent: 1
[20:31:14:932][  334.617000] [  INFO] wifi_driver: platform_hook_prevent_sleep: event: SCAN, prevent: 0
[20:31:14:948][  334.622000] [  INFO] wifi_driver: bl616_wifi_event_handler: [APP] [EVT] CODE_WIFI_ON_SCAN_DONE
[20:31:14:964][  334.631000] [ DEBUG] netMonitorTask: [20:31:13.631 ] miio_net: wifi scanning channel 10 for 120ms...
[20:31:14:964][  334.640000] [  INFO] netMonitorTask: [20:31:13.640 ] miio_net: Wifi scan done
[20:31:14:980][  334.647000] [  INFO] netMonitorTask: bl616_wifi_sta_scan: Start scan ssid:Xiaomi_be3600, bssid:FF:FF:FF:FF:FF:FF, channel:12
[20:31:14:996][  334.658000] [  INFO] wifi_driver: platform_hook_prevent_sleep: event: SCAN, prevent: 1
[20:31:15:155][  334.825000] [  INFO] wifi_driver: platform_hook_prevent_sleep: event: SCAN, prevent: 0
[20:31:15:155][  334.831000] [  INFO] wifi_driver: bl616_wifi_event_handler: [APP] [EVT] CODE_WIFI_ON_SCAN_DONE
[20:31:15:171][  334.839000] [ ERROR] netMonitorTask: wapi_scan_stat: ioctl(SIOCGIWSCAN): 2
[20:31:15:171][  334.846000] [ DEBUG] netMonitorTask: [20:31:13.846 ] arch_wifi: unable to scan the ap Xiaomi_be3600 with ch: 12
[20:31:15:186][  334.856000] [ DEBUG] netMonitorTask: [20:31:13.856 ] miio_net: wifi scanning channel 12 for 120ms...
[20:31:15:186][  334.865000] [  INFO] netMonitorTask: [20:31:13.865 ] miio_net: Wifi scan done
[20:31:15:218][  334.873000] [  INFO] netMonitorTask: bl616_wifi_sta_scan: Start scan ssid:Xiaomi_be3600, bssid:FF:FF:FF:FF:FF:FF, channel:13
[20:31:15:218][  334.884000] [  INFO] wifi_driver: platform_hook_prevent_sleep: event: SCAN, prevent: 1
[20:31:15:379][  335.051000] [  INFO] wifi_driver: platform_hook_prevent_sleep: event: SCAN, prevent: 0
[20:31:15:379][  335.056000] [  INFO] wifi_driver: bl616_wifi_event_handler: [APP] [EVT] CODE_WIFI_ON_SCAN_DONE
[20:31:15:396][  335.065000] [ ERROR] netMonitorTask: wapi_scan_stat: ioctl(SIOCGIWSCAN): 2
[20:31:15:396][  335.072000] [ DEBUG] netMonitorTask: [20:31:14.072 ] arch_wifi: unable to scan the ap Xiaomi_be3600 with ch: 13
[20:31:15:409][  335.082000] [ DEBUG] netMonitorTask: [20:31:14.082 ] miio_net: wifi scanning channel 13 for 120ms...
[20:31:15:409][  335.091000] [  INFO] netMonitorTask: [20:31:14.091 ] miio_net: Wifi scan done
[20:31:15:425][  335.098000] [NOTICE] netMonitorTask: [20:31:14.098 ] miio_net: wifi scan finished, 1 Xiaomi_be3600 found.
[20:31:15:441][  335.108000] [ DEBUG] netMonitorTask: [20:31:14.107 ] miio_net: complete scan results 1, ssid=Xiaomi_be3600, bssid=42:EE:97:F0:4C:60, pri=11, rssi=-27, automode=4, pairwise_cipher=0, group_cipher=0, phy_mode=0
[20:31:15:457][  335.126000] [NOTICE] netMonitorTask: [20:31:14.126 ] miio_net: bingo ssid=Xiaomi_be3600, bssid=42:EE:97:F0:4C:60, pri=11, rssi=-27
[20:31:15:457][  335.139000] [  INFO] netMonitorTask: bl616_wifi_sta_freq: set channel: 11, freq: 2462
[20:31:15:473][  335.146000] [  INFO] netMonitorTask: bl616_wifi_sta_connect: connect ssid:Xiaomi_be3600
[20:31:15:473][  335.153000] [  INFO] netMonitorTask: bl616_wifi_sta_connect: connect bssid:42:ee:97:f0:4c:60
[20:31:15:489][  335.162000] [  INFO] netMonitorTask: bl616_wifi_sta_connect: connect channel:11
[20:31:15:489][  335.169000] [  INFO] netMonitorTask: bl616_wifi_sta_connect: PTA 2 -> 4, window 8 interval 160
[20:31:15:505][  335.178000] [ DEBUG] netMonitorTask: start connecting ... 
[20:31:15:505][  335.183000] [  INFO] netMonitorTask: platform_hook_prevent_sleep: event: CONNECT, prevent: 1
[20:31:15:521][  335.194000] [ DEBUG] WPA: [WPA] wpa_supplicant_deinit_iface: send deauth, Line:6778
[20:31:15:521][  335.199000] [ DEBUG] WPA: Request to deauthenticate - bssid=00:00:00:00:00:00 pending_bssid=00:00:00:00:00:00 reason=3 (DEAUTH_LEAVING) state=DISCONNECTED
[20:31:15:537][  335.214000] [ DEBUG] WPA: {FVIF-0} Driver RWNX deinit
[20:31:15:537][  335.218000] [ DEBUG] CONNECT: {FVIF-0} WPA interface removed
[20:31:15:552][  335.225000] [ DEBUG] WPA: Driver RWNX init for wl0
[20:31:15:552][  335.230000] [ DEBUG] WPA: l2 filter 0x62fcb638, sock 3, netif 0x62fe2fc8 
[20:31:15:552][  335.237000] [ DEBUG] CONNECT: {FVIF-0} WPA interface added
[20:31:15:572][  335.242000] [ DEBUG] CONNECT: Exec key_mgmt WPA-PSK WPA-PSK-SHA256 SAE
[20:31:15:572][  335.248000] [ DEBUG] CONNECT: Exec pairwise TKIP CCMP GCMP GCMP-256 CCMP-256
[20:31:15:585][  335.255000] [ DEBUG] CONNECT: Exec group TKIP CCMP GCMP GCMP-256 CCMP-256
[20:31:15:585][  335.261000] [ DEBUG] CONNECT: Exec ieee80211w 1
[20:31:15:585][  335.266000] [ DEBUG] CONNECT: Exec scan_ssid 1
[20:31:15:601][  335.270000] [ DEBUG] CONNECT: Exec bssid 42:EE:97:F0:4C:60
[20:31:15:617][  335.276000] [ DEBUG] CONNECT: Exec scan_freq 2462 2462 
[20:31:15:617][  335.281000] [ DEBUG] CONNECT: Exec ssid "Xiaomi_be3600"
[20:31:15:793][  335.477000] [ DEBUG] CONNECT: WPA network 0: created and configured
[20:31:15:825][  335.481000] [  INFO] wifi_driver: platform_hook_prevent_sleep: event: SCAN, prevent: 1
[20:31:15:825][  335.499000] [ DEBUG] WPA: Add bssid 42:EE:97:F0:4C:60
[20:31:15:840][  335.512000] [ DEBUG] WPA: Add bssid 42:EE:97:F0:4C:60
[20:31:15:937][  335.614000] [  INFO] wifi_driver: platform_hook_prevent_sleep: event: SCAN, prevent: 0
[20:31:15:953][  335.620000] [ DEBUG] WPA: A] CTRL-EVENT-BSS-ADDED 0 42:EE:97:F0:4C:60
[20:31:15:968][  335.626000] [ DEBUG] WPA: A] CTRL-EVENT-SCAN-RESULTS 
[20:31:15:985][  335.670000] [ DEBUG] WPA: A] Trying to associate with 42:EE:97:F0:4C:60 (SSID='Xiaomi_be3600' freq=2462 MHz)
[20:31:16:001][  335.679000] [ DEBUG] wifi_fw: === sm_connect_req_handler sm_env.auth_retry_gap = 0
[20:31:16:017][  335.687000] [ DEBUG] wifi_fw: hecap    phy[0]=02,phy[1]=6f,phy[2]=42,phy[3]=c9
[20:31:16:017][  335.693000] [ DEBUG] wifi_fw: hecaploc phy[0]=00,phy[1]=e0,phy[2]=2b,phy[3]=43
[20:31:16:033][  335.700000] [ DEBUG] wifi_fw: rc_init: station_id=1 format_mod=5 pre_type=0 short_gi=1 max_bw=0
[20:31:16:033][  335.709000] [ DEBUG] wifi_fw: rc_init: nss_max=0 mcs_max=9 r_idx_min=0 r_idx_max=3 no_samples=10
[20:31:16:048][  335.721000] [ DEBUG] wifi_fw: [FU]Set timer,state is 5,ongoing++, timeout:512000
[20:31:16:048][  335.726000] [ DEBUG] wifi_fw: [FL]RECV AUTH,sn:1666
[20:31:16:048][  335.730000] [ DEBUG] wifi_fw: [FU]RECV AUTH,sn:1666
[20:31:16:064][  335.735000] [ DEBUG] wifi_fw: [FU]Rx handler,state:5,fctl:0xb0
[20:31:16:064][  335.741000] [ DEBUG] wifi_fw: [FU]Clear timer in auth handler
[20:31:16:064][  335.747000] [ DEBUG] wifi_fw: [FU]Set timer,state is 8,ongoing++, timeout:1024000
[20:31:16:080][  335.754000] [ DEBUG] wifi_fw: [FU]Tx cfm ongoing--, value is 0
[20:31:16:080][  335.760000] [ DEBUG] wifi_fw: [FL]RECV ASSOCRSP,sn:1667
[20:31:16:096][  335.765000] [ DEBUG] wifi_fw: [FU]RECV ASSOCRSP,sn:1667
[20:31:16:096][  335.771000] [ DEBUG] wifi_fw: [FU]Rx handler,state:8,fctl:0x10
[20:31:16:096][  335.776000] [ DEBUG] wifi_fw: [FU]Clear timer in assoc rsp handler
[20:31:16:112][  335.783000] [ DEBUG] wifi_fw: === sm_connect_ind sm_env.auth_retry_gap = 0
[20:31:16:112][  335.791000] [ DEBUG] WPA: A] Associated with 42:EE:97:F0:4C:60
[20:31:16:128][  335.799000] [ DEBUG] WPA: A] CTRL-EVENT-SUBNET-STATUS-UPDATE status=0
[20:31:16:150][  335.816000] [ DEBUG] WPA: A] WPA: Key negotiation completed with 42:EE:97:F0:4C:60 [PTK=CCMP GTK=CCMP]
[20:31:16:150][  335.824000] [ DEBUG] WPA: A] CTRL-EVENT-CONNECTED - Connection to 42:EE:97:F0:4C:60 completed [id=0 id_str=]
[20:31:16:160][  335.833000] [ DEBUG] WPA: wpa_supplicant_ctrl_iface_msg_cb: cmd send succeded, txt is CTRL-EVENT-CONNECTED - Connection to 42:EE:97:F0:4C:60 completed [id=0 id_str=]
[20:31:16:176][  335.848000] [ DEBUG] WPA: {FVIF-0} enter FHOST_WPA_STATE_CONNECTED
[20:31:16:176][  335.854000] [  INFO] WPA: platform_hook_prevent_sleep: event: CONNECT, prevent: 0
[20:31:16:193][  335.862000] [ DEBUG] wifi_driver: =================================================================
[20:31:16:193][  335.871000] [ DEBUG] wifi_driver: [AT][RX] Connection Status
[20:31:16:193][  335.876000] [ DEBUG] wifi_driver: [AT][RX]   status_code 0
[20:31:16:209][  335.882000] [ DEBUG] wifi_driver: [AT][RX]   reason_code 0
[20:31:16:209][  335.887000] [ DEBUG] wifi_driver: [AT][RX]   status detail: sm connect ind ok
[20:31:16:225][  335.894000] [ DEBUG] wifi_driver: [AT][RX]   MAC 42:EE:97:F0:4C:60
[20:31:16:225][  335.901000] [ DEBUG] wifi_driver: [AT][RX]   vif_idx 0
[20:31:16:225][  335.906000] [ DEBUG] wifi_driver: [AT][RX]   ap_idx 1
[20:31:16:241][  335.911000] [ DEBUG] wifi_driver: [AT][RX]   ch_idx 1
[20:31:16:241][  335.916000] [ DEBUG] wifi_driver: [AT][RX]   qos 1
[20:31:16:241][  335.921000] [ DEBUG] wifi_driver: [AT][RX]   aid 5
[20:31:16:257][  335.925000] [ DEBUG] wifi_driver: [AT][RX]   band 2.4G
[20:31:16:257][  335.930000] [ DEBUG] wifi_driver: [AT][RX]   channel 11
[20:31:16:257][  335.936000] [ DEBUG] wifi_driver: =================================================================
[20:31:16:273][  335.945000] [  INFO] wifi_driver: platform_hook_prevent_sleep: event: CONNECT, prevent: 0
[20:31:16:273][  335.953000] [  INFO] wifi_driver: bl616_wlan_sta_set_linkstatus: INFO: Wi-Fi station link up 0
[20:31:16:289][  335.961000] [  INFO] wifi_driver: bl616_wifi_event_handler: [APP] [EVT] CODE_WIFI_ON_CONNECTED
[20:31:16:305][  335.970000] [  INFO] wifi_driver: platform_hook_prevent_sleep: event: CONNECT, prevent: 0
[20:31:16:305][  335.980000] [ DEBUG] CONNECT: WPA network 0: connected
[20:31:16:305][  335.984000] [  INFO] netMonitorTask: [20:31:14.984 ] arch_wifi: dhcp begin
[20:31:16:321][  335.993000] [NOTICE] miio_client: [20:31:14.993 ] miio_netlink: wlan0 link up
[20:31:17:554][  337.227000] [  INFO] netMonitorTask: [20:31:16.227 ] arch_wifi: dhcp end
[20:31:17:554][  337.231000] [NOTICE] netMonitorTask: [20:31:16.231 ] miio_net: Wifi station connected
[20:31:17:570][  337.239000] [NOTICE] netMonitorTask: [20:31:16.239 ] miio_net: Wifi station got ip
[20:31:17:570][  337.246000] [  INFO] netMonitorTask: [20:31:16.246 ] arch_net: Current IP Info:
[20:31:17:585][  337.254000] [  INFO] netMonitorTask: [20:31:16.254 ] arch_net: IP[192.168.3.70]
[20:31:17:585][  337.261000] [  INFO] netMonitorTask: [20:31:16.261 ] arch_net: Netmask[255.255.255.0]
[20:31:17:601][  337.269000] [  INFO] netMonitorTask: [20:31:16.269 ] arch_net: Gateway[192.168.3.1]
[20:31:17:601][  337.278000] [ DEBUG] netMonitorTask: [20:31:16.278 ] miio_net: <**************Start PowerAdjustTimer *************>
[20:31:17:617][  337.287000] [ DEBUG] netMonitorTask: [20:31:16.287 ] ot: event emit[id=2,txt=otn.mode,ext_len=1]
[20:31:17:617][  337.299000] [ DEBUG] mi_otn: [20:31:16.299 ] miio_ot: otn.mode[2] happened!
[20:31:17:633][  337.303000] [  INFO] mi_otn: [20:31:16.303 ] miio_net: miio_net_provision_stat_hook called
[20:31:17:633][  337.312000] [ DEBUG] mi_otn: [20:31:16.311 ] ots: set ctrl[type=1, arg_len=68]
[20:31:17:649][  337.319000] [ DEBUG] mi_otn: [20:31:16.319 ] otu: set ctrl[type=1, arg_len=0]
[20:31:17:649][  337.326000] [ DEBUG] mi_otn: [20:31:16.326 ] miio_ot: otn.mode[2] event finished!
[20:31:17:665][  337.334000] [ DEBUG] miio_client: [20:31:16.334 ] miio_netlink: 24
[20:31:17:665]
[20:31:17:669][  337.339000] [ DEBUG] miio_client: [20:31:16.339 ] miio_netlink: rth->type: 2
[20:31:17:669]
[20:31:17:669][  337.347000] [ DEBUG] miio_client: [20:31:16.347 ] miio_netlink: wlan0 add address 192.168.3.70
[20:31:17:669]
[20:31:17:682][  337.356000] [ DEBUG] miio_client: [20:31:16.356 ] miio_netlink: 24
[20:31:17:682]
[20:31:17:682][  337.363000] [ DEBUG] miio_client: [20:31:16.363 ] miio_netlink: rth->type: 2
[20:31:17:682]
[20:31:17:699][  337.371000] [ DEBUG] miio_client: [20:31:16.371 ] miio_netlink: wlan0 add address 192.168.3.70
[20:31:17:699]
[20:31:17:699][  337.379000] [ DEBUG] ots_task: [20:31:16.379 ] ots: get ctrl[type=1, arg_len=68]
[20:31:17:713][  337.389000] [ DEBUG] ots_task: [20:31:16.389 ] ots: event emit[id=4,txt=ots.resolve_ok,ext_len=100]
[20:31:17:729][  337.396000] [ DEBUG] ots_task: [20:31:16.396 ] ots: ots is connecting...
[20:31:17:729][  337.403000] [ DEBUG] otu_task: [20:31:16.403 ] otu: get ctrl[type=1, arg_len=0]
[20:31:17:729][  337.410000] [ DEBUG] otu_task: [20:31:16.410 ] otu: otu is opening...
[20:31:17:745][  337.417000] [  INFO] otu_task: [20:31:16.417 ] otu: Opened.
[20:31:17:745][  337.422000] [ DEBUG] otu_task: [20:31:16.422 ] otu: event emit[id=6,txt=otu.open_ok,ext_len=0]
[20:31:17:761][  337.431000] [ DEBUG] mi_otn: [20:31:16.431 ] ots: ots.resolve_ok[4] happened!
[20:31:17:761][  337.438000] [ DEBUG] mi_otn: [20:31:16.437 ] ots: set ctrl[type=2, arg_len=100]
[20:31:17:777][  337.445000] [ DEBUG] mi_otn: [20:31:16.445 ] ots: backlist[0] = 39.101.90.207::443
[20:31:17:777][  337.452000] [ DEBUG] mi_otn: [20:31:16.452 ] ots: backlist[1] = 120.92.65.240::443
[20:31:17:793][  337.460000] [ DEBUG] mi_otn: [20:31:16.460 ] ots: login_timeout=270000
[20:31:17:793][  337.467000] [ DEBUG] mi_otn: [20:31:16.467 ] otu: otu.open_ok[6] happened!
[20:31:17:793][  337.474000] [ DEBUG] ots_task: [20:31:16.474 ] ots: get ctrl[type=2, arg_len=100]
[20:31:17:810][  337.481000] [NOTICE] ots_task: [20:31:16.481 ] ots: ots connect 124.251.34.212::443...
[20:31:17:810][  337.491000] [NOTICE] ots_task: [20:31:16.491 ] tls: opening
[20:31:17:826][  337.497000] [ DEBUG] ots_task: [20:31:16.497 ] tls: Loading the CA root certificate...
[20:31:17:826][  337.504000] [ DEBUG] ots_task: [20:31:16.504 ] tls: Setting up the SSL/TLS structure...
[20:31:17:842][  337.511000] [ DEBUG] ots_task: [20:31:16.511 ] tls: psk identity is DID=821847546.
[20:31:17:842][  337.518000] [ DEBUG] ots_task: [20:31:16.518 ] tls: configs->cert_verify is 0.
[20:31:17:858][  337.526000] [NOTICE] ots_task: [20:31:16.526 ] tls: connect to server Mijia Cloud, domain is 124.251.34.212, port is 443.
[20:31:18:146][  337.829000] [NOTICE] ots_task: [20:31:16.829 ] tls: Socket Connected.
[20:31:18:163][  337.833000] [ DEBUG] ots_task: [20:31:16.833 ] tls: TLS/SSL start handshake...
[20:31:19:745][  338.057000] [NOTICE] ots_task: [20:31:17.057 ] tls: handshake ok! Protocol is TLSv1.2, Ciphersuite is TLS-PSK-WITH-AES-128-GCM-SHA256.
[20:31:19:745][  338.066000] [NOTICE] ots_task: [20:31:17.066 ] ots: Connected.
[20:31:19:745][  338.072000] [  INFO] ots_task: [20:31:17.072 ] miio_net: miio_net_provision_stat_hook called
[20:31:19:745][  338.081000] [ DEBUG] ots_task: [20:31:17.081 ] ots: event emit[id=6,txt=ots.connect_ok,ext_len=72]
[20:31:19:745][  338.090000] [ DEBUG] mi_otn: [20:31:17.090 ] ots: ots.connect_ok[6] happened!
[20:31:19:745][  338.099000] [NOTICE] mi_otn: [20:31:17.099 ] ots: -->sync sent.
[20:31:19:745][  338.204000] [ DEBUG] mi_otn: [20:31:17.204 ] ots: login req = 0exiaomi.dev.bl3
[20:31:19:745][  338.211000] [NOTICE] mi_otn: [20:31:17.211 ] ots: -->login sent.
[20:31:19:745][  338.215000] [  INFO] mi_otn: [20:31:17.215 ] miio_net: miio_net_provision_stat_hook called
[20:31:19:745][  338.316000] [ DEBUG] ots_task: [20:31:17.316 ] ots: recvd 24Bytes
[20:31:19:745][  338.320000] [NOTICE] ots_task: [20:31:17.320 ] ots: <--sync ack.
[20:31:19:745][  338.326000] [ DEBUG] ots_task: [20:31:17.326 ] ots: sync costtime = 223
[20:31:19:745][  338.346000] [ DEBUG] ots_task: [20:31:18.346 ] ots: recvd 9Bytes
[20:31:19:745][  338.350000] [NOTICE] ots_task: [20:31:18.350 ] ots: <--login ack, code=0.
[20:31:19:745][  338.356000] [ DEBUG] ots_task: [20:31:18.356 ] ots: event emit[id=9,txt=ots.online,ext_len=0]
[20:31:19:745][  338.365000] [ DEBUG] ots_task: [20:31:18.365 ] ots: login elpased 150ms
[20:31:19:745][  338.372000] [ DEBUG] mi_otn: [20:31:18.372 ] ots: ots.online[9] happened!
[20:31:19:745][  338.378000] [ DEBUG] mi_otn: [20:31:18.378 ] ots: kplv_timeout=270000, kplv_interval=91000
[20:31:19:745][  338.387000] [ DEBUG] mi_otn: [20:31:18.387 ] miio_ot: ots.online[9] happened!
[20:31:19:745][  338.394000] [NOTICE] mi_otn: [20:31:18.394 ] miio_ot: info(ots) will start in 0 ms...
[20:31:19:745][  338.402000] [  INFO] mi_otn: [20:31:18.402 ] miio_instance: miio_online_hook_default called
[20:31:19:745][  338.412000] [ DEBUG] mi_otn: [20:31:18.412 ] miio_net: miio_net_online_hook called
[20:31:19:745][  338.417000] [ DEBUG] mi_otn: [20:31:18.417 ] miio_net: mible_mesh_common_bt already exit..
[20:31:19:745][  338.673000] [  INFO] mi_otn: [20:31:18.673 ] arch_wifi: calculate pmk cost: 243ms
[20:31:19:745][  338.678000] [ DEBUG] mi_otn: [20:31:18.678 ] miio_net: Connected AP RSSI: [-27]
[20:31:19:745][  338.700000] [ DEBUG] mi_otn: [20:31:18.699 ] miio_net: no need update fixed_ip
[20:31:19:745][  338.705000] [  INFO] mi_otn: [20:31:18.705 ] miio_net_analyse: reporting the miio offline information 
[20:31:19:745][  338.828000] [  INFO] mi_otn: [20:31:18.828 ] miio_net_analyse: miio_online_stats_gather 
[20:31:19:745][  338.835000] [  INFO] mi_otn: [20:31:18.835 ] miio_net_analyse: prepare online event information ip=192.168.3.70, gw=192.168.3.1, netmask=255.255.255.0, rssi=-27
[20:31:19:745][  338.848000] [ DEBUG] mi_otn: [20:31:18.848 ] miio_net: miio_recovery_report called
[20:31:19:745][  338.864000] [  INFO] mi_otn: [20:31:18.864 ] miio_pm: pm_config: 1
[20:31:19:745][  338.868000] [ DEBUG] mi_otn: [20:31:18.868 ] miio_net: mible_mesh_common_bt already exit..
[20:31:19:745][  338.876000] [  INFO] mi_otn: [20:31:18.876 ] miio_net: miio monitor switch to low power!
[20:31:19:745][  338.884000] [  INFO] mi_otn: [20:31:18.884 ] miio_pm: lock_status: 2, unlock[0]
[20:31:19:745][  338.892000] [  INFO] mi_otn: [20:31:18.891 ] miio_info: 2 props left, 2 events left.
[20:31:19:745][  338.899000] [  INFO] mi_otn: [20:31:18.899 ] miio_info: some props/events has not been sent, the switch will be excuted later..
[20:31:19:745][  338.912000] [  INFO] mi_otn: [20:31:18.912 ] arch_wifi: set powersave on ok!
[20:31:19:745][  338.918000] [  INFO] mi_otn: [20:31:18.918 ] arch_pm: pm_mode switch to 0 succeed!
[20:31:19:745][  338.925000] [  INFO] mi_otn: [20:31:18.925 ] miio_pm: lock_status: 0, unlock[1]
[20:31:19:745][  338.932000] [  INFO] mi_otn: [20:31:18.932 ] miio_pm_uart: Command Recv Timeout: 1800000
[20:31:19:745][  338.941000] [  INFO] mi_otn: [20:31:18.940 ] miio_pm_instance: enable uart sleep.
[20:31:19:745][  338.948000] [  WARN] mi_otn: [20:31:18.948 ] miio_client_func: Got online msg.
[20:31:19:745][  338.955000] [ DEBUG] mi_otn: [20:31:18.955 ] miio_client_func: method_local_broadcast_msg(), {"method": "local.status", "params": "cloud_connected"}
[20:31:19:745][  338.969000] [ DEBUG] mi_otn: [20:31:18.968 ] miio_ot: online_cnt = 2, offline_cnt = 1, switch_cnt = 0
[20:31:19:745][  338.980000] [  INFO] mi_otn: [20:31:18.980 ] miio_instance: miio_info_kvs_hook_default called
[20:31:19:745][  338.990000] [ DEBUG] mi_otn: [20:31:18.989 ] miio_net: miio_net_info_kvs_hook called
[20:31:19:745][  338.997000] [NOTICE] mi_otn: [20:31:18.997 ] miio_ot: up _otc.info:{"id":615645199,"method":"_otc.info","params":{"life":338,"model":"xiaomi.dev.bl3","token":"69aa************************aee4","ipflag":1,"fw_ver":"1.0.3","miio_ver":"0.1.0","hw_ver":"BL616-BL3","chip_ver":1,"mmfree":108808,"mac":"C4:93:BB:AD:C7:FF","wifi_fw_ver":"WifiVer.N\/A","ap":{"ssid":"Xiaomi_be3600","bssid":"42:EE:97:F0:4C:60","rssi":-27,"primary":11},"netif":{"localIp":"192.168.3.70","mask":"255.255.255.0","gw":"192.168.3.1"},"uid":1205295674}}
[20:31:19:745][  339.040000] [  INFO] mi_otn: [20:31:19.040 ] miio_ot: -->info(ots).
[20:31:19:745][  339.047000] [ DEBUG] mi_otn: [20:31:19.047 ] ots: ots_up_rpc_delegate_out_cb:{"id":562561036,"method":"_async.stat","params":{"miio.fixed_connect":{"ap_connect_fail":1,"ip_conflict":0,"rssi_changed":0,"online_costtime":337633},"model":"xiaomi.dev.bl3"}}
[20:31:19:745][  339.073000] [ DEBUG] mi_otn: [20:31:19.072 ] ots: ots_up_rpc_delegate_out_cb:{"id":1341194253,"method":"_async.stat","params":{"miio.offline":{"reason":40,"time":9,"wifi_disc_reason":2},"dev.info":{"localIp":"192.168.3.70","gw":"192.168.3.1","rssi":"-22"},"model":"xiaomi.dev.bl3","fw_ver":"1.0.3"}}
[20:31:19:745][  339.099000] [ DEBUG] mi_otn: [20:31:19.099 ] ots: ots_up_rpc_delegate_out_cb:{"id":598343694,"method":"_sync.get_upgrade_url","params":{"user_trigger":0}}
[20:31:19:745][  339.113000] [ DEBUG] mi_otn: [20:31:19.113 ] ots: ots_up_rpc_delegate_out_cb:{"id":615645199,"method":"_otc.info","params":{"life":338,"model":"xiaomi.dev.bl3","token":"69aa************************aee4","ipflag":1,"fw_ver":"1.0.3","miio_ver":"0.1.0","hw_ver":"BL616-BL3","chip_ver":1,"mmfree":108808,"mac":"C4:93:BB:AD:C7:FF","wifi_fw_ver":"WifiVer.N\/A","ap":{"ssid":"Xiaomi_be3600","bssid":"42:EE:97:F0:4C:60","rssi":-27,"primary":11},"netif":{"localIp":"192.168.3.70","mask":"255.255.255.0","gw":"192.168.3.1"},"uid":1205295674}}
[20:31:19:745][  339.160000] [  INFO] netMonitorTask: [20:31:19.160 ] miio_net: task_monitor enter powersave!
[20:31:19:745][  339.169000] [  WARN] Idle Task: bl616_pmtickless: --->>> [10]:On, [H]:130, [16777215:]
[20:31:19:745][  339.319000] [  WARN] Idle Task: bl616_pmtickless: <<<--- [R]:RTC, [R]:139, [W]:329, [L]:62
[20:31:19:745][  339.329000] [  WARN] Idle Task: bl616_pmtickless: --->>> [10]:On, [H]:73, [15:mi_otn]
[20:31:19:745][  339.422000] [  WARN] Idle Task: bl616_pmtickless: <<<--- [R]:RTC, [R]:82, [W]:329, [L]:62
[20:31:19:745][  339.431000] [  INFO] mi_otn: [20:31:19.431 ] miio_ot: -->pull ip list sent.
[20:31:19:776][  339.436000] [ DEBUG] mi_otn: [20:31:19.436 ] ots: ots_up_rpc_delegate_out_cb:{"id":233242640,"method":"_otc.pull_ip_list","params":{}}
[20:31:19:792][  339.456000] [  WARN] Idle Task: bl616_pmtickless: --->>> [10]:On, [H]:1529, [0:(]
[20:31:20:452][  340.128000] [  WARN] Idle Task: bl616_pmtickless: <<<--- [R]:WIFI, [R]:661, [W]:330, [L]:62
[20:31:20:475][  340.148000] [ DEBUG] ots_task: [20:31:20.147 ] ots: recvd 39Bytes
[20:31:20:475][  340.151000] [ DEBUG] ots_task: [20:31:20.151 ] ots: req or ack recvd.
[20:31:20:486][  340.161000] [ DEBUG] ots_task: [20:31:20.161 ] ots: {"id":562561036,"result":"ok"}.
[20:31:20:492][  340.166000] [ DEBUG] ots_task: [20:31:20.166 ] ots: send_cnt = 5[15], ack_cnt = 1[11,0], costtime = 1119[1968,1959]
[20:31:20:500][  340.176000] [ DEBUG] ots_task: [20:31:20.176 ] ots: event emit[id=11,txt=ots.keeplive,ext_len=0]
[20:31:20:509][  340.187000] [ DEBUG] ots_task: [20:31:20.186 ] ots: recvd 40Bytes
[20:31:20:509][  340.191000] [ DEBUG] ots_task: [20:31:20.191 ] ots: req or ack recvd.
[20:31:20:531][  340.198000] [ DEBUG] ots_task: [20:31:20.198 ] ots: {"id":1341194253,"result":"ok"}.
[20:31:20:531][  340.205000] [ DEBUG] ots_task: [20:31:20.205 ] ots: send_cnt = 5[15], ack_cnt = 2[12,0], costtime = 2252[1884,1876]
[20:31:20:534][  340.216000] [ DEBUG] ots_task: [20:31:20.216 ] ots: event emit[id=11,txt=ots.keeplive,ext_len=0]
[20:31:20:546][  340.225000] [ DEBUG] mi_otn: [20:31:20.225 ] ots: ots.keeplive[11] happened!
[20:31:20:546][  340.232000] [ DEBUG] mi_otn: [20:31:20.232 ] ots: ots.keeplive[11] happened!
[20:31:20:569][  340.240000] [ DEBUG] ots_task: [20:31:20.240 ] ots: recvd 39Bytes
[20:31:20:569][  340.245000] [ DEBUG] ots_task: [20:31:20.245 ] ots: req or ack recvd.
[20:31:20:582][  340.251000] [ DEBUG] ots_task: [20:31:20.251 ] ots: {"id":615645199,"result":"ok"}.
[20:31:20:588][  340.259000] [ DEBUG] ots_task: [20:31:20.259 ] ots: send_cnt = 5[15], ack_cnt = 3[13,0], costtime = 3398[1810,1803]
[20:31:20:598][  340.269000] [ DEBUG] ots_task: [20:31:20.269 ] ots: event emit[id=11,txt=ots.keeplive,ext_len=0]
[20:31:20:608][  340.278000] [ DEBUG] mi_otn: [20:31:20.278 ] ots: ots.keeplive[11] happened!
[20:31:20:608][  340.285000] [  INFO] mi_otn: [20:31:20.285 ] miio_ot: <--info ack(ots).
[20:31:20:619][  340.292000] [ DEBUG] mi_otn: [20:31:20.292 ] miio_net: miio_net_statistics_kvs_hook called
[20:31:20:627][  340.302000] [ DEBUG] mi_otn: [20:31:20.302 ] ots: ots_up_rpc_delegate_out_cb:{"id":811073553,"method":"_otc.ncinfo","params":{"miio_ver":"0.1.0","miio_times":[329,17,0,312],"ap":{"ssid":"Xiaomi_be3600","connect_count":2,"repeaters":[{"bssid":"42:EE:97:F0:4C:60","rssi":-26,"primary":11,"active":1}]},"ot_stat":[2,1,0],"ots_stat":[2,0,0,2819,1810,1803,15,13,0,0,0,0,0]}}
[20:31:20:663][  340.339000] [ DEBUG] mi_otn: [20:31:20.339 ] ots: ots_up_rpc_delegate_out_cb:{"id":1647575058,"method":"_otc.ncstat","params":{"timestamp":1775219478,"proto":2,"otip":"124.251.34.212","otport":443,"sendcnt":5,"ackcnt":3,"ackcnt_timeout":0,"costtime":3398,"rpc":0,"rpcack":0,"rpcack_costtime":0,"dns":0,"keeplive_interval":91,"rpc_local":0,"rpcack_local":0}}
[20:31:20:702][  340.373000] [ DEBUG] ots_task: [20:31:20.372 ] ots: recvd 346Bytes
[20:31:20:703][  340.376000] [ DEBUG] ots_task: [20:31:20.376 ] ots: req or ack recvd.
[20:31:20:714][  340.383000] [ DEBUG] ots_task: [20:31:20.383 ] ots: {"id":233242640,"result":{"svr_list":[{"ip":"110.43.87.243","port":443},{"ip":"124.251.34.212","port":443},{"ip":"39.101.90.208","port":443}],"svr_probe_list":[{"ip":"36.156.49.91","port":80},{"ip":"124.251.101.16","port":8053},{"ip":"120.92.65.237","port":8053},{"ip":"123.125.102.216","port":8053}],"interval":1800, "firstprobe":1124}}.
[20:31:20:747][  340.417000] [ DEBUG] ots_task: [20:31:20.417 ] ots: send_cnt = 2[17], ack_cnt = 1[14,0], costtime = 981[1727,1719]
[20:31:20:747][  340.427000] [ DEBUG] ots_task: [20:31:20.427 ] ots: event emit[id=11,txt=ots.keeplive,ext_len=0]
[20:31:20:747][  340.439000] [ DEBUG] ots_task: [20:31:20.439 ] ots: recvd 53Bytes
[20:31:20:763][  340.443000] [ DEBUG] ots_task: [20:31:20.443 ] ots: req or ack recvd.
[20:31:20:778][  340.449000] [ DEBUG] ots_task: [20:31:20.449 ] ots: {"id":598343694,"result":{"upgrade_sign":0}}.
[20:31:20:789][  340.458000] [ DEBUG] ots_task: [20:31:20.458 ] ots: send_cnt = 2[17], ack_cnt = 2[15,0], costtime = 2340[1690,1686]
[20:31:20:798][  340.468000] [ DEBUG] ots_task: [20:31:20.468 ] ots: event emit[id=11,txt=ots.keeplive,ext_len=0]
[20:31:20:798][  340.478000] [ DEBUG] mi_otn: [20:31:20.478 ] ots: ots.keeplive[11] happened!
[20:31:20:810][  340.485000] [ DEBUG] mi_otn: [20:31:20.485 ] miio_ot: otc_list[0] = 110.43.87.243::443
[20:31:20:810][  340.492000] [ DEBUG] mi_otn: [20:31:20.492 ] miio_ot: otc_list[1] = 124.251.34.212::443
[20:31:20:833][  340.500000] [ DEBUG] mi_otn: [20:31:20.500 ] miio_ot: otc_list[2] = 39.101.90.208::443
[20:31:20:833][  340.508000] [ DEBUG] mi_otn: [20:31:20.508 ] ots: backlist[0] = 110.43.87.243::443
[20:31:20:844][  340.516000] [ DEBUG] mi_otn: [20:31:20.515 ] ots: backlist[1] = 124.251.34.212::443
[20:31:20:850][  340.523000] [ DEBUG] mi_otn: [20:31:20.523 ] ots: backlist[2] = 39.101.90.208::443
[20:31:20:850][  340.531000] [ DEBUG] mi_otn: [20:31:20.531 ] miio_ot: otc_test interval=1800000ms, firsttime=1124000ms
[20:31:20:865][  340.540000] [ DEBUG] mi_otn: [20:31:20.540 ] ots: ots.keeplive[11] happened!
[20:31:20:865][  340.548000] [  INFO] mi_otn: [20:31:20.548 ] miio_instance: <--query upgrade ack.
[20:31:20:881][  340.555000] [ DEBUG] mi_otn: [20:31:20.555 ] miio_instance: new version not found!
[20:31:20:881][  340.566000] [ DEBUG] ots_task: [20:31:20.565 ] ots: recvd 39Bytes
[20:31:20:881][  340.569000] [ DEBUG] ots_task: [20:31:20.569 ] ots: req or ack recvd.
[20:31:20:898][  340.576000] [ DEBUG] ots_task: [20:31:20.576 ] ots: {"id":811073553,"result":"ok"}.
[20:31:20:914][  340.583000] [ DEBUG] ots_task: [20:31:20.583 ] ots: send_cnt = 2[17], ack_cnt = 3[16,0], costtime = 2621[1549,1536]
[20:31:20:914][  340.594000] [ DEBUG] ots_task: [20:31:20.594 ] ots: event emit[id=11,txt=ots.keeplive,ext_len=0]
[20:31:20:930][  340.603000] [ DEBUG] mi_otn: [20:31:20.603 ] ots: ots.keeplive[11] happened!
[20:31:20:945][  340.612000] [  WARN] Idle Task: bl616_pmtickless: --->>> [10]:On, [H]:373, [0:(]
[20:31:21:314][  341.004000] [  WARN] Idle Task: bl616_pmtickless: <<<--- [R]:RTC, [R]:382, [W]:330, [L]:62
[20:31:21:329][  341.013000] [ DEBUG] wifi_fw: [RC] request fixed rate ffff
[20:31:21:329][  341.016000] [  INFO] lpwork: bl616_coex_restore_work: Restore PTA 4 -> 2
[20:31:21:345][  341.025000] [  WARN] Idle Task: bl616_pmtickless: --->>> [10]:On, [H]:2377, [15:mi_otn]
[20:31:21:890][  341.566000] [  WARN] Idle Task: bl616_pmtickless: <<<--- [R]:WIFI, [R]:530, [W]:331, [L]:62
[20:31:21:890][  341.583000] [ DEBUG] ots_task: [20:31:21.582 ] ots: recvd 40Bytes
[20:31:21:906][  341.586000] [ DEBUG] ots_task: [20:31:21.586 ] ots: req or ack recvd.
[20:31:21:906][  341.593000] [ DEBUG] ots_task: [20:31:21.593 ] ots: {"id":1647575058,"result":"ok"}.
[20:31:21:922][  341.600000] [ DEBUG] ots_task: [20:31:21.600 ] ots: send_cnt = 2[17], ack_cnt = 4[17,0], costtime = 3882[1520,1517]
[20:31:21:922][  341.611000] [ DEBUG] ots_task: [20:31:21.611 ] ots: event emit[id=11,txt=ots.keeplive,ext_len=0]
[20:31:21:954][  341.620000] [ DEBUG] mi_otn: [20:31:21.620 ] ots: ots.keeplive[11] happened!
[20:31:21:954][  341.629000] [  WARN] Idle Task: bl616_pmtickless: --->>> [10]:On, [H]:1773, [15:mi_otn]
[20:31:23:743][  343.422000] [  WARN] Idle Task: bl616_pmtickless: <<<--- [R]:RTC, [R]:1782, [W]:332, [L]:62
[20:31:23:748][  343.432000] [ DEBUG] mi_otn: [20:31:23.432 ] ots: ots_up_rpc_delegate_out_cb:{"id":1305214995,"method":"props","params":{"lowpower_mode":"on","auto_ota_ability":1}}
[20:31:23:764][  343.447000] [ DEBUG] mi_otn: [20:31:23.447 ] ots: ots_up_rpc_delegate_out_cb:{"id":396492820,"method":"event.miio_mode","params":[0],"retry":0,"timestamp":1775219466,"tick":327827}
[20:31:23:780][  343.470000] [  WARN] Idle Task: bl616_pmtickless: --->>> [10]:On, [H]:1, [15:mi_otn]
[20:31:23:796][  343.475000] [  WARN] Idle Task: bl616_pmtickless: <<<--- exit: sleep time too short 1
[20:31:23:812][  343.486000] [  WARN] Idle Task: bl616_pmtickless: --->>> [10]:On, [H]:1460, [1174644928:]
[20:31:23:938][  343.618000] [  WARN] Idle Task: bl616_pmtickless: <<<--- [R]:WIFI, [R]:121, [W]:333, [L]:62
[20:31:23:938][  343.634000] [ DEBUG] ots_task: [20:31:23.634 ] ots: recvd 40Bytes
[20:31:23:954][  343.637000] [ DEBUG] ots_task: [20:31:23.637 ] ots: req or ack recvd.
[20:31:23:954][  343.645000] [ DEBUG] ots_task: [20:31:23.644 ] ots: {"id":1305214995,"result":"ok"}.
[20:31:23:970][  343.652000] [ DEBUG] ots_task: [20:31:23.652 ] ots: send_cnt = 4[19], ack_cnt = 5[18,0], costtime = 4102[1390,1378]
[20:31:23:970][  343.662000] [ DEBUG] ots_task: [20:31:23.662 ] ots: event emit[id=11,txt=ots.keeplive,ext_len=0]
[20:31:23:985][  343.671000] [ DEBUG] mi_otn: [20:31:23.671 ] ots: ots.keeplive[11] happened!
[20:31:23:985][  343.678000] [  INFO] mi_otn: [20:31:23.678 ] miio_info: 2 props left, 2 events left.
[20:31:24:002][  343.685000] [  INFO] mi_otn: [20:31:23.685 ] miio_info: some props/events has not been sent, the switch will be excuted later..
[20:31:24:018][  343.699000] [  WARN] Idle Task: bl616_pmtickless: --->>> [10]:On, [H]:1247, [1174644928:]
[20:31:24:960][  344.643000] [  WARN] Idle Task: bl616_pmtickless: <<<--- [R]:WIFI, [R]:933, [W]:334, [L]:62
[20:31:24:992][  344.673000] [  WARN] Idle Task: bl616_pmtickless: --->>> [10]:On, [H]:273, [1174644928:]
[20:31:25:281][  344.966000] [  WARN] Idle Task: bl616_pmtickless: <<<--- [R]:RTC, [R]:282, [W]:334, [L]:62
[20:31:25:297][  344.980000] [  WARN] Idle Task: bl616_pmtickless: --->>> [10]:On, [H]:1496, [1174644928:]
[20:31:25:985][  345.671000] [  WARN] Idle Task: bl616_pmtickless: <<<--- [R]:WIFI, [R]:680, [W]:335, [L]:62
[20:31:25:985][  345.685000] [ DEBUG] ots_task: [20:31:25.685 ] ots: recvd 39Bytes
[20:31:26:001][  345.689000] [ DEBUG] ots_task: [20:31:25.689 ] ots: req or ack recvd.
[20:31:26:001][  345.696000] [ DEBUG] ots_task: [20:31:25.696 ] ots: {"id":396492820,"result":"ok"}.
[20:31:26:018][  345.703000] [ DEBUG] ots_task: [20:31:25.703 ] ots: send_cnt = 4[19], ack_cnt = 6[19,0], costtime = 6358[1476,1483]
[20:31:26:018][  345.713000] [ DEBUG] ots_task: [20:31:25.713 ] ots: event emit[id=11,txt=ots.keeplive,ext_len=0]
[20:31:26:034][  345.723000] [ DEBUG] mi_otn: [20:31:25.723 ] ots: ots.keeplive[11] happened!
[20:31:26:034][  345.730000] [ DEBUG] mi_otn: [20:31:25.730 ] miio_info: event.miio_mode sent
[20:31:26:049][  345.736000] [  INFO] mi_otn: [20:31:25.736 ] miio_info: 2 props left, 1 events left.
[20:31:26:049][  345.744000] [  INFO] mi_otn: [20:31:25.744 ] miio_info: some props/events has not been sent, the switch will be excuted later..
[20:31:26:081][  345.758000] [  WARN] Idle Task: bl616_pmtickless: --->>> [10]:On, [H]:1521, [945:]
[20:31:27:596][  347.298000] [  WARN] Idle Task: bl616_pmtickless: <<<--- [R]:RTC, [R]:1530, [W]:336, [L]:62
[20:31:27:612][  347.309000] [  INFO] lpwork: [20:31:27.309 ] miio_pm: pm_config: 1
[20:31:27:612][  347.313000] [ DEBUG] lpwork: [20:31:27.313 ] miio_net: mible_mesh_common_bt already exit..
[20:31:27:628][  347.321000] [  INFO] lpwork: [20:31:27.321 ] miio_net: miio monitor switch to low power!
[20:31:27:628][  347.329000] [  INFO] lpwork: [20:31:27.329 ] miio_pm: pm_lock[0]: already unlocked
[20:31:27:644][  347.336000] [  INFO] lpwork: [20:31:27.336 ] miio_pm: lock_status: 0, unlock[0]
[20:31:27:644][  347.344000] [  INFO] lpwork: [20:31:27.344 ] miio_info: 2 props left, 1 events left.
[20:31:27:669][  347.351000] [  INFO] lpwork: [20:31:27.351 ] miio_info: some props/events has not been sent, the switch will be excuted later..
[20:31:27:676][  347.363000] [  INFO] netMonitorTask: [20:31:27.363 ] miio_net: task_monitor enter powersave!
[20:31:27:676][  347.373000] [  INFO] netMonitorTask: [20:31:27.373 ] miio_monitor: work time = 347s, memory left = 111616
[20:31:27:691][  347.383000] [  WARN] Idle Task: bl616_pmtickless: --->>> [10]:On, [H]:1050, [15:mi_otn]
[20:31:28:759][  348.453000] [  WARN] Idle Task: bl616_pmtickless: <<<--- [R]:RTC, [R]:1059, [W]:337, [L]:62
[20:31:28:770][  348.463000] [ DEBUG] mi_otn: [20:31:28.463 ] ots: ots_up_rpc_delegate_out_cb:{"id":267059221,"method":"props","params":{"ota_progress":101,"ota_state":"idle"}}
[20:31:28:789][  348.478000] [ DEBUG] mi_otn: [20:31:28.478 ] ots: ots_up_rpc_delegate_out_cb:{"id":427360278,"method":"event.miio_mode","params":[2],"retry":0,"timestamp":1775219476,"tick":337287}
[20:31:28:814][  348.497000] [  WARN] Idle Task: bl616_pmtickless: --->>> [10]:On, [H]:1480, [1174644928:]
[20:31:29:066][  348.749000] [  WARN] Idle Task: bl616_pmtickless: <<<--- [R]:WIFI, [R]:241, [W]:338, [L]:62
[20:31:29:066][  348.765000] [ DEBUG] ots_task: [20:31:28.765 ] ots: recvd 39Bytes
[20:31:29:066][  348.769000] [ DEBUG] ots_task: [20:31:28.769 ] ots: req or ack recvd.
[20:31:29:082][  348.775000] [ DEBUG] ots_task: [20:31:28.775 ] ots: {"id":267059221,"result":"ok"}.
[20:31:29:082][  348.783000] [ DEBUG] ots_task: [20:31:28.783 ] ots: send_cnt = 6[21], ack_cnt = 7[20,0], costtime = 6678[1360,1349]
[20:31:29:098][  348.793000] [ DEBUG] ots_task: [20:31:28.793 ] ots: event emit[id=11,txt=ots.keeplive,ext_len=0]
[20:31:29:098][  348.803000] [ DEBUG] mi_otn: [20:31:28.802 ] ots: ots.keeplive[11] happened!
[20:31:29:115][  348.809000] [  INFO] mi_otn: [20:31:28.809 ] miio_info: 0 props left, 1 events left.
[20:31:29:250][  348.817000] [  INFO] mi_otn: [20:31:28.817 ] miio_info: some props/events has not been sent, the switch will be excuted later..
[20:31:29:250][  348.831000] [  WARN] Idle Task: bl616_pmtickless: --->>> [10]:On, [H]:3665, [15:mi_otn]
[20:31:30:078][  349.771000] [  WARN] Idle Task: bl616_pmtickless: <<<--- [R]:WIFI, [R]:930, [W]:339, [L]:62
[20:31:30:078][  349.786000] [ DEBUG] ots_task: [20:31:29.786 ] ots: recvd 39Bytes
[20:31:30:094][  349.790000] [ DEBUG] ots_task: [20:31:29.790 ] ots: req or ack recvd.
[20:31:30:094][  349.797000] [ DEBUG] ots_task: [20:31:29.797 ] ots: {"id":427360278,"result":"ok"}.
[20:31:30:110][  349.804000] [ DEBUG] ots_task: [20:31:29.804 ] ots: send_cnt = 6[21], ack_cnt = 8[21,0], costtime = 8004[1356,1355]
[20:31:30:117][  349.814000] [ DEBUG] ots_task: [20:31:29.814 ] ots: event emit[id=11,txt=ots.keeplive,ext_len=0]
[20:31:30:126][  349.824000] [ DEBUG] mi_otn: [20:31:29.824 ] ots: ots.keeplive[11] happened!
[20:31:30:126][  349.831000] [ DEBUG] mi_otn: [20:31:29.830 ] miio_info: event.miio_mode sent
[20:31:30:142][  349.837000] [  INFO] mi_otn: [20:31:29.837 ] miio_info: 0 props left, 0 events left.
[20:31:30:142][  349.845000] [ DEBUG] mi_otn: [20:31:29.845 ] ot: event emit[id=5,txt=otn.timerconfig,ext_len=4]
[20:31:30:158][  349.854000] [ DEBUG] mi_otn: [20:31:29.854 ] miio_ot: otn.timerconfig[5] happened!
[20:31:30:158][  349.861000] [ DEBUG] mi_otn: [20:31:29.861 ] miio_ot: cooldown_time_ms =1800000
[20:31:30:174][  349.868000] [ DEBUG] mi_otn: [20:31:29.868 ] miio_ot: otn.timerconfig[5] event finished!
[20:31:30:190][  349.879000] [  WARN] Idle Task: bl616_pmtickless: --->>> [10]:On, [H]:49101, [15:mi_otn]
[20:31:35:313][  355.000000] [  WARN] Idle Task: bl616_pmtickless: <<<--- [R]:WIFI, [R]:5110, [W]:344, [L]:62
[20:31:35:335][  355.030000] [  WARN] Idle Task: bl616_pmtickless: --->>> [10]:On, [H]:43950, [15:mi_otn]
[20:32:19:289][  399.000000] [  WARN] Idle Task: bl616_pmtickless: <<<--- [R]:RTC, [R]:43959, [W]:387, [L]:67
[20:32:19:289][  399.014000] [ DEBUG] mi_otn: [20:32:19.013 ] miio_ot: st[1775241363], dura[1800]
[20:32:19:321][  399.021000] [  WARN] Idle Task: bl616_pmtickless: --->>> [10]:On, [H]:41819, [15:mi_otn]
[20:32:21:491][  401.192000] [  WARN] Idle Task: bl616_pmtickless: <<<--- [R]:WIFI, [R]:2160, [W]:390, [L]:67
[20:32:21:523][  401.225000] [  WARN] Idle Task: bl616_pmtickless: --->>> [10]:On, [H]:39615, [15:mi_otn]
[20:32:48:112][  427.822000] [  WARN] Idle Task: bl616_pmtickless: <<<--- [R]:WIFI, [R]:26586, [W]:416, [L]:67
[20:32:48:144][  427.854000] [  WARN] Idle Task: bl616_pmtickless: --->>> [10]:On, [H]:12986, [15:mi_otn]
[20:33:01:134][  440.860000] [  WARN] Idle Task: bl616_pmtickless: <<<--- [R]:RTC, [R]:12995, [W]:428, [L]:67
[20:33:01:166][  440.872000] [  INFO] mi_otn: [20:33:00.872 ] ots: -->kplv sent.
[20:33:01:166][  440.878000] [  WARN] Idle Task: bl616_pmtickless: --->>> [10]:On, [H]:1493, [1174644928:]
[20:33:01:422][  441.139000] [  WARN] Idle Task: bl616_pmtickless: <<<--- [R]:WIFI, [R]:250, [W]:429, [L]:67
[20:33:01:422][  441.156000] [ DEBUG] ots_task: [20:33:01.156 ] ots: recvd 8Bytes
[20:33:01:438][  441.159000] [  INFO] ots_task: [20:33:01.159 ] ots: <--kplv ack.
[20:33:01:438][  441.165000] [ DEBUG] ots_task: [20:33:01.165 ] ots: event emit[id=11,txt=ots.keeplive,ext_len=0]
[20:33:01:454][  441.174000] [ DEBUG] ots_task: [20:33:01.174 ] ots: keeplive costtime = 299
[20:33:01:454][  441.181000] [ DEBUG] mi_otn: [20:33:01.181 ] ots: ots.keeplive[11] happened!
[20:33:01:470][  441.191000] [  WARN] Idle Task: bl616_pmtickless: --->>> [10]:On, [H]:90998, [15:mi_otn]
[20:33:52:017][  491.734000] [  WARN] Idle Task: bl616_pmtickless: <<<--- [R]:WIFI, [R]:50532, [W]:479, [L]:70
[20:33:52:049][  491.767000] [  WARN] Idle Task: bl616_pmtickless: --->>> [10]:On, [H]:40423, [15:mi_otn]
[20:34:32:472][  532.210000] [  WARN] Idle Task: bl616_pmtickless: <<<--- [R]:RTC, [R]:40432, [W]:519, [L]:73
[20:34:32:472][  532.222000] [  INFO] mi_otn: [20:34:32.222 ] ots: -->kplv sent.
[20:34:32:504][  532.228000] [  WARN] Idle Task: bl616_pmtickless: --->>> [10]:On, [H]:1493, [1174644928:]
[20:34:34:015][  533.741000] [  WARN] Idle Task: bl616_pmtickless: <<<--- [R]:RTC, [R]:1502, [W]:520, [L]:74
[20:34:34:015][  533.754000] [  WARN] Idle Task: bl616_pmtickless: --->>> [10]:On, [H]:2996, [1174644928:]
[20:34:34:095][  533.830000] [  WARN] Idle Task: bl616_pmtickless: <<<--- [R]:WIFI, [R]:65, [W]:521, [L]:74
[20:34:34:095][  533.849000] [ DEBUG] ots_task: [20:34:33.849 ] ots: recvd 8Bytes
[20:34:34:111][  533.853000] [  INFO] ots_task: [20:34:33.853 ] ots: <--kplv ack.
[20:34:34:111][  533.859000] [ DEBUG] ots_task: [20:34:33.859 ] ots: event emit[id=11,txt=ots.keeplive,ext_len=0]
[20:34:34:127][  533.868000] [ DEBUG] ots_task: [20:34:33.868 ] ots: keeplive costtime = 1643
[20:34:34:127][  533.875000] [ DEBUG] mi_otn: [20:34:33.875 ] ots: ots.keeplive[11] happened!
[20:34:34:143][  533.884000] [  WARN] Idle Task: bl616_pmtickless: --->>> [10]:On, [H]:90999, [15:mi_otn]
[20:34:58:067][  557.799000] [  WARN] Idle Task: bl616_pmtickless: <<<--- [R]:WIFI, [R]:23904, [W]:545, [L]:77
[20:34:58:083][  557.830000] [  WARN] Idle Task: bl616_pmtickless: --->>> [10]:On, [H]:67053, [15:mi_otn]
[20:35:38:406][  598.152000] [  WARN] Idle Task: bl616_pmtickless: <<<--- [R]:WIFI, [R]:40311, [W]:587, [L]:87
[20:35:38:438][  598.185000] [  WARN] Idle Task: bl616_pmtickless: --->>> [10]:On, [H]:26698, [15:mi_otn]
[20:36:05:149][  624.903000] [  WARN] Idle Task: bl616_pmtickless: <<<--- [R]:RTC, [R]:26707, [W]:614, [L]:95
[20:36:05:149][  624.915000] [  INFO] mi_otn: [20:36:04.914 ] ots: -->kplv sent.
[20:36:05:165][  624.921000] [  WARN] Idle Task: bl616_pmtickless: --->>> [10]:On, [H]:2994, [1174644928:]
[20:36:05:230][  624.986000] [  WARN] Idle Task: bl616_pmtickless: <<<--- [R]:WIFI, [R]:55, [W]:615, [L]:95
[20:36:05:246][  625.004000] [ DEBUG] ots_task: [20:36:05.004 ] ots: recvd 8Bytes
[20:36:05:246][  625.007000] [  INFO] ots_task: [20:36:05.007 ] ots: <--kplv ack.
[20:36:05:246][  625.013000] [ DEBUG] ots_task: [20:36:05.013 ] ots: event emit[id=11,txt=ots.keeplive,ext_len=0]
[20:36:05:262][  625.022000] [ DEBUG] ots_task: [20:36:05.022 ] ots: keeplive costtime = 104
[20:36:05:262][  625.029000] [ DEBUG] mi_otn: [20:36:05.029 ] ots: ots.keeplive[11] happened!
[20:36:05:294][  625.039000] [  WARN] Idle Task: bl616_pmtickless: --->>> [10]:On, [H]:22344, [19:netMonitorTask]
[20:36:27:640][  647.403000] [  WARN] Idle Task: bl616_pmtickless: <<<--- [R]:RTC, [R]:22353, [W]:637, [L]:98
[20:36:27:640][  647.414000] [  INFO] netMonitorTask: [20:36:27.414 ] miio_monitor: work time = 647s, memory left = 111776
[20:36:27:672][  647.421000] [ DEBUG] netMonitorTask: [20:36:27.421 ] miio_net: sta offline 0 times in last 600s
[20:36:27:672][  647.432000] [  WARN] Idle Task: bl616_pmtickless: --->>> [10]:On, [H]:68605, [15:mi_otn]
[20:36:35:132][  654.891000] [  WARN] Idle Task: bl616_pmtickless: <<<--- [R]:WIFI, [R]:7448, [W]:645, [L]:98
[20:36:35:170][  654.926000] [  WARN] Idle Task: bl616_pmtickless: --->>> [10]:On, [H]:61111, [15:mi_otn]
[20:36:40:256][  660.018000] [  WARN] Idle Task: bl616_pmtickless: <<<--- [R]:WIFI, [R]:5081, [W]:650, [L]:98
[20:36:40:288][  660.051000] [  WARN] Idle Task: bl616_pmtickless: --->>> [10]:On, [H]:55986, [15:mi_otn]
[20:36:54:380][  674.149000] [  WARN] Idle Task: bl616_pmtickless: <<<--- [R]:WIFI, [R]:14087, [W]:664, [L]:99
[20:36:54:412][  674.181000] [  WARN] Idle Task: bl616_pmtickless: --->>> [10]:On, [H]:41856, [15:mi_otn]
[20:37:36:280][  716.057000] [  WARN] Idle Task: bl616_pmtickless: <<<--- [R]:RTC, [R]:41865, [W]:705, [L]:102
[20:37:36:280][  716.069000] [  INFO] mi_otn: [20:37:36.069 ] ots: -->kplv sent.
[20:37:36:296][  716.075000] [  WARN] Idle Task: bl616_pmtickless: --->>> [10]:On, [H]:2993, [1174644928:]
[20:37:36:777][  716.552000] [  WARN] Idle Task: bl616_pmtickless: <<<--- [R]:WIFI, [R]:466, [W]:706, [L]:102
[20:37:36:777][  716.567000] [ DEBUG] ots_task: [20:37:36.567 ] ots: recvd 8Bytes
[20:37:36:777][  716.571000] [  INFO] ots_task: [20:37:36.571 ] ots: <--kplv ack.
[20:37:36:793][  716.577000] [ DEBUG] ots_task: [20:37:36.577 ] ots: event emit[id=11,txt=ots.keeplive,ext_len=0]
[20:37:36:793][  716.586000] [ DEBUG] ots_task: [20:37:36.586 ] ots: keeplive costtime = 513
[20:37:36:824][  716.593000] [ DEBUG] mi_otn: [20:37:36.593 ] ots: ots.keeplive[11] happened!
[20:37:36:824][  716.602000] [  WARN] Idle Task: bl616_pmtickless: --->>> [10]:On, [H]:90999, [15:mi_otn]
[20:38:23:678][  763.464000] [  WARN] Idle Task: bl616_pmtickless: <<<--- [R]:WIFI, [R]:46851, [W]:755, [L]:114
[20:38:23:710][  763.492000] [  WARN] Idle Task: bl616_pmtickless: --->>> [10]:On, [H]:44109, [15:mi_otn]
[20:38:29:467][  769.220000] [  WARN] Idle Task: bl616_pmtickless: <<<--- [R]:AP_LOSS, [R]:5717, [W]:763, [L]:120
[20:38:29:483][  769.271000] [  WARN] Idle Task: bl616_pmtickless: --->>> [10]:On, [H]:38330, [15:mi_otn]
[20:38:33:022][  772.811000] [  WARN] Idle Task: bl616_pmtickless: <<<--- [R]:AP_LOSS, [R]:3529, [W]:769, [L]:126
[20:38:33:067][  772.863000] [  WARN] Idle Task: bl616_pmtickless: --->>> [10]:On, [H]:34738, [15:mi_otn]
[20:38:36:738][  776.529000] [  WARN] Idle Task: bl616_pmtickless: <<<--- [R]:AP_LOSS, [R]:3655, [W]:775, [L]:132
[20:38:36:786][  776.587000] [ DEBUG] wifi_fw: ----------------txl null frame fail!----->ps_check_tx_status 
[20:38:36:786][  776.593000] [  INFO] wifi_fw: platform_hook_prevent_sleep: event: DISCONNECT, prevent: 1
[20:38:36:802][  776.602000] [ DEBUG] wifi_fw: beacon loss, abort send null frame.
[20:38:36:802][  776.608000] [ DEBUG] wifi_driver: =================================================================
[20:38:36:818][  776.616000] [ DEBUG] wifi_driver: [AT][RX] Connection Status
[20:38:36:818][  776.622000] [ DEBUG] wifi_driver: [AT][RX]   status_code 16
[20:38:36:818][  776.627000] [ DEBUG] wifi_driver: [AT][RX]   reason_code 65535
[20:38:36:834][  776.633000] [ DEBUG] wifi_driver: [AT][RX]   status detail: ap beacon loss
[20:38:36:834][  776.640000] [ DEBUG] wifi_driver: [AT][RX]   vif_idx 0
[20:38:36:852][  776.645000] [ DEBUG] wifi_driver: =================================================================
[20:38:36:861][  776.654000] [  INFO] wifi_driver: platform_hook_prevent_sleep: event: DISCONNECT, prevent: 0
[20:38:36:868][  776.663000] [  INFO] wifi_driver: bl616_wlan_sta_set_linkstatus: INFO: Wi-Fi station link down 0
[20:38:36:877][  776.671000] [  INFO] wifi_driver: bl616_wifi_event_handler: [APP] [EVT] CODE_WIFI_ON_DISCONNECT, status 16, reason 65535
[20:38:36:882][  776.683000] [ DEBUG] WPA: A] CTRL-EVENT-DISCONNECTED bssid=42:EE:97:F0:4C:60 reason=65535
[20:38:36:882][  776.691000] [ DEBUG] WPA: {FVIF-0} enter FHOST_WPA_STATE_NOT_CONNECTED
[20:38:36:898][  776.698000] [ ERROR] ots_task: [20:38:36.698 ] tls: mbedtls_ssl_read returned -0x4c
[20:38:36:898][  776.705000] [ DEBUG] ots_task: [20:38:36.705 ] ots: disconnecting.
[20:38:36:914][  776.711000] [ DEBUG] ots_task: [20:38:36.711 ] ots: event emit[id=8,txt=ots.disconnect,ext_len=0]
[20:38:36:922][  776.720000] [NOTICE] miio_client: [20:38:36.720 ] miio_netlink: wlan0 link down
[20:38:36:930][  776.727000] [ DEBUG] mi_otn: [20:38:36.727 ] ots: ots.disconnect[8] happened!
[20:38:36:930][  776.734000] [ DEBUG] mi_otn: [20:38:36.734 ] ots: set ctrl[type=4, arg_len=0]
[20:38:36:946][  776.741000] [ DEBUG] mi_otn: [20:38:36.741 ] ots: event emit[id=10,txt=ots.offline,ext_len=0]
[20:38:36:955][  776.750000] [ DEBUG] mi_otn: [20:38:36.750 ] ots: ots.offline[10] happened!
[20:38:36:961][  776.757000] [ DEBUG] mi_otn: [20:38:36.757 ] ots: kplv_timeout=270000
[20:38:36:971][  776.763000] [ DEBUG] mi_otn: [20:38:36.763 ] ots: kplv_interval=91000
[20:38:36:971][  776.770000] [  WARN] mi_otn: [20:38:36.770 ] ots: ots reconnect will start in 1753 ms...
[20:38:36:987][  776.778000] [ DEBUG] mi_otn: [20:38:36.778 ] miio_ot: ots.offline[10] happened!
[20:38:36:987][  776.785000] [  INFO] mi_otn: [20:38:36.785 ] miio_instance:  miio_offline_hook_default called
[20:38:36:997][  776.794000] [ DEBUG] mi_otn: [20:38:36.793 ] miio_net: miio_net_offline_hook called
[20:38:37:009][  776.801000] [ DEBUG] mi_otn: [20:38:36.801 ] ot: event emit[id=5,txt=otn.timerconfig,ext_len=4]
[20:38:37:017][  776.811000] [  INFO] mi_otn: [20:38:36.811 ] arch_wifi: set powersave off ok!
[20:38:37:017][  776.817000] [  INFO] mi_otn: [20:38:36.817 ] arch_pm: pm_mode switch to 1 succeed!
[20:38:37:029][  776.824000] [  INFO] mi_otn: [20:38:36.824 ] miio_pm: lock_status: 1, lock[0]
[20:38:37:041][  776.832000] [  INFO] mi_otn: [20:38:36.832 ] miio_net: miio monitor switch to high power!
[20:38:37:041][  776.840000] [  INFO] mi_otn: [20:38:36.840 ] miio_pm: lock_status: 3, lock[1]
[20:38:37:051][  776.847000] [  INFO] mi_otn: [20:38:36.847 ] miio_pm_uart: Command Recv Timeout: 10000
[20:38:37:059][  776.855000] [  INFO] mi_otn: [20:38:36.855 ] miio_pm_instance: disable uart sleep.
[20:38:37:065][  776.862000] [ DEBUG] mi_otn: [20:38:36.862 ] ot: event emit[id=5,txt=otn.timerconfig,ext_len=4]
[20:38:37:076][  776.871000] [  INFO] mi_otn: [20:38:36.871 ] miio_net_analyse: enable the miio offline detect feature 
[20:38:37:084][  776.880000] [  WARN] mi_otn: [20:38:36.880 ] miio_client_func: Got offline msg.
[20:38:37:088][  776.888000] [ DEBUG] mi_otn: [20:38:36.888 ] miio_client_func: method_local_broadcast_msg(), {"method": "local.status", "params": "cloud_retry"}
[20:38:37:104][  776.901000] [ DEBUG] mi_otn: [20:38:36.900 ] miio_ot: online_cnt = 2, offline_cnt = 2, switch_cnt = 0
[20:38:37:104][  776.910000] [ DEBUG] mi_otn: [20:38:36.910 ] miio_ot: reset ot_info_random = 28185 ms
[20:38:37:120][  776.918000] [ DEBUG] mi_otn: [20:38:36.917 ] miio_ot: otn.timerconfig[5] happened!
[20:38:37:122][  776.925000] [ DEBUG] mi_otn: [20:38:36.925 ] miio_ot: cooldown_time_ms =5000
[20:38:37:136][  776.932000] [ DEBUG] mi_otn: [20:38:36.932 ] miio_ot: otn.timerconfig[5] event finished!
[20:38:37:136][  776.940000] [ DEBUG] mi_otn: [20:38:36.940 ] miio_ot: otn.timerconfig[5] happened!
[20:38:37:151][  776.948000] [ DEBUG] mi_otn: [20:38:36.948 ] miio_ot: otn.timerconfig[5] event finished!
[20:38:37:151][  776.956000] [NOTICE] netMonitorTask: [20:38:36.956 ] miio_net: Wifi station disconnected
[20:38:37:167][  776.964000] [ DEBUG] netMonitorTask: [20:38:36.964 ] ot: event emit[id=2,txt=otn.mode,ext_len=1]
[20:38:37:167][  776.973000] [  WARN] netMonitorTask: [20:38:36.973 ] miio_net: miio_wifi_disconnect
[20:38:37:183][  776.981000] [  INFO] netMonitorTask: bl616_wifi_sta_disconnect: disconnect Wi-Fi
[20:38:37:183][  776.988000] [ DEBUG] WPA: [WPA] wpa_supplicant_deinit_iface: send deauth, Line:6778
[20:38:37:199][  776.995000] [ DEBUG] WPA: Request to deauthenticate - bssid=00:00:00:00:00:00 pending_bssid=00:00:00:00:00:00 reason=3 (DEAUTH_LEAVING) state=DISCONNECTED
[20:38:37:199][  777.010000] [ DEBUG] WPA: A] CTRL-EVENT-BSS-REMOVED 0 42:EE:97:F0:4C:60
[20:38:37:214][  777.016000] [ DEBUG] WPA: {FVIF-0} Driver RWNX deinit
[20:38:37:214][  777.021000] [ DEBUG] netMonitorTask: {FVIF-0} WPA interface removed
[20:38:37:230][  777.028000] [  INFO] netMonitorTask: bl616_wifi_sta_disconnect: disconnect Wi-Fi
[20:38:37:230][  777.035000] [ DEBUG] netMonitorTask: [20:38:37.035 ] miio_net: Connect to specific AP, MAC = 42:ee:97:f0:4c:60
[20:38:37:230]
[20:38:37:246][  777.046000] [  INFO] netMonitorTask: bl616_wifi_sta_freq: set channel: 11, freq: 2462
[20:38:37:246][  777.053000] [  INFO] netMonitorTask: bl616_wifi_sta_connect: connect ssid:Xiaomi_be3600
[20:38:37:262][  777.061000] [  INFO] netMonitorTask: bl616_wifi_sta_connect: connect bssid:42:ee:97:f0:4c:60
[20:38:37:262][  777.069000] [  INFO] netMonitorTask: bl616_wifi_sta_connect: connect channel:11
[20:38:37:278][  777.076000] [  INFO] netMonitorTask: bl616_wifi_sta_connect: PTA 2 -> 4, window 8 interval 160
[20:38:37:278][  777.085000] [ DEBUG] netMonitorTask: start connecting ... 
[20:38:37:294][  777.090000] [  INFO] netMonitorTask: platform_hook_prevent_sleep: event: CONNECT, prevent: 1
[20:38:37:294][  777.101000] [ DEBUG] WPA: Driver RWNX init for wl0
[20:38:37:294][  777.105000] [ DEBUG] WPA: l2 filter 0x62fcb638, sock 3, netif 0x62fe2fc8 
[20:38:37:310][  777.112000] [ DEBUG] CONNECT: {FVIF-0} WPA interface added
[20:38:37:310][  777.117000] [ DEBUG] CONNECT: Exec key_mgmt WPA-PSK WPA-PSK-SHA256 SAE
[20:38:37:326][  777.123000] [ DEBUG] CONNECT: Exec pairwise TKIP CCMP GCMP GCMP-256 CCMP-256
[20:38:37:326][  777.130000] [ DEBUG] CONNECT: Exec group TKIP CCMP GCMP GCMP-256 CCMP-256
[20:38:37:326][  777.136000] [ DEBUG] CONNECT: Exec ieee80211w 1
[20:38:37:342][  777.141000] [ DEBUG] CONNECT: Exec scan_ssid 1
[20:38:37:342][  777.145000] [ DEBUG] CONNECT: Exec bssid 42:EE:97:F0:4C:60
[20:38:37:342][  777.151000] [ DEBUG] CONNECT: Exec scan_freq 2462 2462 
[20:38:37:358][  777.156000] [ DEBUG] CONNECT: Exec ssid "Xiaomi_be3600"
[20:38:37:358][  777.161000] [ DEBUG] CONNECT: WPA network 0: created and configured
[20:38:37:358][  777.168000] [  INFO] wifi_driver: platform_hook_prevent_sleep: event: SCAN, prevent: 1
[20:38:37:384][  777.177000] [ DEBUG] ots_task: [20:38:37.177 ] ots: get ctrl[type=4, arg_len=0]
[20:38:37:384][  777.184000] [ DEBUG] ots_task: [20:38:37.184 ] tls: closed
[20:38:37:390][  777.188000] [  INFO] ots_task: [20:38:37.188 ] ots: closed.
[20:38:37:390][  777.193000] [ DEBUG] ots_task: [20:38:37.193 ] ots: ots is connecting...
[20:38:37:405][  777.200000] [ DEBUG] mi_otn: [20:38:37.200 ] miio_ot: otn.mode[2] happened!
[20:38:37:413][  777.207000] [ DEBUG] mi_otn: [20:38:37.207 ] ots: set ctrl[type=3, arg_len=0]
[20:38:37:413][  777.214000] [ DEBUG] mi_otn: [20:38:37.214 ] otu: set ctrl[type=4, arg_len=0]
[20:38:37:423][  777.221000] [ DEBUG] mi_otn: [20:38:37.221 ] miio_ot: otn.mode[2] event finished!
[20:38:37:438][  777.229000] [ DEBUG] ots_task: [20:38:37.229 ] ots: get ctrl[type=3, arg_len=0]
[20:38:37:438][  777.236000] [ DEBUG] ots_task: [20:38:37.236 ] ots: ots is idle...
[20:38:37:438][  777.242000] [  INFO] otu_task: [20:38:37.242 ] udp: udp recv ctrl event.
[20:38:37:438][  777.249000] [ DEBUG] otu_task: [20:38:37.249 ] otu: get ctrl[type=4, arg_len=0]
[20:38:37:454][  777.252000] [ DEBUG] wifi_fw: [FW] NULL frame for tx 0, len 125
[20:38:37:454][  777.262000] [ DEBUG] wifi_fw: [FW] Get (2) frames from AC flushing
[20:38:37:469][  777.268000] [  INFO] otu_task: [20:38:37.268 ] otu: closing.
[20:38:37:469][  777.274000] [ DEBUG] otu_task: [20:38:37.274 ] otu: event emit[id=8,txt=otu.close,ext_len=0]
[20:38:37:487][  777.283000] [ DEBUG] miio_client: [20:38:37.283 ] miio_netlink: 24
[20:38:37:487]
[20:38:37:495][  777.289000] [ DEBUG] miio_client: [20:38:37.288 ] miio_netlink: rth->type: 2
[20:38:37:495]
[20:38:37:501][  777.296000] [ DEBUG] miio_client: [20:38:37.296 ] miio_netlink: wlan0 add address 0.0.0.0
[20:38:37:501]
[20:38:37:501][  777.302000] [  INFO] wifi_driver: platform_hook_prevent_sleep: event: SCAN, prevent: 0
[20:38:37:501][  777.302000] [ DEBUG] WPA: A] CTRL-EVENT-SCAN-RESULTS 
[20:38:37:521][  777.317000] [ DEBUG] WPA: {FVIF-0} enter FHOST_WPA_STATE_NOT_CONNECTED
[20:38:37:533][  777.324000] [  INFO] WPA: platform_hook_prevent_sleep: event: CONNECT, prevent: 0
[20:38:37:533][  777.331000] [  INFO] WPA: platform_hook_prevent_sleep: event: DISCONNECT, prevent: 0
[20:38:37:540][  777.339000] [ DEBUG] WPA: A] CTRL-EVENT-NETWORK-NOT-FOUND 
[20:38:37:558][  777.345000] [ DEBUG] wifi_driver: =================================================================
[20:38:37:558][  777.354000] [ DEBUG] wifi_driver: [AT][RX] Connection Status
[20:38:37:564][  777.359000] [ DEBUG] wifi_driver: [AT][RX]   status_code 12
[20:38:37:564][  777.365000] [ DEBUG] wifi_driver: [AT][RX]   reason_code 0
[20:38:37:564][  777.370000] [ DEBUG] wifi_driver: [AT][RX]   status detail: SSID error, scan no bssid and channel
[20:38:37:580][  777.379000] [ DEBUG] wifi_driver: [AT][RX]   MAC FF:FF:FF:FF:FF:FF
[20:38:37:583][  777.385000] [ DEBUG] wifi_driver: [AT][RX]   vif_idx 255
[20:38:37:583][  777.391000] [ DEBUG] wifi_driver: [AT][RX]   ap_idx 255
[20:38:37:596][  777.396000] [ DEBUG] wifi_driver: [AT][RX]   ch_idx 255
[20:38:37:596][  777.401000] [ DEBUG] wifi_driver: [AT][RX]   qos 255
[20:38:37:596][  777.406000] [ DEBUG] wifi_driver: [AT][RX]   aid 65535
[20:38:37:612][  777.411000] [ DEBUG] wifi_driver: [AT][RX]   band 5G
[20:38:37:612][  777.416000] [ DEBUG] wifi_driver: [AT][RX]   channel 255
[20:38:37:628][  777.421000] [ DEBUG] wifi_driver: =================================================================
[20:38:37:638][  777.431000] [  INFO] wifi_driver: bl616_wifi_event_handler: [APP] [EVT] CODE_WIFI_ON_DISCONNECT, status 12, reason 0
[20:38:37:643][  777.441000] [ DEBUG] WPA: wpa_supplicant_ctrl_iface_msg_cb: cmd send succeded, txt is CTRL-EVENT-NETWORK-NOT-FOUND 
[20:38:37:659][  777.452000] [ DEBUG] CONNECT: WPA network 0: not connected
[20:38:37:659][  777.458000] [ DEBUG] mi_otn: [20:38:37.458 ] otu: otu.close[8] happened!
[20:38:37:669][  777.464000] [ DEBUG] mi_otn: [20:38:37.464 ] otu: set ctrl[type=5, arg_len=0]
[20:38:37:676][  777.471000] [ ERROR] netMonitorTask: bl616_wifi_sta_connect: ERROR: connect Wi-Fi ret=12
[20:38:37:678][  777.479000] [  INFO] netMonitorTask: bl616_coex_restore_work: Restore PTA 4 -> 2
[20:38:37:691][  777.486000] [ ERROR] netMonitorTask: wlan_ioctl: ERROR: Failed to connect
[20:38:37:691][  777.493000] [ ERROR] netMonitorTask: wapi_set_ap: ioctl(SIOCSIWAP): 12
[20:38:37:691][  777.500000] [ DEBUG] netMonitorTask: [20:38:37.500 ] miio_net: Connect to specific AP, MAC = 42:ee:97:f0:4c:60
[20:38:37:707]
[20:38:37:718][  777.511000] [  INFO] netMonitorTask: bl616_wifi_sta_freq: set channel: 11, freq: 2462
[20:38:37:718][  777.518000] [  INFO] netMonitorTask: bl616_wifi_sta_connect: connect ssid:Xiaomi_be3600
[20:38:37:723][  777.525000] [  INFO] netMonitorTask: bl616_wifi_sta_connect: connect bssid:42:ee:97:f0:4c:60
[20:38:37:739][  777.534000] [  INFO] netMonitorTask: bl616_wifi_sta_connect: connect channel:11
[20:38:37:739][  777.541000] [  INFO] netMonitorTask: bl616_wifi_sta_connect: PTA 2 -> 4, window 8 interval 160
[20:38:37:739][  777.550000] [ DEBUG] netMonitorTask: start connecting ... 
[20:38:37:755][  777.555000] [  INFO] netMonitorTask: platform_hook_prevent_sleep: event: CONNECT, prevent: 1
[20:38:37:755][  777.566000] [ DEBUG] WPA: [WPA] wpa_supplicant_deinit_iface: send deauth, Line:6778
[20:38:37:771][  777.571000] [ DEBUG] WPA: Request to deauthenticate - bssid=00:00:00:00:00:00 pending_bssid=00:00:00:00:00:00 reason=3 (DEAUTH_LEAVING) state=DISCONNECTED
[20:38:37:787][  777.586000] [ DEBUG] WPA: {FVIF-0} Driver RWNX deinit
[20:38:37:797][  777.590000] [ DEBUG] CONNECT: {FVIF-0} WPA interface removed
[20:38:37:797][  777.597000] [ DEBUG] WPA: Driver RWNX init for wl0
[20:38:37:803][  777.602000] [ DEBUG] WPA: l2 filter 0x62fcb638, sock 3, netif 0x62fe2fc8 
[20:38:37:803][  777.609000] [ DEBUG] CONNECT: {FVIF-0} WPA interface added
[20:38:37:803][  777.614000] [ DEBUG] CONNECT: Exec key_mgmt WPA-PSK WPA-PSK-SHA256 SAE
[20:38:37:829][  777.620000] [ DEBUG] CONNECT: Exec pairwise TKIP CCMP GCMP GCMP-256 CCMP-256
[20:38:37:829][  777.627000] [ DEBUG] CONNECT: Exec group TKIP CCMP GCMP GCMP-256 CCMP-256
[20:38:37:838][  777.633000] [ DEBUG] CONNECT: Exec ieee80211w 1
[20:38:37:838][  777.638000] [ DEBUG] CONNECT: Exec scan_ssid 1
[20:38:37:838][  777.642000] [ DEBUG] CONNECT: Exec bssid 42:EE:97:F0:4C:60
[20:38:37:850][  777.648000] [ DEBUG] CONNECT: Exec scan_freq 2462 2462 
[20:38:37:850][  777.653000] [ DEBUG] CONNECT: Exec ssid "Xiaomi_be3600"
[20:38:37:850][  777.658000] [ DEBUG] CONNECT: WPA network 0: created and configured
[20:38:37:866][  777.665000] [  INFO] wifi_driver: platform_hook_prevent_sleep: event: SCAN, prevent: 1
[20:38:37:877][  777.674000] [ DEBUG] otu_task: [20:38:37.674 ] otu: get ctrl[type=5, arg_len=0]
[20:38:37:882][  777.680000] [  INFO] otu_task: [20:38:37.679 ] otu: closed.
[20:38:37:899][  777.685000] [ DEBUG] otu_task: [20:38:37.685 ] otu: otu is idle...
[20:38:38:002][  777.801000] [  INFO] wifi_driver: platform_hook_prevent_sleep: event: SCAN, prevent: 0
[20:38:38:009][  777.807000] [ DEBUG] WPA: A] CTRL-EVENT-SCAN-RESULTS 
[20:38:38:009][  777.812000] [ DEBUG] WPA: {FVIF-0} enter FHOST_WPA_STATE_NOT_CONNECTED
[20:38:38:009][  777.818000] [  INFO] WPA: platform_hook_prevent_sleep: event: CONNECT, prevent: 0
[20:38:38:035][  777.826000] [  INFO] WPA: platform_hook_prevent_sleep: event: DISCONNECT, prevent: 0
[20:38:38:035][  777.834000] [ DEBUG] WPA: A] CTRL-EVENT-NETWORK-NOT-FOUND 
[20:38:38:041][  777.840000] [ DEBUG] wifi_driver: =================================================================
[20:38:38:041][  777.848000] [ DEBUG] wifi_driver: [AT][RX] Connection Status
[20:38:38:041][  777.854000] [ DEBUG] wifi_driver: [AT][RX]   status_code 12
[20:38:38:068][  777.860000] [ DEBUG] wifi_driver: [AT][RX]   reason_code 0
[20:38:38:077][  777.865000] [ DEBUG] wifi_driver: [AT][RX]   status detail: SSID error, scan no bssid and channel
[20:38:38:077][  777.874000] [ DEBUG] wifi_driver: [AT][RX]   MAC FF:FF:FF:FF:FF:FF
[20:38:38:089][  777.880000] [ DEBUG] wifi_driver: [AT][RX]   vif_idx 255
[20:38:38:089][  777.885000] [ DEBUG] wifi_driver: [AT][RX]   ap_idx 255
[20:38:38:089][  777.891000] [ DEBUG] wifi_driver: [AT][RX]   ch_idx 255
[20:38:38:105][  777.896000] [ DEBUG] wifi_driver: [AT][RX]   qos 255
[20:38:38:105][  777.901000] [ DEBUG] wifi_driver: [AT][RX]   aid 65535
[20:38:38:105][  777.906000] [ DEBUG] wifi_driver: [AT][RX]   band 5G
[20:38:38:105][  777.911000] [ DEBUG] wifi_driver: [AT][RX]   channel 255
[20:38:38:119][  777.916000] [ DEBUG] wifi_driver: =================================================================
[20:38:38:119][  777.925000] [  INFO] wifi_driver: bl616_wifi_event_handler: [APP] [EVT] CODE_WIFI_ON_DISCONNECT, status 12, reason 0
[20:38:38:135][  777.936000] [ DEBUG] WPA: wpa_supplicant_ctrl_iface_msg_cb: cmd send succeded, txt is CTRL-EVENT-NETWORK-NOT-FOUND 
[20:38:38:150][  777.946000] [ DEBUG] CONNECT: WPA network 0: not connected
[20:38:38:150][  777.952000] [ ERROR] netMonitorTask: bl616_wifi_sta_connect: ERROR: connect Wi-Fi ret=12
[20:38:38:150][  777.960000] [  INFO] netMonitorTask: bl616_coex_restore_work: Restore PTA 4 -> 2
[20:38:38:168][  777.967000] [ ERROR] netMonitorTask: wlan_ioctl: ERROR: Failed to connect
[20:38:38:182][  777.974000] [ ERROR] netMonitorTask: wapi_set_ap: ioctl(SIOCSIWAP): 12
[20:38:38:182][  777.981000] [ DEBUG] netMonitorTask: [20:38:37.981 ] miio_net: Connect to specific AP, MAC = 42:ee:97:f0:4c:60
[20:38:38:182]
[20:38:38:182][  777.992000] [  INFO] netMonitorTask: bl616_wifi_sta_freq: set channel: 11, freq: 2462
[20:38:38:199][  777.999000] [  INFO] netMonitorTask: bl616_wifi_sta_connect: connect ssid:Xiaomi_be3600
[20:38:38:199][  778.006000] [  INFO] netMonitorTask: bl616_wifi_sta_connect: connect bssid:42:ee:97:f0:4c:60
[20:38:38:213][  778.015000] [  INFO] netMonitorTask: bl616_wifi_sta_connect: connect channel:11
[20:38:38:213][  778.022000] [  INFO] netMonitorTask: bl616_wifi_sta_connect: PTA 2 -> 4, window 8 interval 160
[20:38:38:231][  778.031000] [ DEBUG] netMonitorTask: start connecting ... 
[20:38:38:231][  778.036000] [  INFO] netMonitorTask: platform_hook_prevent_sleep: event: CONNECT, prevent: 1
[20:38:38:245][  778.047000] [ DEBUG] WPA: [WPA] wpa_supplicant_deinit_iface: send deauth, Line:6778
[20:38:38:245][  778.052000] [ DEBUG] WPA: Request to deauthenticate - bssid=00:00:00:00:00:00 pending_bssid=00:00:00:00:00:00 reason=3 (DEAUTH_LEAVING) state=DISCONNECTED
[20:38:38:261][  778.066000] [ DEBUG] WPA: {FVIF-0} Driver RWNX deinit
[20:38:38:261][  778.071000] [ DEBUG] CONNECT: {FVIF-0} WPA interface removed
[20:38:38:277][  778.078000] [ DEBUG] WPA: Driver RWNX init for wl0
[20:38:38:277][  778.083000] [ DEBUG] WPA: l2 filter 0x62fcb638, sock 3, netif 0x62fe2fc8 
[20:38:38:277][  778.090000] [ DEBUG] CONNECT: {FVIF-0} WPA interface added
[20:38:38:293][  778.094000] [ DEBUG] CONNECT: Exec key_mgmt WPA-PSK WPA-PSK-SHA256 SAE
[20:38:38:293][  778.101000] [ DEBUG] CONNECT: Exec pairwise TKIP CCMP GCMP GCMP-256 CCMP-256
[20:38:38:308][  778.107000] [ DEBUG] CONNECT: Exec group TKIP CCMP GCMP GCMP-256 CCMP-256
[20:38:38:308][  778.114000] [ DEBUG] CONNECT: Exec ieee80211w 1
[20:38:38:308][  778.119000] [ DEBUG] CONNECT: Exec scan_ssid 1
[20:38:38:324][  778.123000] [ DEBUG] CONNECT: Exec bssid 42:EE:97:F0:4C:60
[20:38:38:324][  778.129000] [ DEBUG] CONNECT: Exec scan_freq 2462 2462 
[20:38:38:324][  778.134000] [ DEBUG] CONNECT: Exec ssid "Xiaomi_be3600"
[20:38:38:340][  778.139000] [ DEBUG] CONNECT: WPA network 0: created and configured
[20:38:38:356][  778.146000] [  INFO] wifi_driver: platform_hook_prevent_sleep: event: SCAN, prevent: 1
[20:38:38:467][  778.255000] [ DEBUG] wifi_fw: [FW] NULL frame for tx 0, len 125
[20:38:38:467][  778.258000] [ DEBUG] wifi_fw: [FW] Get (2) frames from AC flushing
[20:38:38:467][  778.280000] [  INFO] wifi_driver: platform_hook_prevent_sleep: event: SCAN, prevent: 0
[20:38:38:482][  778.285000] [ DEBUG] WPA: A] CTRL-EVENT-SCAN-RESULTS 
[20:38:38:482][  778.291000] [ DEBUG] WPA: {FVIF-0} enter FHOST_WPA_STATE_NOT_CONNECTED
[20:38:38:498][  778.297000] [  INFO] WPA: platform_hook_prevent_sleep: event: CONNECT, prevent: 0
[20:38:38:498][  778.305000] [  INFO] WPA: platform_hook_prevent_sleep: event: DISCONNECT, prevent: 0
[20:38:38:514][  778.312000] [ DEBUG] WPA: A] CTRL-EVENT-NETWORK-NOT-FOUND 
[20:38:38:514][  778.318000] [ DEBUG] wifi_driver: =================================================================
[20:38:38:514][  778.327000] [ DEBUG] wifi_driver: [AT][RX] Connection Status
[20:38:38:530][  778.333000] [ DEBUG] wifi_driver: [AT][RX]   status_code 12
[20:38:38:530][  778.338000] [ DEBUG] wifi_driver: [AT][RX]   reason_code 0
[20:38:38:546][  778.344000] [ DEBUG] wifi_driver: [AT][RX]   status detail: SSID error, scan no bssid and channel
[20:38:38:546][  778.353000] [ DEBUG] wifi_driver: [AT][RX]   MAC FF:FF:FF:FF:FF:FF
[20:38:38:562][  778.359000] [ DEBUG] wifi_driver: [AT][RX]   vif_idx 255
[20:38:38:562][  778.364000] [ DEBUG] wifi_driver: [AT][RX]   ap_idx 255
[20:38:38:562][  778.369000] [ DEBUG] wifi_driver: [AT][RX]   ch_idx 255
[20:38:38:562][  778.375000] [ DEBUG] wifi_driver: [AT][RX]   qos 255
[20:38:38:578][  778.379000] [ DEBUG] wifi_driver: [AT][RX]   aid 65535
[20:38:38:578][  778.385000] [ DEBUG] wifi_driver: [AT][RX]   band 5G
[20:38:38:578][  778.390000] [ DEBUG] wifi_driver: [AT][RX]   channel 255
[20:38:38:593][  778.395000] [ DEBUG] wifi_driver: =================================================================
[20:38:38:609][  778.404000] [  INFO] wifi_driver: bl616_wifi_event_handler: [APP] [EVT] CODE_WIFI_ON_DISCONNECT, status 12, reason 0
[20:38:38:609][  778.414000] [ DEBUG] WPA: wpa_supplicant_ctrl_iface_msg_cb: cmd send succeded, txt is CTRL-EVENT-NETWORK-NOT-FOUND 
[20:38:38:625][  778.425000] [ DEBUG] CONNECT: WPA network 0: not connected
[20:38:38:625][  778.431000] [ ERROR] netMonitorTask: bl616_wifi_sta_connect: ERROR: connect Wi-Fi ret=12
[20:38:38:641][  778.438000] [  INFO] netMonitorTask: bl616_coex_restore_work: Restore PTA 4 -> 2
[20:38:38:641][  778.446000] [ ERROR] netMonitorTask: wlan_ioctl: ERROR: Failed to connect
[20:38:38:657][  778.453000] [ ERROR] netMonitorTask: wapi_set_ap: ioctl(SIOCSIWAP): 12
[20:38:38:657][  778.460000] [  WARN] netMonitorTask: [20:38:38.459 ] miio_net: none best ap
[20:38:38:674][  778.466000] [  INFO] netMonitorTask: [20:38:38.466 ] miio_net: sta disconnect, then new connect faild: -9, and no other ap of same ssid found
[20:38:38:674][  778.479000] [NOTICE] netMonitorTask: [20:38:38.479 ] miio_net: clear ap-info list when starting scan
[20:38:38:689][  778.488000] [  INFO] netMonitorTask: bl616_wifi_sta_scan: Start scan ssid:Xiaomi_be3600, bssid:FF:FF:FF:FF:FF:FF, channel:11
[20:38:38:705][  778.499000] [  INFO] wifi_driver: platform_hook_prevent_sleep: event: SCAN, prevent: 1
[20:38:38:865][  778.667000] [  INFO] wifi_driver: platform_hook_prevent_sleep: event: SCAN, prevent: 0
[20:38:38:865][  778.673000] [  INFO] wifi_driver: bl616_wifi_event_handler: [APP] [EVT] CODE_WIFI_ON_SCAN_DONE
[20:38:38:891][  778.681000] [ ERROR] netMonitorTask: wapi_scan_stat: ioctl(SIOCGIWSCAN): 2
[20:38:38:891][  778.688000] [ DEBUG] netMonitorTask: [20:38:38.688 ] arch_wifi: unable to scan the ap Xiaomi_be3600 with ch: 11
[20:38:38:908][  778.698000] [ DEBUG] netMonitorTask: [20:38:38.698 ] miio_net: wifi scanning channel 11 for 120ms...
[20:38:38:916][  778.709000] [  INFO] netMonitorTask: [20:38:38.709 ] miio_monitor: work time = 778s, memory left = 127792
[20:38:38:916][  778.717000] [  INFO] netMonitorTask: [20:38:38.717 ] miio_net_analyse: recording the miio offline with reason 40 
[20:38:38:928][  778.727000] [  INFO] netMonitorTask: [20:38:38.727 ] miio_net_analyse: dump miio offline info : start_time 1775219918, reason 40, dev_ip 192.168.3.70, gateway 192.168.3.1, rssi -27 
[20:38:38:944][  778.743000] [  INFO] netMonitorTask: [20:38:38.743 ] miio_net_analyse: _miio_offline_info_store
[20:38:38:944][  778.752000] [ DEBUG] netMonitorTask: [20:38:38.752 ] miio_net: reboot trigger will been pulled in 3600s
[20:38:38:960][  778.761000] [ DEBUG] netMonitorTask: [20:38:38.761 ] miio_net: monitor_interval_s: 131s, offline_timeout: 600s, offline_time: 131s
[20:38:38:976][  778.773000] [ DEBUG] netMonitorTask: [20:38:38.773 ] miio_net: sta will close in 469s
[20:38:38:976][  778.781000] [  INFO] netMonitorTask: [20:38:38.781 ] miio_net: Wifi scan done
[20:38:38:992][  778.788000] [  INFO] netMonitorTask: bl616_wifi_sta_scan: Start scan ssid:Xiaomi_be3600, bssid:FF:FF:FF:FF:FF:FF, channel:11
[20:38:39:008][  778.799000] [  INFO] wifi_driver: platform_hook_prevent_sleep: event: SCAN, prevent: 1
[20:38:39:166][  778.966000] [  INFO] wifi_driver: platform_hook_prevent_sleep: event: SCAN, prevent: 0
[20:38:39:166][  778.972000] [  INFO] wifi_driver: bl616_wifi_event_handler: [APP] [EVT] CODE_WIFI_ON_SCAN_DONE
[20:38:39:182][  778.980000] [ ERROR] netMonitorTask: wapi_scan_stat: ioctl(SIOCGIWSCAN): 2
[20:38:39:182][  778.987000] [ DEBUG] netMonitorTask: [20:38:38.987 ] arch_wifi: unable to scan the ap Xiaomi_be3600 with ch: 11
[20:38:39:198][  778.997000] [ DEBUG] netMonitorTask: [20:38:38.997 ] miio_net: wifi scanning channel 11 for 120ms...
[20:38:39:198][  779.006000] [  INFO] netMonitorTask: [20:38:39.006 ] miio_net: Wifi scan done
[20:38:39:213][  779.014000] [  INFO] netMonitorTask: bl616_wifi_sta_scan: Start scan ssid:Xiaomi_be3600, bssid:FF:FF:FF:FF:FF:FF, channel:11
[20:38:39:230][  779.025000] [  INFO] wifi_driver: platform_hook_prevent_sleep: event: SCAN, prevent: 1
[20:38:39:398][  779.192000] [  INFO] wifi_driver: platform_hook_prevent_sleep: event: SCAN, prevent: 0
[20:38:39:398][  779.197000] [  INFO] wifi_driver: bl616_wifi_event_handler: [APP] [EVT] CODE_WIFI_ON_SCAN_DONE
[20:38:39:416][  779.206000] [ ERROR] netMonitorTask: wapi_scan_stat: ioctl(SIOCGIWSCAN): 2
[20:38:39:416][  779.213000] [ DEBUG] netMonitorTask: [20:38:39.213 ] arch_wifi: unable to scan the ap Xiaomi_be3600 with ch: 11
[20:38:39:430][  779.223000] [ DEBUG] netMonitorTask: [20:38:39.223 ] miio_net: wifi scanning channel 11 for 120ms...
[20:38:39:440][  779.232000] [  INFO] netMonitorTask: [20:38:39.232 ] miio_net: Wifi scan done
[20:38:39:447][  779.239000] [  INFO] netMonitorTask: bl616_wifi_sta_scan: Start scan ssid:Xiaomi_be3600, bssid:FF:FF:FF:FF:FF:FF, channel:11
[20:38:39:451][  779.250000] [  INFO] wifi_driver: platform_hook_prevent_sleep: event: SCAN, prevent: 1
[20:38:39:620][  779.418000] [  INFO] wifi_driver: platform_hook_prevent_sleep: event: SCAN, prevent: 0
[20:38:39:627][  779.423000] [  INFO] wifi_driver: bl616_wifi_event_handler: [APP] [EVT] CODE_WIFI_ON_SCAN_DONE
[20:38:39:638][  779.432000] [ ERROR] netMonitorTask: wapi_scan_stat: ioctl(SIOCGIWSCAN): 2
[20:38:39:644][  779.438000] [ DEBUG] netMonitorTask: [20:38:39.438 ] arch_wifi: unable to scan the ap Xiaomi_be3600 with ch: 11
[20:38:39:650][  779.449000] [ DEBUG] netMonitorTask: [20:38:39.449 ] miio_net: wifi scanning channel 11 for 120ms...
[20:38:39:658][  779.458000] [  INFO] netMonitorTask: [20:38:39.458 ] miio_net: Wifi scan done
[20:38:39:669][  779.465000] [  INFO] netMonitorTask: bl616_wifi_sta_scan: Start scan ssid:Xiaomi_be3600, bssid:FF:FF:FF:FF:FF:FF, channel:11
[20:38:39:690][  779.476000] [  INFO] wifi_driver: platform_hook_prevent_sleep: event: SCAN, prevent: 1
[20:39:00:608][  779.644000] [  INFO] wifi_driver: platform_hook_prevent_sleep: event: SCAN, prevent: 0
[20:39:00:608][  779.649000] [  INFO] wifi_driver: bl616_wifi_event_handler: [APP] [EVT] CODE_WIFI_ON_SCAN_DONE
[20:39:00:608][  779.658000] [ ERROR] netMonitorTask: wapi_scan_stat: ioctl(SIOCGIWSCAN): 2
[20:39:00:608][  779.665000] [ DEBUG] netMonitorTask: [20:38:39.665 ] arch_wifi: unable to scan the ap Xiaomi_be3600 with ch: 11
[20:39:00:608][  779.675000] [ DEBUG] netMonitorTask: [20:38:39.675 ] miio_net: wifi scanning channel 11 for 120ms...
[20:39:00:608][  779.684000] [  INFO] netMonitorTask: [20:38:39.684 ] miio_net: Wifi scan done
[20:39:00:608][  779.691000] [  INFO] netMonitorTask: bl616_wifi_sta_scan: Start scan ssid:Xiaomi_be3600, bssid:FF:FF:FF:FF:FF:FF, channel:1
[20:39:00:608][  779.702000] [  INFO] wifi_driver: platform_hook_prevent_sleep: event: SCAN, prevent: 1
[20:39:00:608][  779.873000] [  INFO] wifi_driver: platform_hook_prevent_sleep: event: SCAN, prevent: 0
[20:39:00:608][  779.878000] [  INFO] wifi_driver: bl616_wifi_event_handler: [APP] [EVT] CODE_WIFI_ON_SCAN_DONE
[20:39:00:608][  779.888000] [ DEBUG] netMonitorTask: [20:38:39.888 ] miio_net: wifi scanning channel 1 for 120ms...
[20:39:00:608][  779.896000] [  INFO] netMonitorTask: [20:38:39.896 ] miio_net: Wifi scan done
[20:39:00:608][  779.903000] [NOTICE] netMonitorTask: [20:38:39.903 ] miio_net: insert ssid=Xiaomi_be3600, bssid=42:EE:97:F0:4C:60, pri=1, rssi=-28, authmode=4
[20:39:00:608][  779.916000] [  INFO] netMonitorTask: bl616_wifi_sta_scan: Start scan ssid:Xiaomi_be3600, bssid:FF:FF:FF:FF:FF:FF, channel:1
[20:39:00:608][  779.927000] [  INFO] wifi_driver: platform_hook_prevent_sleep: event: SCAN, prevent: 1
[20:39:00:608][  780.096000] [  INFO] wifi_driver: platform_hook_prevent_sleep: event: SCAN, prevent: 0
[20:39:00:608][  780.101000] [  INFO] wifi_driver: bl616_wifi_event_handler: [APP] [EVT] CODE_WIFI_ON_SCAN_DONE
[20:39:00:608][  780.110000] [ DEBUG] netMonitorTask: [20:38:40.110 ] miio_net: wifi scanning channel 1 for 120ms...
[20:39:00:608][  780.119000] [  INFO] netMonitorTask: [20:38:40.119 ] miio_net: Wifi scan done
[20:39:00:608][  780.126000] [ DEBUG] netMonitorTask: [20:38:40.126 ] miio_net: rssi update from -28 to -27
[20:39:00:608][  780.134000] [  INFO] netMonitorTask: bl616_wifi_sta_scan: Start scan ssid:Xiaomi_be3600, bssid:FF:FF:FF:FF:FF:FF, channel:1
[20:39:00:608][  780.145000] [  INFO] wifi_driver: platform_hook_prevent_sleep: event: SCAN, prevent: 1
[20:39:00:608][  780.313000] [  INFO] wifi_driver: platform_hook_prevent_sleep: event: SCAN, prevent: 0
[20:39:00:608][  780.318000] [  INFO] wifi_driver: bl616_wifi_event_handler: [APP] [EVT] CODE_WIFI_ON_SCAN_DONE
[20:39:00:608][  780.328000] [ DEBUG] netMonitorTask: [20:38:40.327 ] miio_net: wifi scanning channel 1 for 120ms...
[20:39:00:608][  780.336000] [  INFO] netMonitorTask: [20:38:40.336 ] miio_net: Wifi scan done
[20:39:00:608][  780.344000] [  INFO] netMonitorTask: bl616_wifi_sta_scan: Start scan ssid:Xiaomi_be3600, bssid:FF:FF:FF:FF:FF:FF, channel:1
[20:39:00:608][  780.354000] [  INFO] wifi_driver: platform_hook_prevent_sleep: event: SCAN, prevent: 1
[20:39:00:609][  780.522000] [  INFO] wifi_driver: platform_hook_prevent_sleep: event: SCAN, prevent: 0
[20:39:00:609][  780.527000] [  INFO] wifi_driver: bl616_wifi_event_handler: [APP] [EVT] CODE_WIFI_ON_SCAN_DONE
[20:39:00:609][  780.537000] [ DEBUG] netMonitorTask: [20:38:40.537 ] miio_net: wifi scanning channel 1 for 120ms...
[20:39:00:609][  780.545000] [  INFO] netMonitorTask: [20:38:40.545 ] miio_net: Wifi scan done
[20:39:00:609][  780.553000] [  INFO] netMonitorTask: bl616_wifi_sta_scan: Start scan ssid:Xiaomi_be3600, bssid:FF:FF:FF:FF:FF:FF, channel:1
[20:39:00:609][  780.563000] [  INFO] wifi_driver: platform_hook_prevent_sleep: event: SCAN, prevent: 1
[20:39:00:609][  780.731000] [  INFO] wifi_driver: platform_hook_prevent_sleep: event: SCAN, prevent: 0
[20:39:00:609][  780.737000] [  INFO] wifi_driver: bl616_wifi_event_handler: [APP] [EVT] CODE_WIFI_ON_SCAN_DONE
[20:39:00:609][  780.746000] [ DEBUG] netMonitorTask: [20:38:40.746 ] miio_net: wifi scanning channel 1 for 120ms...
[20:39:00:609][  780.755000] [  INFO] netMonitorTask: [20:38:40.754 ] miio_net: Wifi scan done
[20:39:00:609][  780.762000] [ DEBUG] netMonitorTask: [20:38:40.762 ] miio_net: rssi update from -27 to -25
[20:39:00:609][  780.770000] [  INFO] netMonitorTask: bl616_wifi_sta_scan: Start scan ssid:Xiaomi_be3600, bssid:FF:FF:FF:FF:FF:FF, channel:6
[20:39:00:609][  780.781000] [  INFO] wifi_driver: platform_hook_prevent_sleep: event: SCAN, prevent: 1
[20:39:00:609][  780.949000] [  INFO] wifi_driver: platform_hook_prevent_sleep: event: SCAN, prevent: 0
[20:39:00:609][  780.955000] [  INFO] wifi_driver: bl616_wifi_event_handler: [APP] [EVT] CODE_WIFI_ON_SCAN_DONE
[20:39:00:609][  780.963000] [ ERROR] netMonitorTask: wapi_scan_stat: ioctl(SIOCGIWSCAN): 2
[20:39:00:609][  780.970000] [ DEBUG] netMonitorTask: [20:38:40.970 ] arch_wifi: unable to scan the ap Xiaomi_be3600 with ch: 6
[20:39:00:609][  780.980000] [ DEBUG] netMonitorTask: [20:38:40.980 ] miio_net: wifi scanning channel 6 for 120ms...
[20:39:00:609][  780.989000] [  INFO] netMonitorTask: [20:38:40.989 ] miio_net: Wifi scan done
[20:39:00:609][  780.996000] [  INFO] netMonitorTask: bl616_wifi_sta_scan: Start scan ssid:Xiaomi_be3600, bssid:FF:FF:FF:FF:FF:FF, channel:6
[20:39:00:609][  781.007000] [  INFO] wifi_driver: platform_hook_prevent_sleep: event: SCAN, prevent: 1
[20:39:00:609][  781.174000] [  INFO] wifi_driver: platform_hook_prevent_sleep: event: SCAN, prevent: 0
[20:39:00:609][  781.180000] [  INFO] wifi_driver: bl616_wifi_event_handler: [APP] [EVT] CODE_WIFI_ON_SCAN_DONE
[20:39:00:610][  781.189000] [ ERROR] netMonitorTask: wapi_scan_stat: ioctl(SIOCGIWSCAN): 2
[20:39:00:610][  781.195000] [ DEBUG] netMonitorTask: [20:38:41.195 ] arch_wifi: unable to scan the ap Xiaomi_be3600 with ch: 6
[20:39:00:610][  781.206000] [ DEBUG] netMonitorTask: [20:38:41.205 ] miio_net: wifi scanning channel 6 for 120ms...
[20:39:00:610][  781.214000] [  INFO] netMonitorTask: [20:38:41.214 ] miio_net: Wifi scan done
[20:39:00:610][  781.222000] [  INFO] netMonitorTask: bl616_wifi_sta_scan: Start scan ssid:Xiaomi_be3600, bssid:FF:FF:FF:FF:FF:FF, channel:6
[20:39:00:610][  781.233000] [  INFO] wifi_driver: platform_hook_prevent_sleep: event: SCAN, prevent: 1
[20:39:00:610][  781.400000] [  INFO] wifi_driver: platform_hook_prevent_sleep: event: SCAN, prevent: 0
[20:39:00:610][  781.405000] [  INFO] wifi_driver: bl616_wifi_event_handler: [APP] [EVT] CODE_WIFI_ON_SCAN_DONE
[20:39:00:610][  781.414000] [ ERROR] netMonitorTask: wapi_scan_stat: ioctl(SIOCGIWSCAN): 2
[20:39:00:610][  781.421000] [ DEBUG] netMonitorTask: [20:38:41.421 ] arch_wifi: unable to scan the ap Xiaomi_be3600 with ch: 6
[20:39:00:610][  781.431000] [ DEBUG] netMonitorTask: [20:38:41.431 ] miio_net: wifi scanning channel 6 for 120ms...
[20:39:00:610][  781.440000] [  INFO] netMonitorTask: [20:38:41.440 ] miio_net: Wifi scan done
[20:39:00:610][  781.447000] [  INFO] netMonitorTask: bl616_wifi_sta_scan: Start scan ssid:Xiaomi_be3600, bssid:FF:FF:FF:FF:FF:FF, channel:6
[20:39:00:610][  781.458000] [  INFO] wifi_driver: platform_hook_prevent_sleep: event: SCAN, prevent: 1
[20:39:00:610][  781.625000] [  INFO] wifi_driver: platform_hook_prevent_sleep: event: SCAN, prevent: 0
[20:39:00:610][  781.630000] [  INFO] wifi_driver: bl616_wifi_event_handler: [APP] [EVT] CODE_WIFI_ON_SCAN_DONE
[20:39:00:611][  781.639000] [ ERROR] netMonitorTask: wapi_scan_stat: ioctl(SIOCGIWSCAN): 2
[20:39:00:611][  781.646000] [ DEBUG] netMonitorTask: [20:38:41.646 ] arch_wifi: unable to scan the ap Xiaomi_be3600 with ch: 6
[20:39:00:611][  781.656000] [ DEBUG] netMonitorTask: [20:38:41.656 ] miio_net: wifi scanning channel 6 for 120ms...
[20:39:00:611][  781.665000] [  INFO] netMonitorTask: [20:38:41.665 ] miio_net: Wifi scan done
[20:39:00:611][  781.672000] [  INFO] netMonitorTask: bl616_wifi_sta_scan: Start scan ssid:Xiaomi_be3600, bssid:FF:FF:FF:FF:FF:FF, channel:6
[20:39:00:611][  781.683000] [  INFO] wifi_driver: platform_hook_prevent_sleep: event: SCAN, prevent: 1
[20:39:00:611][  781.850000] [  INFO] wifi_driver: platform_hook_prevent_sleep: event: SCAN, prevent: 0
[20:39:00:611][  781.856000] [  INFO] wifi_driver: bl616_wifi_event_handler: [APP] [EVT] CODE_WIFI_ON_SCAN_DONE
[20:39:00:611][  781.864000] [ ERROR] netMonitorTask: wapi_scan_stat: ioctl(SIOCGIWSCAN): 2
[20:39:00:611][  781.871000] [ DEBUG] netMonitorTask: [20:38:41.871 ] arch_wifi: unable to scan the ap Xiaomi_be3600 with ch: 6
[20:39:00:611][  781.881000] [ DEBUG] netMonitorTask: [20:38:41.881 ] miio_net: wifi scanning channel 6 for 120ms...
[20:39:00:611][  781.890000] [  INFO] netMonitorTask: [20:38:41.890 ] miio_net: Wifi scan done
[20:39:00:611][  781.898000] [  INFO] netMonitorTask: bl616_wifi_sta_scan: Start scan ssid:Xiaomi_be3600, bssid:FF:FF:FF:FF:FF:FF, channel:2
[20:39:00:611][  781.908000] [  INFO] wifi_driver: platform_hook_prevent_sleep: event: SCAN, prevent: 1
[20:39:00:611][  782.076000] [  INFO] wifi_driver: platform_hook_prevent_sleep: event: SCAN, prevent: 0
[20:39:00:611][  782.081000] [  INFO] wifi_driver: bl616_wifi_event_handler: [APP] [EVT] CODE_WIFI_ON_SCAN_DONE
[20:39:00:611][  782.091000] [ DEBUG] netMonitorTask: [20:38:42.090 ] miio_net: wifi scanning channel 2 for 120ms...
[20:39:00:611][  782.099000] [  INFO] netMonitorTask: [20:38:42.099 ] miio_net: Wifi scan done
[20:39:00:611][  782.106000] [  INFO] netMonitorTask: bl616_wifi_sta_scan: Start scan ssid:Xiaomi_be3600, bssid:FF:FF:FF:FF:FF:FF, channel:3
[20:39:00:612][  782.117000] [  INFO] wifi_driver: platform_hook_prevent_sleep: event: SCAN, prevent: 1
[20:39:00:612][  782.284000] [  INFO] wifi_driver: platform_hook_prevent_sleep: event: SCAN, prevent: 0
[20:39:00:612][  782.290000] [  INFO] wifi_driver: bl616_wifi_event_handler: [APP] [EVT] CODE_WIFI_ON_SCAN_DONE
[20:39:00:612][  782.298000] [ ERROR] netMonitorTask: wapi_scan_stat: ioctl(SIOCGIWSCAN): 2
[20:39:00:612][  782.305000] [ DEBUG] netMonitorTask: [20:38:42.305 ] arch_wifi: unable to scan the ap Xiaomi_be3600 with ch: 3
[20:39:00:612][  782.315000] [ DEBUG] netMonitorTask: [20:38:42.315 ] miio_net: wifi scanning channel 3 for 120ms...
[20:39:00:612][  782.324000] [  INFO] netMonitorTask: [20:38:42.324 ] miio_net: Wifi scan done
[20:39:00:612][  782.331000] [  INFO] netMonitorTask: bl616_wifi_sta_scan: Start scan ssid:Xiaomi_be3600, bssid:FF:FF:FF:FF:FF:FF, channel:4
[20:39:00:612][  782.342000] [  INFO] wifi_driver: platform_hook_prevent_sleep: event: SCAN, prevent: 1
[20:39:00:612][  782.510000] [  INFO] wifi_driver: platform_hook_prevent_sleep: event: SCAN, prevent: 0
[20:39:00:612][  782.515000] [  INFO] wifi_driver: bl616_wifi_event_handler: [APP] [EVT] CODE_WIFI_ON_SCAN_DONE
[20:39:00:612][  782.524000] [ ERROR] netMonitorTask: wapi_scan_stat: ioctl(SIOCGIWSCAN): 2
[20:39:00:612][  782.530000] [ DEBUG] netMonitorTask: [20:38:42.530 ] arch_wifi: unable to scan the ap Xiaomi_be3600 with ch: 4
[20:39:00:612][  782.541000] [ DEBUG] netMonitorTask: [20:38:42.541 ] miio_net: wifi scanning channel 4 for 120ms...
[20:39:00:612][  782.550000] [  INFO] netMonitorTask: [20:38:42.549 ] miio_net: Wifi scan done
[20:39:00:612][  782.557000] [  INFO] netMonitorTask: bl616_wifi_sta_scan: Start scan ssid:Xiaomi_be3600, bssid:FF:FF:FF:FF:FF:FF, channel:5
[20:39:00:612][  782.568000] [  INFO] wifi_driver: platform_hook_prevent_sleep: event: SCAN, prevent: 1
[20:39:00:612][  782.735000] [  INFO] wifi_driver: platform_hook_prevent_sleep: event: SCAN, prevent: 0
[20:39:00:612][  782.740000] [  INFO] wifi_driver: bl616_wifi_event_handler: [APP] [EVT] CODE_WIFI_ON_SCAN_DONE
[20:39:00:612][  782.749000] [ ERROR] netMonitorTask: wapi_scan_stat: ioctl(SIOCGIWSCAN): 2
[20:39:00:612][  782.756000] [ DEBUG] netMonitorTask: [20:38:42.756 ] arch_wifi: unable to scan the ap Xiaomi_be3600 with ch: 5
[20:39:00:612][  782.766000] [ DEBUG] netMonitorTask: [20:38:42.766 ] miio_net: wifi scanning channel 5 for 120ms...
[20:39:00:612][  782.775000] [  INFO] netMonitorTask: [20:38:42.775 ] miio_net: Wifi scan done
[20:39:00:612][  782.782000] [  INFO] netMonitorTask: bl616_wifi_sta_scan: Start scan ssid:Xiaomi_be3600, bssid:FF:FF:FF:FF:FF:FF, channel:7
[20:39:00:612][  782.793000] [  INFO] wifi_driver: platform_hook_prevent_sleep: event: SCAN, prevent: 1
[20:39:00:612][  782.960000] [  INFO] wifi_driver: platform_hook_prevent_sleep: event: SCAN, prevent: 0
[20:39:00:612][  782.966000] [  INFO] wifi_driver: bl616_wifi_event_handler: [APP] [EVT] CODE_WIFI_ON_SCAN_DONE
[20:39:00:612][  782.974000] [ ERROR] netMonitorTask: wapi_scan_stat: ioctl(SIOCGIWSCAN): 2
[20:39:00:612][  782.981000] [ DEBUG] netMonitorTask: [20:38:42.981 ] arch_wifi: unable to scan the ap Xiaomi_be3600 with ch: 7
[20:39:00:613][  782.991000] [ DEBUG] netMonitorTask: [20:38:42.991 ] miio_net: wifi scanning channel 7 for 120ms...
[20:39:00:613][  783.000000] [  INFO] netMonitorTask: [20:38:43.000 ] miio_net: Wifi scan done
[20:39:00:613][  783.008000] [  INFO] netMonitorTask: bl616_wifi_sta_scan: Start scan ssid:Xiaomi_be3600, bssid:FF:FF:FF:FF:FF:FF, channel:8
[20:39:00:613][  783.018000] [  INFO] wifi_driver: platform_hook_prevent_sleep: event: SCAN, prevent: 1
[20:39:00:613][  783.186000] [  INFO] wifi_driver: platform_hook_prevent_sleep: event: SCAN, prevent: 0
[20:39:00:613][  783.191000] [  INFO] wifi_driver: bl616_wifi_event_handler: [APP] [EVT] CODE_WIFI_ON_SCAN_DONE
[20:39:00:613][  783.200000] [ ERROR] netMonitorTask: wapi_scan_stat: ioctl(SIOCGIWSCAN): 2
[20:39:00:613][  783.207000] [ DEBUG] netMonitorTask: [20:38:43.206 ] arch_wifi: unable to scan the ap Xiaomi_be3600 with ch: 8
[20:39:00:613][  783.217000] [ DEBUG] netMonitorTask: [20:38:43.217 ] miio_net: wifi scanning channel 8 for 120ms...
[20:39:00:613][  783.226000] [  INFO] netMonitorTask: [20:38:43.226 ] miio_net: Wifi scan done
[20:39:00:613][  783.233000] [  INFO] netMonitorTask: bl616_wifi_sta_scan: Start scan ssid:Xiaomi_be3600, bssid:FF:FF:FF:FF:FF:FF, channel:9
[20:39:00:613][  783.244000] [  INFO] wifi_driver: platform_hook_prevent_sleep: event: SCAN, prevent: 1
[20:39:00:613][  783.411000] [  INFO] wifi_driver: platform_hook_prevent_sleep: event: SCAN, prevent: 0
[20:39:00:613][  783.416000] [  INFO] wifi_driver: bl616_wifi_event_handler: [APP] [EVT] CODE_WIFI_ON_SCAN_DONE
[20:39:00:613][  783.425000] [ ERROR] netMonitorTask: wapi_scan_stat: ioctl(SIOCGIWSCAN): 2
[20:39:00:613][  783.432000] [ DEBUG] netMonitorTask: [20:38:43.432 ] arch_wifi: unable to scan the ap Xiaomi_be3600 with ch: 9
[20:39:00:613][  783.442000] [ DEBUG] netMonitorTask: [20:38:43.442 ] miio_net: wifi scanning channel 9 for 120ms...
[20:39:00:613][  783.451000] [  INFO] netMonitorTask: [20:38:43.451 ] miio_net: Wifi scan done
[20:39:00:613][  783.458000] [  INFO] netMonitorTask: bl616_wifi_sta_scan: Start scan ssid:Xiaomi_be3600, bssid:FF:FF:FF:FF:FF:FF, channel:10
[20:39:00:613][  783.469000] [  INFO] wifi_driver: platform_hook_prevent_sleep: event: SCAN, prevent: 1
[20:39:00:613][  783.636000] [  INFO] wifi_driver: platform_hook_prevent_sleep: event: SCAN, prevent: 0
[20:39:00:613][  783.642000] [  INFO] wifi_driver: bl616_wifi_event_handler: [APP] [EVT] CODE_WIFI_ON_SCAN_DONE
[20:39:00:613][  783.650000] [ ERROR] netMonitorTask: wapi_scan_stat: ioctl(SIOCGIWSCAN): 2
[20:39:00:613][  783.657000] [ DEBUG] netMonitorTask: [20:38:43.657 ] arch_wifi: unable to scan the ap Xiaomi_be3600 with ch: 10
[20:39:00:613][  783.668000] [ DEBUG] netMonitorTask: [20:38:43.667 ] miio_net: wifi scanning channel 10 for 120ms...
[20:39:00:613][  783.677000] [  INFO] netMonitorTask: [20:38:43.676 ] miio_net: Wifi scan done
[20:39:00:613][  783.684000] [  INFO] netMonitorTask: bl616_wifi_sta_scan: Start scan ssid:Xiaomi_be3600, bssid:FF:FF:FF:FF:FF:FF, channel:12
[20:39:00:613][  783.695000] [  INFO] wifi_driver: platform_hook_prevent_sleep: event: SCAN, prevent: 1
[20:39:00:613][  783.862000] [  INFO] wifi_driver: platform_hook_prevent_sleep: event: SCAN, prevent: 0
[20:39:00:614][  783.868000] [  INFO] wifi_driver: bl616_wifi_event_handler: [APP] [EVT] CODE_WIFI_ON_SCAN_DONE
[20:39:00:614][  783.877000] [ ERROR] netMonitorTask: wapi_scan_stat: ioctl(SIOCGIWSCAN): 2
[20:39:00:614][  783.883000] [ DEBUG] netMonitorTask: [20:38:43.883 ] arch_wifi: unable to scan the ap Xiaomi_be3600 with ch: 12
[20:39:00:614][  783.894000] [ DEBUG] netMonitorTask: [20:38:43.894 ] miio_net: wifi scanning channel 12 for 120ms...
[20:39:00:614][  783.903000] [  INFO] netMonitorTask: [20:38:43.903 ] miio_net: Wifi scan done
[20:39:00:614][  783.910000] [  INFO] netMonitorTask: bl616_wifi_sta_scan: Start scan ssid:Xiaomi_be3600, bssid:FF:FF:FF:FF:FF:FF, channel:13
[20:39:00:614][  783.921000] [  INFO] wifi_driver: platform_hook_prevent_sleep: event: SCAN, prevent: 1
[20:39:00:614][  784.088000] [  INFO] wifi_driver: platform_hook_prevent_sleep: event: SCAN, prevent: 0
[20:39:00:614][  784.093000] [  INFO] wifi_driver: bl616_wifi_event_handler: [APP] [EVT] CODE_WIFI_ON_SCAN_DONE
[20:39:00:614][  784.102000] [ ERROR] netMonitorTask: wapi_scan_stat: ioctl(SIOCGIWSCAN): 2
[20:39:00:614][  784.109000] [ DEBUG] netMonitorTask: [20:38:44.109 ] arch_wifi: unable to scan the ap Xiaomi_be3600 with ch: 13
[20:39:00:614][  784.119000] [ DEBUG] netMonitorTask: [20:38:44.119 ] miio_net: wifi scanning channel 13 for 120ms...
[20:39:00:614][  784.128000] [  INFO] netMonitorTask: [20:38:44.128 ] miio_net: Wifi scan done
[20:39:00:614][  784.135000] [NOTICE] netMonitorTask: [20:38:44.135 ] miio_net: wifi scan finished, 1 Xiaomi_be3600 found.
[20:39:00:614][  784.145000] [ DEBUG] netMonitorTask: [20:38:44.145 ] miio_net: complete scan results 1, ssid=Xiaomi_be3600, bssid=42:EE:97:F0:4C:60, pri=1, rssi=-25, automode=4, pairwise_cipher=0, group_cipher=0, phy_mode=0
[20:39:00:614][  784.163000] [NOTICE] netMonitorTask: [20:38:44.163 ] miio_net: bingo ssid=Xiaomi_be3600, bssid=42:EE:97:F0:4C:60, pri=1, rssi=-25
[20:39:00:614][  784.175000] [  INFO] netMonitorTask: bl616_wifi_sta_freq: set channel: 1, freq: 2412
[20:39:00:614][  784.183000] [  INFO] netMonitorTask: bl616_wifi_sta_connect: connect ssid:Xiaomi_be3600
[20:39:00:614][  784.190000] [  INFO] netMonitorTask: bl616_wifi_sta_connect: connect bssid:42:ee:97:f0:4c:60
[20:39:00:614][  784.199000] [  INFO] netMonitorTask: bl616_wifi_sta_connect: connect channel:1
[20:39:00:614][  784.206000] [  INFO] netMonitorTask: bl616_wifi_sta_connect: PTA 2 -> 4, window 8 interval 160
[20:39:00:614][  784.215000] [ DEBUG] netMonitorTask: start connecting ... 
[20:39:00:614][  784.220000] [  INFO] netMonitorTask: platform_hook_prevent_sleep: event: CONNECT, prevent: 1
[20:39:00:614][  784.231000] [ DEBUG] WPA: [WPA] wpa_supplicant_deinit_iface: send deauth, Line:6778
[20:39:00:614][  784.236000] [ DEBUG] WPA: Request to deauthenticate - bssid=00:00:00:00:00:00 pending_bssid=00:00:00:00:00:00 reason=3 (DEAUTH_LEAVING) state=DISCONNECTED
[20:39:00:614][  784.250000] [ DEBUG] WPA: {FVIF-0} Driver RWNX deinit
[20:39:00:614][  784.255000] [ DEBUG] CONNECT: {FVIF-0} WPA interface removed
[20:39:00:614][  784.262000] [ DEBUG] WPA: Driver RWNX init for wl0
[20:39:00:614][  784.267000] [ DEBUG] WPA: l2 filter 0x62fcb638, sock 3, netif 0x62fe2fc8 
[20:39:00:614][  784.274000] [ DEBUG] CONNECT: {FVIF-0} WPA interface added
[20:39:00:614][  784.278000] [ DEBUG] CONNECT: Exec key_mgmt WPA-PSK WPA-PSK-SHA256 SAE
[20:39:00:614][  784.285000] [ DEBUG] CONNECT: Exec pairwise TKIP CCMP GCMP GCMP-256 CCMP-256
[20:39:00:614][  784.292000] [ DEBUG] CONNECT: Exec group TKIP CCMP GCMP GCMP-256 CCMP-256
[20:39:00:615][  784.298000] [ DEBUG] CONNECT: Exec ieee80211w 1
[20:39:00:615][  784.303000] [ DEBUG] CONNECT: Exec scan_ssid 1
[20:39:00:615][  784.307000] [ DEBUG] CONNECT: Exec bssid 42:EE:97:F0:4C:60
[20:39:00:615][  784.313000] [ DEBUG] CONNECT: Exec scan_freq 2412 2412 
[20:39:00:615][  784.318000] [ DEBUG] CONNECT: Exec ssid "Xiaomi_be3600"
[20:39:00:615][  784.583000] [ DEBUG] CONNECT: WPA network 0: created and configured
[20:39:00:615][  784.587000] [  INFO] wifi_driver: platform_hook_prevent_sleep: event: SCAN, prevent: 1
[20:39:00:615][  784.607000] [ DEBUG] WPA: Add bssid 42:EE:97:F0:4C:60
[20:39:00:615][  784.669000] [ DEBUG] WPA: Add bssid 42:EE:97:F0:4C:60
[20:39:00:615][  784.723000] [  INFO] wifi_driver: platform_hook_prevent_sleep: event: SCAN, prevent: 0
[20:39:00:615][  784.729000] [ DEBUG] WPA: A] CTRL-EVENT-BSS-ADDED 0 42:EE:97:F0:4C:60
[20:39:00:615][  784.735000] [ DEBUG] WPA: A] CTRL-EVENT-SCAN-RESULTS 
[20:39:00:615][  784.779000] [ DEBUG] WPA: A] Trying to associate with 42:EE:97:F0:4C:60 (SSID='Xiaomi_be3600' freq=2412 MHz)
[20:39:00:615][  784.787000] [ DEBUG] wifi_fw: === sm_connect_req_handler sm_env.auth_retry_gap = 0
[20:39:00:615][  784.796000] [ DEBUG] wifi_fw: hecap    phy[0]=02,phy[1]=6f,phy[2]=42,phy[3]=c9
[20:39:00:615][  784.802000] [ DEBUG] wifi_fw: hecaploc phy[0]=00,phy[1]=e0,phy[2]=2b,phy[3]=43
[20:39:00:615][  784.809000] [ DEBUG] wifi_fw: rc_init: station_id=0 format_mod=5 pre_type=0 short_gi=1 max_bw=0
[20:39:00:615][  784.817000] [ DEBUG] wifi_fw: rc_init: nss_max=0 mcs_max=9 r_idx_min=0 r_idx_max=3 no_samples=10
[20:39:00:615][  784.827000] [ DEBUG] wifi_fw: [FU]Set timer,state is 5,ongoing++, timeout:512000
[20:39:00:615][  784.834000] [ DEBUG] wifi_fw: [FU]Tx cfm ongoing--, value is 0
[20:39:00:615][  784.839000] [ DEBUG] wifi_fw: [FL]RECV AUTH,sn:2678
[20:39:00:615][  784.844000] [ DEBUG] wifi_fw: [FU]RECV AUTH,sn:2678
[20:39:00:615][  784.849000] [ DEBUG] wifi_fw: [FU]Rx handler,state:5,fctl:0xb0
[20:39:00:615][  784.855000] [ DEBUG] wifi_fw: [FU]Clear timer in auth handler
[20:39:00:615][  784.861000] [ DEBUG] wifi_fw: [FU]Set timer,state is 8,ongoing++, timeout:1024000
[20:39:00:615][  784.868000] [ DEBUG] wifi_fw: [FU]RECV BEACON,sn:2680
[20:39:00:615][  784.873000] [ DEBUG] wifi_fw: [FU]Tx cfm ongoing--, value is 0
[20:39:00:615][  784.879000] [ DEBUG] wifi_fw: [FL]RECV ASSOCRSP,sn:2681
[20:39:00:615][  784.884000] [ DEBUG] wifi_fw: [FU]RECV ASSOCRSP,sn:2681
[20:39:00:615][  784.890000] [ DEBUG] wifi_fw: [FU]Rx handler,state:8,fctl:0x10
[20:39:00:615][  784.895000] [ DEBUG] wifi_fw: [FU]Clear timer in assoc rsp handler
[20:39:00:615][  784.902000] [ DEBUG] wifi_fw: === sm_connect_ind sm_env.auth_retry_gap = 0
[20:39:00:615][  784.910000] [ DEBUG] WPA: A] Associated with 42:EE:97:F0:4C:60
[20:39:00:615][  784.917000] [ DEBUG] WPA: A] CTRL-EVENT-SUBNET-STATUS-UPDATE status=0
[20:39:00:615][  784.935000] [ DEBUG] WPA: A] WPA: Key negotiation completed with 42:EE:97:F0:4C:60 [PTK=CCMP GTK=CCMP]
[20:39:00:615][  784.942000] [ DEBUG] WPA: A] CTRL-EVENT-CONNECTED - Connection to 42:EE:97:F0:4C:60 completed [id=0 id_str=]
[20:39:00:615][  784.952000] [ DEBUG] WPA: wpa_supplicant_ctrl_iface_msg_cb: cmd send succeded, txt is CTRL-EVENT-CONNECTED - Connection to 42:EE:97:F0:4C:60 completed [id=0 id_str=]
[20:39:00:615][  784.967000] [ DEBUG] WPA: {FVIF-0} enter FHOST_WPA_STATE_CONNECTED
[20:39:00:615][  784.973000] [  INFO] WPA: platform_hook_prevent_sleep: event: CONNECT, prevent: 0
[20:39:00:615][  784.981000] [ DEBUG] wifi_driver: =================================================================
[20:39:00:615][  784.990000] [ DEBUG] wifi_driver: [AT][RX] Connection Status
[20:39:00:615][  784.995000] [ DEBUG] wifi_driver: [AT][RX]   status_code 0
[20:39:00:616][  785.001000] [ DEBUG] wifi_driver: [AT][RX]   reason_code 0
[20:39:00:616][  785.006000] [ DEBUG] wifi_driver: [AT][RX]   status detail: sm connect ind ok
[20:39:00:616][  785.013000] [ DEBUG] wifi_driver: [AT][RX]   MAC 42:EE:97:F0:4C:60
[20:39:00:616][  785.020000] [ DEBUG] wifi_driver: [AT][RX]   vif_idx 1
[20:39:00:616][  785.025000] [ DEBUG] wifi_driver: [AT][RX]   ap_idx 0
[20:39:00:616][  785.030000] [ DEBUG] wifi_driver: [AT][RX]   ch_idx 2
[20:39:00:616][  785.035000] [ DEBUG] wifi_driver: [AT][RX]   qos 1
[20:39:00:616][  785.040000] [ DEBUG] wifi_driver: [AT][RX]   aid 7
[20:39:00:616][  785.044000] [ DEBUG] wifi_driver: [AT][RX]   band 2.4G
[20:39:00:616][  785.049000] [ DEBUG] wifi_driver: [AT][RX]   channel 1
[20:39:00:616][  785.055000] [ DEBUG] wifi_driver: =================================================================
[20:39:00:616][  785.064000] [  INFO] wifi_driver: platform_hook_prevent_sleep: event: CONNECT, prevent: 0
[20:39:00:616][  785.072000] [  INFO] wifi_driver: bl616_wlan_sta_set_linkstatus: INFO: Wi-Fi station link up 0
[20:39:00:616][  785.080000] [  INFO] wifi_driver: bl616_wifi_event_handler: [APP] [EVT] CODE_WIFI_ON_CONNECTED
[20:39:00:616][  785.089000] [  INFO] wifi_driver: platform_hook_prevent_sleep: event: CONNECT, prevent: 0
[20:39:00:616][  785.100000] [ DEBUG] CONNECT: WPA network 0: connected
[20:39:00:616][  785.103000] [  INFO] netMonitorTask: [20:38:45.103 ] arch_wifi: dhcp begin
[20:39:00:616][  785.113000] [NOTICE] miio_client: [20:38:45.113 ] miio_netlink: wlan0 link up
[20:39:00:616][  785.167000] [  INFO] netMonitorTask: [20:38:45.166 ] arch_wifi: dhcp end
[20:39:00:616][  785.171000] [NOTICE] netMonitorTask: [20:38:45.171 ] miio_net: Wifi station connected
[20:39:00:616][  785.179000] [NOTICE] netMonitorTask: [20:38:45.179 ] miio_net: Wifi station got ip
[20:39:00:616][  785.186000] [  INFO] netMonitorTask: [20:38:45.186 ] arch_net: Current IP Info:
[20:39:00:616][  785.194000] [  INFO] netMonitorTask: [20:38:45.194 ] arch_net: IP[192.168.3.70]
[20:39:00:616][  785.201000] [  INFO] netMonitorTask: [20:38:45.201 ] arch_net: Netmask[255.255.255.0]
[20:39:00:616][  785.209000] [  INFO] netMonitorTask: [20:38:45.208 ] arch_net: Gateway[192.168.3.1]
[20:39:00:616][  785.218000] [ DEBUG] netMonitorTask: [20:38:45.218 ] miio_net: <**************Start PowerAdjustTimer *************>
[20:39:00:616][  785.227000] [ DEBUG] netMonitorTask: [20:38:45.227 ] ot: event emit[id=2,txt=otn.mode,ext_len=1]
[20:39:00:616][  785.238000] [ DEBUG] mi_otn: [20:38:45.238 ] miio_ot: otn.mode[2] happened!
[20:39:00:616][  785.243000] [  INFO] mi_otn: [20:38:45.243 ] miio_net: miio_net_provision_stat_hook called
[20:39:00:616][  785.251000] [ DEBUG] mi_otn: [20:38:45.251 ] ots: set ctrl[type=1, arg_len=68]
[20:39:00:616][  785.258000] [ DEBUG] mi_otn: [20:38:45.258 ] otu: set ctrl[type=1, arg_len=0]
[20:39:00:616][  785.266000] [ DEBUG] mi_otn: [20:38:45.265 ] miio_ot: otn.mode[2] event finished!
[20:39:00:616][  785.274000] [ DEBUG] miio_client: [20:38:45.273 ] miio_netlink: 24
[20:39:00:616]
[20:39:00:616][  785.279000] [ DEBUG] miio_client: [20:38:45.279 ] miio_netlink: rth->type: 2
[20:39:00:616]
[20:39:00:616][  785.287000] [ DEBUG] miio_client: [20:38:45.287 ] miio_netlink: wlan0 add address 192.168.3.70
[20:39:00:616]
[20:39:00:616][  785.297000] [ DEBUG] miio_client: [20:38:45.297 ] miio_netlink: 24
[20:39:00:616]
[20:39:00:616][  785.303000] [ DEBUG] miio_client: [20:38:45.303 ] miio_netlink: rth->type: 2
[20:39:00:616]
[20:39:00:616][  785.310000] [ DEBUG] miio_client: [20:38:45.310 ] miio_netlink: wlan0 add address 192.168.3.70
[20:39:00:616]
[20:39:00:616][  785.319000] [ DEBUG] ots_task: [20:38:45.319 ] ots: get ctrl[type=1, arg_len=68]
[20:39:00:616][  785.329000] [ DEBUG] ots_task: [20:38:45.329 ] ots: event emit[id=4,txt=ots.resolve_ok,ext_len=100]
[20:39:00:617][  785.335000] [ DEBUG] ots_task: [20:38:45.335 ] ots: ots is connecting...
[20:39:00:617][  785.342000] [ DEBUG] otu_task: [20:38:45.342 ] otu: get ctrl[type=1, arg_len=0]
[20:39:00:617][  785.349000] [ DEBUG] otu_task: [20:38:45.349 ] otu: otu is opening...
[20:39:00:617][  785.356000] [  INFO] otu_task: [20:38:45.356 ] otu: Opened.
[20:39:00:617][  785.361000] [ DEBUG] otu_task: [20:38:45.361 ] otu: event emit[id=6,txt=otu.open_ok,ext_len=0]
[20:39:00:617][  785.370000] [ DEBUG] mi_otn: [20:38:45.370 ] ots: ots.resolve_ok[4] happened!
[20:39:00:617][  785.377000] [ DEBUG] mi_otn: [20:38:45.377 ] ots: set ctrl[type=2, arg_len=100]
[20:39:00:617][  785.384000] [ DEBUG] mi_otn: [20:38:45.384 ] ots: backlist[0] = 39.101.90.207::443
[20:39:00:617][  785.394000] [ DEBUG] mi_otn: [20:38:45.394 ] ots: backlist[1] = 120.92.65.240::443
[20:39:00:617][  785.401000] [ DEBUG] mi_otn: [20:38:45.401 ] ots: login_timeout=270000
[20:39:00:617][  785.407000] [ DEBUG] mi_otn: [20:38:45.407 ] otu: otu.open_ok[6] happened!
[20:39:00:617][  785.414000] [ DEBUG] ots_task: [20:38:45.414 ] ots: get ctrl[type=2, arg_len=100]
[20:39:00:617][  785.422000] [NOTICE] ots_task: [20:38:45.422 ] ots: ots connect 124.251.34.212::443...
[20:39:00:617][  785.431000] [NOTICE] ots_task: [20:38:45.431 ] tls: opening
[20:39:00:617][  785.437000] [ DEBUG] ots_task: [20:38:45.437 ] tls: Loading the CA root certificate...
[20:39:00:617][  785.445000] [ DEBUG] ots_task: [20:38:45.445 ] tls: Setting up the SSL/TLS structure...
[20:39:00:617][  785.451000] [ DEBUG] ots_task: [20:38:45.451 ] tls: psk identity is DID=821847546.
[20:39:00:617][  785.459000] [ DEBUG] ots_task: [20:38:45.458 ] tls: configs->cert_verify is 0.
[20:39:00:617][  785.466000] [NOTICE] ots_task: [20:38:45.466 ] tls: connect to server Mijia Cloud, domain is 124.251.34.212, port is 443.
[20:39:00:617][  785.594000] [NOTICE] ots_task: [20:38:45.594 ] tls: Socket Connected.
[20:39:00:617][  785.598000] [ DEBUG] ots_task: [20:38:45.598 ] tls: TLS/SSL start handshake...
[20:39:00:617][  786.083000] [NOTICE] ots_task: [20:38:46.082 ] tls: handshake ok! Protocol is TLSv1.2, Ciphersuite is TLS-PSK-WITH-AES-128-GCM-SHA256.
[20:39:00:617][  786.092000] [NOTICE] ots_task: [20:38:46.092 ] ots: Connected.
[20:39:00:617][  786.098000] [  INFO] ots_task: [20:38:46.098 ] miio_net: miio_net_provision_stat_hook called
[20:39:00:617][  786.106000] [ DEBUG] ots_task: [20:38:46.106 ] ots: event emit[id=6,txt=ots.connect_ok,ext_len=72]
[20:39:00:617][  786.116000] [ DEBUG] mi_otn: [20:38:46.116 ] ots: ots.connect_ok[6] happened!
[20:39:00:617][  786.125000] [NOTICE] mi_otn: [20:38:46.125 ] ots: -->sync sent.
[20:39:00:617][  786.158000] [ DEBUG] ots_task: [20:38:46.158 ] ots: recvd 24Bytes
[20:39:00:617][  786.162000] [NOTICE] ots_task: [20:38:46.162 ] ots: <--sync ack.
[20:39:00:617][  786.168000] [ DEBUG] ots_task: [20:38:46.168 ] ots: sync costtime = 39
[20:39:00:617][  786.231000] [ DEBUG] mi_otn: [20:38:46.231 ] ots: login req = 0exiaomi.dev.bl3
[20:39:00:617][  786.238000] [NOTICE] mi_otn: [20:38:46.238 ] ots: -->login sent.
[20:39:00:618][  786.242000] [  INFO] mi_otn: [20:38:46.241 ] miio_net: miio_net_provision_stat_hook called
[20:39:00:618][  789.414000] [ DEBUG] ots_task: [20:38:49.414 ] ots: recvd 9Bytes
[20:39:00:618][  789.418000] [NOTICE] ots_task: [20:38:49.418 ] ots: <--login ack, code=0.
[20:39:00:618][  789.424000] [ DEBUG] ots_task: [20:38:49.424 ] ots: event emit[id=9,txt=ots.online,ext_len=0]
[20:39:00:618][  789.433000] [ DEBUG] ots_task: [20:38:49.433 ] ots: login elpased 3192ms
[20:39:00:618][  789.440000] [ DEBUG] mi_otn: [20:38:49.440 ] ots: ots.online[9] happened!
[20:39:00:618][  789.446000] [ DEBUG] mi_otn: [20:38:49.446 ] ots: kplv_timeout=270000, kplv_interval=91000
[20:39:00:618][  789.455000] [ DEBUG] mi_otn: [20:38:49.455 ] miio_ot: ots.online[9] happened!
[20:39:00:618][  789.462000] [NOTICE] mi_otn: [20:38:49.462 ] miio_ot: info(ots) will start in 0 ms...
[20:39:00:618][  789.470000] [  INFO] mi_otn: [20:38:49.470 ] miio_instance: miio_online_hook_default called
[20:39:00:618][  789.480000] [ DEBUG] mi_otn: [20:38:49.480 ] miio_net: miio_net_online_hook called
[20:39:00:618][  789.485000] [ DEBUG] mi_otn: [20:38:49.485 ] miio_net: mible_mesh_common_bt already exit..
[20:39:00:618][  789.719000] [  INFO] mi_otn: [20:38:49.719 ] arch_wifi: calculate pmk cost: 221ms
[20:39:00:618][  789.724000] [ DEBUG] mi_otn: [20:38:49.724 ] miio_net: Connected AP RSSI: [-25]
[20:39:00:618][  789.744000] [ DEBUG] mi_otn: [20:38:49.744 ] miio_net: no need update fixed_ip
[20:39:00:618][  789.750000] [  INFO] mi_otn: [20:38:49.750 ] miio_net_analyse: reporting the miio offline information 
[20:39:00:618][  789.761000] [  INFO] mi_otn: [20:38:49.761 ] miio_net_analyse: miio_online_stats_gather 
[20:39:00:618][  789.767000] [  INFO] mi_otn: [20:38:49.767 ] miio_net_analyse: prepare online event information ip=192.168.3.70, gw=192.168.3.1, netmask=255.255.255.0, rssi=-25
[20:39:00:618][  789.781000] [ DEBUG] mi_otn: [20:38:49.781 ] miio_net: miio_recovery_report called
[20:39:00:618][  789.797000] [  INFO] mi_otn: [20:38:49.797 ] miio_pm: pm_config: 1
[20:39:00:618][  789.801000] [ DEBUG] mi_otn: [20:38:49.801 ] miio_net: mible_mesh_common_bt already exit..
[20:39:00:618][  789.809000] [  INFO] mi_otn: [20:38:49.809 ] miio_net: miio monitor switch to low power!
[20:39:00:618][  789.817000] [  INFO] mi_otn: [20:38:49.817 ] miio_pm: lock_status: 2, unlock[0]
[20:39:00:618][  789.825000] [  INFO] mi_otn: [20:38:49.824 ] miio_info: 2 props left, 2 events left.
[20:39:00:618][  789.832000] [  INFO] mi_otn: [20:38:49.832 ] miio_info: some props/events has not been sent, the switch will be excuted later..
[20:39:00:618][  789.845000] [  INFO] mi_otn: [20:38:49.845 ] arch_wifi: set powersave on ok!
[20:39:00:618][  789.851000] [  INFO] mi_otn: [20:38:49.851 ] arch_pm: pm_mode switch to 0 succeed!
[20:39:00:618][  789.858000] [  INFO] mi_otn: [20:38:49.858 ] miio_pm: lock_status: 0, unlock[1]
[20:39:00:618][  789.866000] [  INFO] mi_otn: [20:38:49.866 ] miio_pm_uart: Command Recv Timeout: 1800000
[20:39:00:618][  789.874000] [  INFO] mi_otn: [20:38:49.874 ] miio_pm_instance: enable uart sleep.
[20:39:00:618][  789.881000] [  WARN] mi_otn: [20:38:49.881 ] miio_client_func: Got online msg.
[20:39:00:618][  789.888000] [ DEBUG] mi_otn: [20:38:49.888 ] miio_client_func: method_local_broadcast_msg(), {"method": "local.status", "params": "cloud_connected"}
[20:39:00:618][  789.902000] [ DEBUG] mi_otn: [20:38:49.902 ] miio_ot: online_cnt = 3, offline_cnt = 2, switch_cnt = 0
[20:39:00:618][  789.908000] [ DEBUG] wifi_fw: [RC] request fixed rate ffff
[20:39:00:618][  789.919000] [  INFO] mi_otn: [20:38:49.919 ] miio_instance: miio_info_kvs_hook_default called
[20:39:00:618][  789.928000] [ DEBUG] mi_otn: [20:38:49.928 ] miio_net: miio_net_info_kvs_hook called
[20:39:00:618][  789.936000] [NOTICE] mi_otn: [20:38:49.936 ] miio_ot: up _otc.info:{"id":1965621274,"method":"_otc.info","params":{"life":789,"model":"xiaomi.dev.bl3","token":"69aa************************aee4","ipflag":1,"fw_ver":"1.0.3","miio_ver":"0.1.0","hw_ver":"BL616-BL3","chip_ver":1,"mmfree":108720,"mac":"C4:93:BB:AD:C7:FF","wifi_fw_ver":"WifiVer.N\/A","ap":{"ssid":"Xiaomi_be3600","bssid":"42:EE:97:F0:4C:60","rssi":-25,"primary":1},"netif":{"localIp":"192.168.3.70","mask":"255.255.255.0","gw":"192.168.3.1"},"uid":1205295674}}
[20:39:00:619][  789.979000] [  INFO] mi_otn: [20:38:49.979 ] miio_ot: -->info(ots).
[20:39:00:619][  789.986000] [ DEBUG] mi_otn: [20:38:49.986 ] ots: ots_up_rpc_delegate_out_cb:{"id":352583703,"method":"_async.stat","params":{"miio.fixed_connect":{"ap_connect_fail":1,"ip_conflict":0,"rssi_changed":0},"model":"xiaomi.dev.bl3"}}
[20:39:00:619][  790.009000] [ DEBUG] mi_otn: [20:38:50.009 ] ots: ots_up_rpc_delegate_out_cb:{"id":1019412504,"method":"_async.stat","params":{"miio.offline":{"reason":40,"time":11,"wifi_disc_reason":2},"dev.info":{"localIp":"192.168.3.70","gw":"192.168.3.1","rssi":"-27"},"model":"xiaomi.dev.bl3","fw_ver":"1.0.3"}}
[20:39:00:619][  790.036000] [ DEBUG] mi_otn: [20:38:50.036 ] ots: ots_up_rpc_delegate_out_cb:{"id":2020605977,"method":"_sync.get_upgrade_url","params":{"user_trigger":0}}
[20:39:00:619][  790.050000] [ DEBUG] mi_otn: [20:38:50.050 ] ots: ots_up_rpc_delegate_out_cb:{"id":1965621274,"method":"_otc.info","params":{"life":789,"model":"xiaomi.dev.bl3","token":"69aa************************aee4","ipflag":1,"fw_ver":"1.0.3","miio_ver":"0.1.0","hw_ver":"BL616-BL3","chip_ver":1,"mmfree":108720,"mac":"C4:93:BB:AD:C7:FF","wifi_fw_ver":"WifiVer.N\/A","ap":{"ssid":"Xiaomi_be3600","bssid":"42:EE:97:F0:4C:60","rssi":-25,"primary":1},"netif":{"localIp":"192.168.3.70","mask":"255.255.255.0","gw":"192.168.3.1"},"uid":1205295674}}
[20:39:00:620][  790.098000] [  INFO] netMonitorTask: [20:38:50.098 ] miio_net: task_monitor enter powersave!
[20:39:00:620][  790.106000] [  INFO] netMonitorTask: [20:38:50.106 ] miio_monitor: work time = 790s, memory left = 110720
[20:39:00:620][  790.115000] [ DEBUG] ots_task: [20:38:50.115 ] ots: recvd 39Bytes
[20:39:00:620][  790.119000] [ DEBUG] ots_task: [20:38:50.119 ] ots: req or ack recvd.
[20:39:00:620][  790.126000] [ DEBUG] ots_task: [20:38:50.126 ] ots: {"id":352583703,"result":"ok"}.
[20:39:00:620][  790.134000] [ DEBUG] ots_task: [20:38:50.133 ] ots: send_cnt = 4[25], ack_cnt = 1[22,0], costtime = 147[1235,1224]
[20:39:00:620][  790.144000] [ DEBUG] ots_task: [20:38:50.144 ] ots: event emit[id=11,txt=ots.keeplive,ext_len=0]
[20:39:00:620][  790.153000] [  INFO] lpwork: bl616_coex_restore_work: Restore PTA 4 -> 2
[20:39:00:620][  790.159000] [ DEBUG] mi_otn: [20:38:50.159 ] ots: ots.keeplive[11] happened!
[20:39:00:620][  790.169000] [  WARN] Idle Task: bl616_pmtickless: --->>> [10]:On, [H]:302, [15:mi_otn]
[20:39:00:620][  790.490000] [  WARN] Idle Task: bl616_pmtickless: <<<--- [R]:RTC, [R]:311, [W]:775, [L]:132
[20:39:00:620][  790.500000] [  INFO] mi_otn: [20:38:50.500 ] miio_ot: -->pull ip list sent.
[20:39:00:620][  790.504000] [ DEBUG] mi_otn: [20:38:50.504 ] ots: ots_up_rpc_delegate_out_cb:{"id":209780763,"method":"_otc.pull_ip_list","params":{}}
[20:39:00:620][  790.523000] [  WARN] Idle Task: bl616_pmtickless: --->>> [10]:On, [H]:985, [1174644928:]
[20:39:00:620][  791.121000] [  WARN] Idle Task: bl616_pmtickless: <<<--- [R]:WIFI, [R]:587, [W]:776, [L]:132
[20:39:00:620][  791.144000] [ DEBUG] ots_task: [20:38:51.144 ] ots: recvd 40Bytes
[20:39:00:620][  791.148000] [ DEBUG] ots_task: [20:38:51.147 ] ots: req or ack recvd.
[20:39:00:620][  791.154000] [ DEBUG] ots_task: [20:38:51.154 ] ots: {"id":1019412504,"result":"ok"}.
[20:39:00:620][  791.162000] [ DEBUG] ots_task: [20:38:51.162 ] ots: send_cnt = 5[26], ack_cnt = 2[23,0], costtime = 1300[1226,1225]
[20:39:00:620][  791.172000] [ DEBUG] ots_task: [20:38:51.172 ] ots: event emit[id=11,txt=ots.keeplive,ext_len=0]
[20:39:00:620][  791.182000] [ DEBUG] mi_otn: [20:38:51.181 ] ots: ots.keeplive[11] happened!
[20:39:00:620][  791.191000] [  WARN] Idle Task: bl616_pmtickless: --->>> [10]:On, [H]:2860, [15:mi_otn]
[20:39:00:620][  792.146000] [  WARN] Idle Task: bl616_pmtickless: <<<--- [R]:WIFI, [R]:945, [W]:777, [L]:132
[20:39:00:620][  792.162000] [ DEBUG] ots_task: [20:38:52.162 ] ots: recvd 54Bytes
[20:39:00:620][  792.166000] [ DEBUG] ots_task: [20:38:52.166 ] ots: req or ack recvd.
[20:39:00:620][  792.173000] [ DEBUG] ots_task: [20:38:52.173 ] ots: {"id":2020605977,"result":{"upgrade_sign":0}}.
[20:39:00:620][  792.182000] [ DEBUG] ots_task: [20:38:52.181 ] ots: send_cnt = 5[26], ack_cnt = 3[24,0], costtime = 3445[1317,1325]
[20:39:00:620][  792.192000] [ DEBUG] ots_task: [20:38:52.192 ] ots: event emit[id=11,txt=ots.keeplive,ext_len=0]
[20:39:00:621][  792.202000] [ DEBUG] ots_task: [20:38:52.202 ] ots: recvd 40Bytes
[20:39:00:621][  792.207000] [ DEBUG] ots_task: [20:38:52.207 ] ots: req or ack recvd.
[20:39:00:621][  792.213000] [ DEBUG] ots_task: [20:38:52.213 ] ots: {"id":1965621274,"result":"ok"}.
[20:39:00:621][  792.221000] [ DEBUG] ots_task: [20:38:52.221 ] ots: send_cnt = 5[26], ack_cnt = 4[25,0], costtime = 5617[1402,1409]
[20:39:00:621][  792.231000] [ DEBUG] ots_task: [20:38:52.231 ] ots: event emit[id=11,txt=ots.keeplive,ext_len=0]
[20:39:00:621][  792.241000] [ DEBUG] ots_task: [20:38:52.241 ] ots: recvd 341Bytes
[20:39:00:621][  792.247000] [ DEBUG] ots_task: [20:38:52.246 ] ots: req or ack recvd.
[20:39:00:621][  792.253000] [ DEBUG] ots_task: [20:38:52.253 ] ots: {"id":209780763,"result":{"svr_list":[{"ip":"202.69.4.3","port":443},{"ip":"124.251.34.212","port":443},{"ip":"39.101.90.208","port":443}],"svr_probe_list":[{"ip":"36.156.49.91","port":80},{"ip":"124.251.101.18","port":8053},{"ip":"120.92.65.237","port":8053},{"ip":"120.52.181.238","port":8053}],"interval":1800, "firstprobe":933}}.
[20:39:00:621][  792.287000] [ DEBUG] ots_task: [20:38:52.286 ] ots: send_cnt = 5[26], ack_cnt = 5[26,0], costtime = 7399[1440,1443]
[20:39:00:621][  792.297000] [ DEBUG] ots_task: [20:38:52.297 ] ots: event emit[id=11,txt=ots.keeplive,ext_len=0]
[20:39:00:621][  792.306000] [ DEBUG] mi_otn: [20:38:52.306 ] ots: ots.keeplive[11] happened!
[20:39:00:621][  792.313000] [  INFO] mi_otn: [20:38:52.313 ] miio_instance: <--query upgrade ack.
[20:39:00:621][  792.320000] [ DEBUG] mi_otn: [20:38:52.320 ] miio_instance: new version not found!
[20:39:00:621][  792.330000] [ DEBUG] mi_otn: [20:38:52.330 ] ots: ots.keeplive[11] happened!
[20:39:00:621][  792.335000] [  INFO] mi_otn: [20:38:52.335 ] miio_ot: <--info ack(ots).
[20:39:00:621][  792.342000] [ DEBUG] mi_otn: [20:38:52.342 ] miio_net: miio_net_statistics_kvs_hook called
[20:39:00:621][  792.352000] [ DEBUG] mi_otn: [20:38:52.352 ] ots: ots_up_rpc_delegate_out_cb:{"id":2121728028,"method":"_otc.ncinfo","params":{"miio_ver":"0.1.0","miio_times":[790,148,0,642],"ap":{"ssid":"Xiaomi_be3600","connect_count":3,"repeaters":[{"bssid":"42:EE:97:F0:4C:60","rssi":-25,"primary":1,"active":1}]},"ot_stat":[3,2,0],"ots_stat":[3,0,0,2107,1440,1443,26,26,0,0,0,0,0]}}
[20:39:00:621][  792.386000] [ DEBUG] mi_otn: [20:38:52.386 ] ots: ots_up_rpc_delegate_out_cb:{"id":163512349,"method":"_otc.ncstat","params":{"timestamp":1775219929,"proto":2,"otip":"124.251.34.212","otport":443,"sendcnt":5,"ackcnt":5,"ackcnt_timeout":0,"costtime":7399,"rpc":0,"rpcack":0,"rpcack_costtime":0,"dns":0,"keeplive_interval":91,"rpc_local":0,"rpcack_local":0}}
[20:39:00:621][  792.417000] [ DEBUG] mi_otn: [20:38:52.417 ] ots: ots.keeplive[11] happened!
[20:39:00:621][  792.422000] [ DEBUG] mi_otn: [20:38:52.422 ] miio_ot: otc_list[0] = 202.69.4.3::443
[20:39:00:622][  792.429000] [ DEBUG] mi_otn: [20:38:52.429 ] miio_ot: otc_list[1] = 124.251.34.212::443
[20:39:00:622][  792.437000] [ DEBUG] mi_otn: [20:38:52.437 ] miio_ot: otc_list[2] = 39.101.90.208::443
[20:39:00:622][  792.445000] [ DEBUG] mi_otn: [20:38:52.445 ] ots: backlist[0] = 202.69.4.3::443
[20:39:00:622][  792.455000] [ DEBUG] mi_otn: [20:38:52.455 ] ots: backlist[1] = 124.251.34.212::443
[20:39:00:622][  792.460000] [ DEBUG] mi_otn: [20:38:52.460 ] ots: backlist[2] = 39.101.90.208::443
[20:39:00:622][  792.468000] [ DEBUG] mi_otn: [20:38:52.468 ] miio_ot: otc_test interval=1800000ms, firsttime=933000ms
[20:39:00:622][  792.479000] [ DEBUG] ots_task: [20:38:52.478 ] ots: recvd 40Bytes
[20:39:00:622][  792.483000] [ DEBUG] ots_task: [20:38:52.483 ] ots: req or ack recvd.
[20:39:00:622][  792.490000] [ DEBUG] ots_task: [20:38:52.490 ] ots: {"id":2121728028,"result":"ok"}.
[20:39:00:622][  792.497000] [ DEBUG] ots_task: [20:38:52.497 ] ots: send_cnt = 2[28], ack_cnt = 1[27,0], costtime = 145[1310,1298]
[20:39:00:622][  792.508000] [ DEBUG] ots_task: [20:38:52.508 ] ots: event emit[id=11,txt=ots.keeplive,ext_len=0]
[20:39:00:622][  792.517000] [ DEBUG] mi_otn: [20:38:52.517 ] ots: ots.keeplive[11] happened!
[20:39:00:622][  792.526000] [  WARN] Idle Task: bl616_pmtickless: --->>> [10]:On, [H]:1359, [1174644928:]
[20:39:00:622][  793.905000] [  WARN] Idle Task: bl616_pmtickless: <<<--- [R]:RTC, [R]:1368, [W]:778, [L]:132
[20:39:00:622][  793.918000] [  WARN] Idle Task: bl616_pmtickless: --->>> [10]:On, [H]:553, [15:mi_otn]
[20:39:00:622][  794.491000] [  WARN] Idle Task: bl616_pmtickless: <<<--- [R]:RTC, [R]:562, [W]:778, [L]:132
[20:39:00:622][  794.501000] [ DEBUG] mi_otn: [20:38:54.501 ] ots: ots_up_rpc_delegate_out_cb:{"id":1284898846,"method":"props","params":{"lowpower_mode":"on","auto_ota_ability":1}}
[20:39:00:622][  794.518000] [ DEBUG] mi_otn: [20:38:54.518 ] ots: ots_up_rpc_delegate_out_cb:{"id":1939144735,"method":"event.miio_mode","params":[0],"retry":0,"timestamp":1775219916,"tick":776964}
[20:39:00:622][  794.536000] [ DEBUG] ots_task: [20:38:54.535 ] ots: recvd 39Bytes
[20:39:00:622][  794.539000] [ DEBUG] ots_task: [20:38:54.539 ] ots: req or ack recvd.
[20:39:00:622][  794.546000] [ DEBUG] ots_task: [20:38:54.546 ] ots: {"id":163512349,"result":"ok"}.
[20:39:00:622][  794.553000] [ DEBUG] ots_task: [20:38:54.553 ] ots: send_cnt = 4[30], ack_cnt = 2[28,0], costtime = 2313[1395,1402]
[20:39:00:622][  794.563000] [ DEBUG] ots_task: [20:38:54.563 ] ots: event emit[id=11,txt=ots.keeplive,ext_len=0]
[20:39:00:622][  794.573000] [ DEBUG] mi_otn: [20:38:54.573 ] ots: ots.keeplive[11] happened!
[20:39:00:622][  794.582000] [  WARN] Idle Task: bl616_pmtickless: --->>> [10]:On, [H]:637, [945:]
[20:39:00:622][  795.238000] [  WARN] Idle Task: bl616_pmtickless: <<<--- [R]:RTC, [R]:646, [W]:778, [L]:132
[20:39:00:622][  795.249000] [  INFO] lpwork: [20:38:55.249 ] miio_pm: pm_config: 1
[20:39:00:622][  795.253000] [ DEBUG] lpwork: [20:38:55.253 ] miio_net: mible_mesh_common_bt already exit..
[20:39:00:622][  795.261000] [  INFO] lpwork: [20:38:55.261 ] miio_net: miio monitor switch to low power!
[20:39:00:622][  795.269000] [  INFO] lpwork: [20:38:55.269 ] miio_pm: pm_lock[0]: already unlocked
[20:39:00:623][  795.276000] [  INFO] lpwork: [20:38:55.276 ] miio_pm: lock_status: 0, unlock[0]
[20:39:00:623][  795.284000] [  INFO] lpwork: [20:38:55.284 ] miio_info: 4 props left, 2 events left.
[20:39:00:623][  795.291000] [  INFO] lpwork: [20:38:55.291 ] miio_info: some props/events has not been sent, the switch will be excuted later..
[20:39:00:623][  795.303000] [  INFO] netMonitorTask: [20:38:55.303 ] miio_net: task_monitor enter powersave!
[20:39:00:623][  795.314000] [  WARN] Idle Task: bl616_pmtickless: --->>> [10]:On, [H]:2203, [1174644928:]
[20:39:00:623][  795.534000] [  WARN] Idle Task: bl616_pmtickless: <<<--- [R]:WIFI, [R]:209, [W]:779, [L]:132
[20:39:00:623][  795.550000] [ DEBUG] ots_task: [20:38:55.550 ] ots: recvd 40Bytes
[20:39:00:623][  795.554000] [ DEBUG] ots_task: [20:38:55.554 ] ots: req or ack recvd.
[20:39:00:623][  795.560000] [ DEBUG] ots_task: [20:38:55.560 ] ots: {"id":1284898846,"result":"ok"}.
[20:39:00:623][  795.568000] [ DEBUG] ots_task: [20:38:55.568 ] ots: send_cnt = 4[30], ack_cnt = 3[29,0], costtime = 3380[1362,1359]
[20:39:00:623][  795.578000] [ DEBUG] ots_task: [20:38:55.578 ] ots: event emit[id=11,txt=ots.keeplive,ext_len=0]
[20:39:00:623][  795.588000] [ DEBUG] ots_task: [20:38:55.588 ] ots: recvd 40Bytes
[20:39:00:623][  795.593000] [ DEBUG] ots_task: [20:38:55.593 ] ots: req or ack recvd.
[20:39:00:623][  795.599000] [ DEBUG] ots_task: [20:38:55.599 ] ots: {"id":1939144735,"result":"ok"}.
[20:39:00:623][  795.607000] [ DEBUG] ots_task: [20:38:55.607 ] ots: send_cnt = 4[30], ack_cnt = 4[30,0], costtime = 4470[1334,1331]
[20:39:00:623][  795.617000] [ DEBUG] ots_task: [20:38:55.617 ] ots: event emit[id=11,txt=ots.keeplive,ext_len=0]
[20:39:00:623][  795.627000] [ DEBUG] mi_otn: [20:38:55.627 ] ots: ots.keeplive[11] happened!
[20:39:00:623][  795.634000] [  INFO] mi_otn: [20:38:55.634 ] miio_info: 2 props left, 2 events left.
[20:39:00:623][  795.641000] [  INFO] mi_otn: [20:38:55.641 ] miio_info: some props/events has not been sent, the switch will be excuted later..
[20:39:00:623][  795.653000] [ DEBUG] mi_otn: [20:38:55.652 ] ots: ots.keeplive[11] happened!
[20:39:00:623][  795.660000] [ DEBUG] mi_otn: [20:38:55.660 ] miio_info: event.miio_mode sent
[20:39:00:652][  795.667000] [  INFO] mi_otn: [20:38:55.666 ] miio_info: 2 props left, 1 events left.
[20:39:00:652][  795.674000] [  INFO] mi_otn: [20:38:55.674 ] miio_info: some props/events has not been sent, the switch will be excuted later..
[20:39:00:652][  795.688000] [  WARN] Idle Task: bl616_pmtickless: --->>> [10]:On, [H]:3814, [15:mi_otn]
[20:39:00:653][  799.522000] [  WARN] Idle Task: bl616_pmtickless: <<<--- [R]:RTC, [R]:3823, [W]:782, [L]:132
[20:39:00:653][  799.532000] [ DEBUG] mi_otn: [20:38:59.532 ] ots: ots_up_rpc_delegate_out_cb:{"id":1795686432,"method":"props","params":{"ota_progress":101,"ota_state":"idle"}}
[20:39:00:653][  799.547000] [ DEBUG] mi_otn: [20:38:59.547 ] ots: ots_up_rpc_delegate_out_cb:{"id":2069954593,"method":"event.miio_mode","params":[2],"retry":0,"timestamp":1775219925,"tick":785227}
[20:39:00:653][  799.566000] [  WARN] Idle Task: bl616_pmtickless: --->>> [10]:On, [H]:2980, [1174644928:]
[20:39:00:653][  799.738000] [  WARN] Idle Task: bl616_pmtickless: <<<--- [R]:WIFI, [R]:161, [W]:783, [L]:132
[20:39:00:653][  799.753000] [ DEBUG] ots_task: [20:38:59.753 ] ots: recvd 40Bytes
[20:39:00:653][  799.757000] [ DEBUG] ots_task: [20:38:59.756 ] ots: req or ack recvd.
[20:39:00:653][  799.764000] [ DEBUG] ots_task: [20:38:59.763 ] ots: {"id":1795686432,"result":"ok"}.
[20:39:00:653][  799.771000] [ DEBUG] ots_task: [20:38:59.771 ] ots: send_cnt = 6[32], ack_cnt = 5[31,0], costtime = 4709[1224,1214]
[20:39:00:653][  799.781000] [ DEBUG] ots_task: [20:38:59.781 ] ots: event emit[id=11,txt=ots.keeplive,ext_len=0]
[20:39:00:653][  799.791000] [ DEBUG] mi_otn: [20:38:59.790 ] ots: ots.keeplive[11] happened!
[20:39:00:653][  799.797000] [  INFO] mi_otn: [20:38:59.797 ] miio_info: 0 props left, 1 events left.
[20:39:00:653][  799.805000] [  INFO] mi_otn: [20:38:59.804 ] miio_info: some props/events has not been sent, the switch will be excuted later..
[20:39:00:653][  799.818000] [  WARN] Idle Task: bl616_pmtickless: --->>> [10]:On, [H]:3746, [15:mi_otn]
[20:39:00:944][  800.761000] [  WARN] Idle Task: bl616_pmtickless: <<<--- [R]:WIFI, [R]:932, [W]:784, [L]:132
[20:39:00:944][  800.777000] [ DEBUG] ots_task: [20:39:00.777 ] ots: recvd 40Bytes
[20:39:00:960][  800.780000] [ DEBUG] ots_task: [20:39:00.780 ] ots: req or ack recvd.
[20:39:00:960][  800.787000] [ DEBUG] ots_task: [20:39:00.787 ] ots: {"id":2069954593,"result":"ok"}.
[20:39:00:976][  800.795000] [ DEBUG] ots_task: [20:39:00.795 ] ots: send_cnt = 6[32], ack_cnt = 6[32,0], costtime = 5956[1226,1226]
[20:39:00:992][  800.805000] [ DEBUG] ots_task: [20:39:00.805 ] ots: event emit[id=11,txt=ots.keeplive,ext_len=0]
[20:39:00:992][  800.814000] [ DEBUG] mi_otn: [20:39:00.814 ] ots: ots.keeplive[11] happened!
[20:39:00:992][  800.821000] [ DEBUG] mi_otn: [20:39:00.821 ] miio_info: event.miio_mode sent
[20:39:01:008][  800.828000] [  INFO] mi_otn: [20:39:00.828 ] miio_info: 0 props left, 0 events left.
[20:39:01:008][  800.835000] [ DEBUG] mi_otn: [20:39:00.835 ] ot: event emit[id=5,txt=otn.timerconfig,ext_len=4]
[20:39:01:027][  800.844000] [ DEBUG] mi_otn: [20:39:00.844 ] miio_ot: otn.timerconfig[5] happened!
[20:39:01:027][  800.852000] [ DEBUG] mi_otn: [20:39:00.852 ] miio_ot: cooldown_time_ms =1800000
[20:39:01:056][  800.859000] [ DEBUG] mi_otn: [20:39:00.859 ] miio_ot: otn.timerconfig[5] event finished!
[20:39:01:056][  800.870000] [  WARN] Idle Task: bl616_pmtickless: --->>> [10]:On, [H]:49048, [15:mi_otn]
[20:39:09:046][  808.856000] [  WARN] Idle Task: bl616_pmtickless: <<<--- [R]:WIFI, [R]:7976, [W]:792, [L]:133
[20:39:09:062][  808.885000] [  WARN] Idle Task: bl616_pmtickless: --->>> [10]:On, [H]:41032, [15:mi_otn]
[20:39:10:073][  809.883000] [  WARN] Idle Task: bl616_pmtickless: <<<--- [R]:WIFI, [R]:988, [W]:793, [L]:133
[20:39:10:093][  809.914000] [  WARN] Idle Task: bl616_pmtickless: --->>> [10]:On, [H]:40003, [15:mi_otn]
[20:39:44:881][  844.703000] [  WARN] Idle Task: bl616_pmtickless: <<<--- [R]:WIFI, [R]:34778, [W]:827, [L]:133
[20:39:44:916][  844.732000] [  WARN] Idle Task: bl616_pmtickless: --->>> [10]:On, [H]:5186, [15:mi_otn]
[20:39:50:116][  849.937000] [  WARN] Idle Task: bl616_pmtickless: <<<--- [R]:RTC, [R]:5195, [W]:832, [L]:133
[20:39:50:132][  849.953000] [ DEBUG] mi_otn: [20:39:49.953 ] miio_ot: st[1775241363], dura[1800]
[20:39:50:132][  849.960000] [  WARN] Idle Task: bl616_pmtickless: --->>> [10]:On, [H]:41874, [15:mi_otn]
[20:40:23:788][  883.622000] [  WARN] Idle Task: bl616_pmtickless: <<<--- [R]:WIFI, [R]:33651, [W]:865, [L]:133
[20:40:23:820][  883.653000] [  WARN] Idle Task: bl616_pmtickless: --->>> [10]:On, [H]:8182, [15:mi_otn]
[20:40:32:008][  891.854000] [  WARN] Idle Task: bl616_pmtickless: <<<--- [R]:RTC, [R]:8191, [W]:873, [L]:133
[20:40:32:008][  891.867000] [  INFO] mi_otn: [20:40:31.867 ] ots: -->kplv sent.
[20:40:32:040][  891.873000] [  WARN] Idle Task: bl616_pmtickless: --->>> [10]:On, [H]:2993, [1174644928:]
[20:40:33:006][  892.843000] [  WARN] Idle Task: bl616_pmtickless: <<<--- [R]:WIFI, [R]:959, [W]:874, [L]:133
[20:40:33:006][  892.860000] [ DEBUG] ots_task: [20:40:32.859 ] ots: recvd 8Bytes
[20:40:33:022][  892.863000] [  INFO] ots_task: [20:40:32.863 ] ots: <--kplv ack.
[20:40:33:022][  892.869000] [ DEBUG] ots_task: [20:40:32.869 ] ots: event emit[id=11,txt=ots.keeplive,ext_len=0]
[20:40:33:038][  892.878000] [ DEBUG] ots_task: [20:40:32.878 ] ots: keeplive costtime = 1008
[20:40:33:038][  892.885000] [ DEBUG] mi_otn: [20:40:32.885 ] ots: ots.keeplive[11] happened!
[20:40:33:054][  892.894000] [  WARN] Idle Task: bl616_pmtickless: --->>> [10]:On, [H]:90999, [15:mi_otn]
[20:40:58:604][  918.450000] [  WARN] Idle Task: bl616_pmtickless: <<<--- [R]:WIFI, [R]:25545, [W]:899, [L]:133
[20:40:58:636][  918.480000] [  WARN] Idle Task: bl616_pmtickless: --->>> [10]:On, [H]:65414, [15:mi_otn]
[20:41:19:081][  938.933000] [  WARN] Idle Task: bl616_pmtickless: <<<--- [R]:WIFI, [R]:20442, [W]:919, [L]:133
[20:41:19:113][  938.961000] [  WARN] Idle Task: bl616_pmtickless: --->>> [10]:On, [H]:44932, [15:mi_otn]
[20:41:47:146][  966.995000] [  WARN] Idle Task: bl616_pmtickless: <<<--- [R]:WIFI, [R]:28023, [W]:947, [L]:136
[20:41:47:146][  967.015000] [ ERROR] ots_task: [20:41:47.015 ] tls: mbedtls_ssl_read returned EOF(0)
[20:41:47:162][  967.020000] [ DEBUG] ots_task: [20:41:47.020 ] ots: disconnecting.
[20:41:47:162][  967.026000] [ DEBUG] ots_task: [20:41:47.026 ] ots: event emit[id=8,txt=ots.disconnect,ext_len=0]
[20:41:47:178][  967.035000] [ DEBUG] mi_otn: [20:41:47.035 ] ots: ots.disconnect[8] happened!
[20:41:47:178][  967.042000] [ DEBUG] mi_otn: [20:41:47.042 ] ots: set ctrl[type=4, arg_len=0]
[20:41:47:194][  967.049000] [ DEBUG] mi_otn: [20:41:47.049 ] ots: event emit[id=10,txt=ots.offline,ext_len=0]
[20:41:47:194][  967.058000] [ DEBUG] mi_otn: [20:41:47.058 ] ots: ots.offline[10] happened!
[20:41:47:210][  967.065000] [ DEBUG] mi_otn: [20:41:47.065 ] ots: kplv_timeout=270000
[20:41:47:210][  967.071000] [ DEBUG] mi_otn: [20:41:47.071 ] ots: kplv_interval=91000
[20:41:47:210][  967.078000] [  WARN] mi_otn: [20:41:47.078 ] ots: ots reconnect will start in 4039 ms...
[20:41:47:227][  967.086000] [ DEBUG] mi_otn: [20:41:47.086 ] miio_ot: ots.offline[10] happened!
[20:41:47:227][  967.093000] [  INFO] mi_otn: [20:41:47.093 ] miio_instance:  miio_offline_hook_default called
[20:41:47:243][  967.102000] [ DEBUG] mi_otn: [20:41:47.102 ] miio_net: miio_net_offline_hook called
[20:41:47:243][  967.109000] [ DEBUG] mi_otn: [20:41:47.109 ] ot: event emit[id=5,txt=otn.timerconfig,ext_len=4]
[20:41:47:259][  967.119000] [  INFO] mi_otn: [20:41:47.119 ] arch_wifi: set powersave off ok!
[20:41:47:259][  967.125000] [  INFO] mi_otn: [20:41:47.125 ] arch_pm: pm_mode switch to 1 succeed!
[20:41:47:275][  967.132000] [  INFO] mi_otn: [20:41:47.132 ] miio_pm: lock_status: 1, lock[0]
[20:41:47:275][  967.140000] [  INFO] mi_otn: [20:41:47.139 ] miio_net: miio monitor switch to high power!
[20:41:47:291][  967.148000] [  INFO] mi_otn: [20:41:47.148 ] miio_pm: lock_status: 3, lock[1]
[20:41:47:291][  967.155000] [  INFO] mi_otn: [20:41:47.155 ] miio_pm_uart: Command Recv Timeout: 10000
[20:41:47:307][  967.163000] [  INFO] mi_otn: [20:41:47.163 ] miio_pm_instance: disable uart sleep.
[20:41:47:307][  967.170000] [ DEBUG] mi_otn: [20:41:47.170 ] ot: event emit[id=5,txt=otn.timerconfig,ext_len=4]
[20:41:47:323][  967.179000] [  INFO] mi_otn: [20:41:47.179 ] miio_net_analyse: enable the miio offline detect feature 
[20:41:47:323][  967.188000] [  WARN] mi_otn: [20:41:47.188 ] miio_client_func: Got offline msg.
[20:41:47:339][  967.196000] [ DEBUG] mi_otn: [20:41:47.195 ] miio_client_func: method_local_broadcast_msg(), {"method": "local.status", "params": "cloud_retry"}
[20:41:47:355][  967.209000] [ DEBUG] mi_otn: [20:41:47.209 ] miio_ot: online_cnt = 3, offline_cnt = 3, switch_cnt = 0
[20:41:47:355][  967.218000] [ DEBUG] mi_otn: [20:41:47.218 ] miio_ot: reset ot_info_random = 29477 ms
[20:41:47:371][  967.226000] [ DEBUG] mi_otn: [20:41:47.225 ] miio_ot: otn.timerconfig[5] happened!
[20:41:47:371][  967.233000] [ DEBUG] mi_otn: [20:41:47.233 ] miio_ot: cooldown_time_ms =5000
[20:41:47:387][  967.240000] [ DEBUG] mi_otn: [20:41:47.240 ] miio_ot: otn.timerconfig[5] event finished!
[20:41:47:387][  967.248000] [ DEBUG] mi_otn: [20:41:47.248 ] miio_ot: otn.timerconfig[5] happened!
[20:41:47:403][  967.256000] [ DEBUG] mi_otn: [20:41:47.256 ] miio_ot: otn.timerconfig[5] event finished!
[20:41:47:403][  967.264000] [ DEBUG] ots_task: [20:41:47.264 ] ots: get ctrl[type=4, arg_len=0]
[20:41:47:403][  967.273000] [ DEBUG] ots_task: [20:41:47.272 ] tls: closed
[20:41:47:419][  967.276000] [  INFO] ots_task: [20:41:47.276 ] ots: closed.
[20:41:47:419][  967.282000] [ DEBUG] ots_task: [20:41:47.282 ] ots: ots is connecting...
[20:41:47:435][  967.289000] [  INFO] netMonitorTask: [20:41:47.289 ] miio_net: task_monitor exit powersave!
[20:41:47:435][  967.300000] [  INFO] netMonitorTask: [20:41:47.299 ] miio_monitor: work time = 967s, memory left = 125888
[20:41:47:452][  967.307000] [  INFO] netMonitorTask: [20:41:47.307 ] miio_net_analyse: recording the miio offline begin 
[20:41:47:452][  967.316000] [  INFO] netMonitorTask: [20:41:47.316 ] miio_net_analyse: recording the miio offline start timestamp=1775220107
[20:41:47:468][  967.336000] [NOTICE] netMonitorTask: [20:41:47.336 ] miio_ot: miio_ntp got address=202.69.4.7::8053[ot.io.mi.com]
[20:41:47:484][  967.344000] [ DEBUG] netMonitorTask: [20:41:47.344 ] ot: event emit[id=4,txt=otn.ntp,ext_len=20]
[20:41:47:500][  967.355000] [ DEBUG] mi_otn: [20:41:47.355 ] miio_ot: otn.ntp[4] happened!
[20:41:47:500][  967.360000] [NOTICE] mi_otn: [20:41:47.360 ] miio_ot: otn_ntp 202.69.4.7::8053 ...
[20:41:47:500][  967.370000] [ DEBUG] mi_otn: [20:41:47.370 ] miio_ot: otn.ntp[4] event finished!
[20:41:47:516][  967.376000] [ DEBUG] netMonitorTask: [20:41:47.376 ] miio_net_analyse: ip = 202.69.4.7
[20:41:47:516][  967.383000] [ DEBUG] netMonitorTask: [20:41:47.383 ] miio_net_analyse: dns_hijack_check device = 3232236288, dns_ddr = 3393520640.
[20:41:47:548][  967.395000] [ DEBUG] netMonitorTask: [20:41:47.395 ] miio_net_analyse: waiting for the miio ntp result ... 
[20:41:47:548][  967.417000] [ DEBUG] otu_task: [20:41:47.417 ] otu: [202.69.4.7:8053] talking, len=32
[20:41:47:564][  967.423000] [ DEBUG] otu_task: [20:41:47.423 ] otu: event emit[id=14,txt=otu.ntp_ack,ext_len=12]
[20:41:47:580][  967.432000] [NOTICE] netMonitorTask: [20:41:47.432 ] miio_ot: miio_ntp got address=202.69.4.7::8053[ot.io.mi.com]
[20:41:47:580][  967.442000] [ DEBUG] netMonitorTask: [20:41:47.442 ] ot: event emit[id=4,txt=otn.ntp,ext_len=20]
[20:41:47:596][  967.450000] [ DEBUG] netMonitorTask: [20:41:47.450 ] miio_net: reboot trigger will been pulled in 3600s
[20:41:47:596][  967.460000] [ DEBUG] netMonitorTask: [20:41:47.460 ] miio_net: monitor_interval_s: 177s, offline_timeout: 600s, offline_time: 177s
[20:41:47:612][  967.471000] [ DEBUG] netMonitorTask: [20:41:47.471 ] miio_net: sta will close in 423s
[20:41:47:629][  967.479000] [ DEBUG] netMonitorTask: [20:41:47.479 ] miio_net: sta offline 1 times in last 600s
[20:41:47:629][  967.489000] [ DEBUG] mi_otn: [20:41:47.489 ] otu: otu.ntp_ack[14] happened!
[20:41:47:629][  967.495000] [NOTICE] mi_otn: [20:41:47.495 ] miio_ot: otn_ntp 202.69.4.7::8053 elapsed 135ms
[20:41:47:644][  967.504000] [ DEBUG] mi_otn: [20:41:47.503 ] miio_ot: otn.ntp[4] happened!
[20:41:47:644][  967.510000] [NOTICE] mi_otn: [20:41:47.510 ] miio_ot: otn_ntp 202.69.4.7::8053 ...
[20:41:47:677][  967.521000] [ DEBUG] mi_otn: [20:41:47.521 ] miio_ot: otn.ntp[4] event finished!
[20:41:47:708][  967.567000] [ DEBUG] otu_task: [20:41:47.567 ] otu: [202.69.4.7:8053] talking, len=32
[20:41:47:708][  967.573000] [ DEBUG] otu_task: [20:41:47.573 ] otu: event emit[id=14,txt=otu.ntp_ack,ext_len=12]
[20:41:47:724][  967.582000] [ DEBUG] mi_otn: [20:41:47.582 ] otu: otu.ntp_ack[14] happened!
[20:41:47:740][  967.588000] [NOTICE] mi_otn: [20:41:47.588 ] miio_ot: otn_ntp 202.69.4.7::8053 elapsed 78ms
[20:41:51:263][  971.127000] [  INFO] mi_otn: [20:41:51.127 ] ots: try to connect backlist[0] = 202.69.4.3::443
[20:41:51:279][  971.133000] [ DEBUG] mi_otn: [20:41:51.133 ] ots: login_timeout=90000
[20:41:51:279][  971.139000] [ DEBUG] mi_otn: [20:41:51.139 ] ots: set ctrl[type=2, arg_len=72]
[20:41:51:279][  971.147000] [ DEBUG] ots_task: [20:41:51.147 ] ots: get ctrl[type=2, arg_len=72]
[20:41:51:295][  971.154000] [NOTICE] ots_task: [20:41:51.154 ] ots: ots connect 202.69.4.3::443...
[20:41:51:295][  971.163000] [NOTICE] ots_task: [20:41:51.163 ] tls: opening
[20:41:51:311][  971.169000] [ DEBUG] ots_task: [20:41:51.169 ] tls: Loading the CA root certificate...
[20:41:51:311][  971.177000] [ DEBUG] ots_task: [20:41:51.177 ] tls: Setting up the SSL/TLS structure...
[20:41:51:327][  971.183000] [ DEBUG] ots_task: [20:41:51.183 ] tls: psk identity is DID=821847546.
[20:41:51:327][  971.190000] [ DEBUG] ots_task: [20:41:51.190 ] tls: configs->cert_verify is 0.
[20:41:51:343][  971.198000] [NOTICE] ots_task: [20:41:51.198 ] tls: connect to server Mijia Cloud, domain is 202.69.4.3, port is 443.
[20:41:51:376][  971.247000] [NOTICE] ots_task: [20:41:51.247 ] tls: Socket Connected.
[20:41:51:408][  971.251000] [ DEBUG] ots_task: [20:41:51.251 ] tls: TLS/SSL start handshake...
[20:41:55:289][  975.153000] [NOTICE] ots_task: [20:41:55.153 ] tls: handshake ok! Protocol is TLSv1.2, Ciphersuite is TLS-PSK-WITH-AES-128-GCM-SHA256.
[20:41:55:305][  975.163000] [NOTICE] ots_task: [20:41:55.163 ] ots: Connected.
[20:41:55:305][  975.169000] [  INFO] ots_task: [20:41:55.169 ] miio_net: miio_net_provision_stat_hook called
[20:41:55:321][  975.177000] [ DEBUG] ots_task: [20:41:55.177 ] ots: event emit[id=6,txt=ots.connect_ok,ext_len=72]
[20:41:55:321][  975.187000] [ DEBUG] mi_otn: [20:41:55.187 ] ots: ots.connect_ok[6] happened!
[20:41:55:337][  975.196000] [NOTICE] mi_otn: [20:41:55.196 ] ots: -->sync sent.
[20:41:55:369][  975.235000] [ DEBUG] ots_task: [20:41:55.235 ] ots: recvd 24Bytes
[20:41:55:369][  975.238000] [NOTICE] ots_task: [20:41:55.238 ] ots: <--sync ack.
[20:41:55:404][  975.244000] [ DEBUG] ots_task: [20:41:55.244 ] ots: sync costtime = 45
[20:41:55:435][  975.301000] [ DEBUG] mi_otn: [20:41:55.301 ] ots: login req = 0exiaomi.dev.bl3
[20:41:55:451][  975.309000] [NOTICE] mi_otn: [20:41:55.308 ] ots: -->login sent.
[20:41:55:467][  975.312000] [  INFO] mi_otn: [20:41:55.312 ] miio_net: miio_net_provision_stat_hook called
[20:41:57:145][  977.006000] [ DEBUG] ots_task: [20:41:57.006 ] ots: recvd 9Bytes
[20:41:57:145][  977.009000] [NOTICE] ots_task: [20:41:57.009 ] ots: <--login ack, code=0.
[20:41:57:161][  977.016000] [ DEBUG] ots_task: [20:41:57.016 ] ots: event emit[id=9,txt=ots.online,ext_len=0]
[20:41:57:161][  977.025000] [ DEBUG] ots_task: [20:41:57.025 ] ots: login elpased 1713ms
[20:41:57:177][  977.032000] [ DEBUG] mi_otn: [20:41:57.032 ] ots: ots.online[9] happened!
[20:41:57:177][  977.038000] [ DEBUG] mi_otn: [20:41:57.038 ] ots: kplv_timeout=270000, kplv_interval=91000
[20:41:57:194][  977.046000] [ DEBUG] mi_otn: [20:41:57.046 ] miio_ot: ots.online[9] happened!
[20:41:57:194][  977.053000] [NOTICE] mi_otn: [20:41:57.053 ] miio_ot: info(ots) will start in 29477 ms...
[20:41:57:194][  977.062000] [  INFO] mi_otn: [20:41:57.062 ] miio_instance: miio_online_hook_default called
[20:41:57:225][  977.072000] [ DEBUG] mi_otn: [20:41:57.072 ] miio_net: miio_net_online_hook called
[20:41:57:225][  977.077000] [ DEBUG] mi_otn: [20:41:57.077 ] miio_net: mible_mesh_common_bt already exit..
[20:41:57:225][  977.090000] [ DEBUG] mi_otn: [20:41:57.090 ] miio_net: Connected AP RSSI: [-23], Record RSSI:[-25]
[20:41:57:242][  977.100000] [ DEBUG] mi_otn: [20:41:57.100 ] miio_net: no need update fixed_ip
[20:41:57:242][  977.105000] [  INFO] mi_otn: [20:41:57.105 ] miio_net_analyse: reporting the miio offline information 
[20:41:57:258][  977.117000] [  INFO] mi_otn: [20:41:57.117 ] miio_net_analyse: miio_online_stats_gather 
[20:41:57:258][  977.123000] [  INFO] mi_otn: [20:41:57.123 ] miio_net_analyse: prepare online event information ip=192.168.3.70, gw=192.168.3.1, netmask=255.255.255.0, rssi=-23
[20:41:57:289][  977.137000] [ DEBUG] mi_otn: [20:41:57.137 ] miio_net: miio_recovery_report called
[20:41:57:289][  977.153000] [  INFO] mi_otn: [20:41:57.153 ] miio_pm: pm_config: 1
[20:41:57:305][  977.157000] [ DEBUG] mi_otn: [20:41:57.157 ] miio_net: mible_mesh_common_bt already exit..
[20:41:57:305][  977.165000] [  INFO] mi_otn: [20:41:57.165 ] miio_net: miio monitor switch to low power!
[20:41:57:305][  977.174000] [  INFO] mi_otn: [20:41:57.173 ] miio_pm: lock_status: 2, unlock[0]
[20:41:57:321][  977.181000] [  INFO] mi_otn: [20:41:57.181 ] miio_info: 2 props left, 0 events left.
[20:41:57:321][  977.188000] [  INFO] mi_otn: [20:41:57.188 ] miio_info: some props/events has not been sent, the switch will be excuted later..
[20:41:57:337][  977.201000] [  INFO] mi_otn: [20:41:57.201 ] arch_wifi: set powersave on ok!
[20:41:57:353][  977.207000] [  INFO] mi_otn: [20:41:57.207 ] arch_pm: pm_mode switch to 0 succeed!
[20:41:57:353][  977.214000] [  INFO] mi_otn: [20:41:57.214 ] miio_pm: lock_status: 0, unlock[1]
[20:41:57:368][  977.222000] [  INFO] mi_otn: [20:41:57.222 ] miio_pm_uart: Command Recv Timeout: 1800000
[20:41:57:368][  977.230000] [  INFO] mi_otn: [20:41:57.230 ] miio_pm_instance: enable uart sleep.
[20:41:57:368][  977.237000] [  WARN] mi_otn: [20:41:57.237 ] miio_client_func: Got online msg.
[20:41:57:385][  977.244000] [ DEBUG] mi_otn: [20:41:57.244 ] miio_client_func: method_local_broadcast_msg(), {"method": "local.status", "params": "cloud_connected"}
[20:41:57:408][  977.258000] [ DEBUG] mi_otn: [20:41:57.258 ] miio_ot: online_cnt = 4, offline_cnt = 3, switch_cnt = 0
[20:41:57:410][  977.267000] [ DEBUG] mi_otn: [20:41:57.267 ] ots: ots_up_rpc_delegate_out_cb:{"id":2014838818,"method":"_async.stat","params":{"miio.offline":{"reason":40,"time":10,"wifi_disc_reason":0},"dev.info":{"localIp":"192.168.3.70","gw":"192.168.3.1","rssi":"-25"},"model":"xiaomi.dev.bl3","fw_ver":"1.0.3"}}
[20:41:57:432][  977.297000] [ DEBUG] mi_otn: [20:41:57.296 ] ots: ots_up_rpc_delegate_out_cb:{"id":1242955811,"method":"_sync.get_upgrade_url","params":{"user_trigger":0}}
[20:41:57:448][  977.310000] [  INFO] netMonitorTask: [20:41:57.310 ] miio_net: task_monitor enter powersave!
[20:41:57:464][  977.318000] [  INFO] netMonitorTask: [20:41:57.318 ] miio_monitor: work time = 977s, memory left = 111424
[20:41:57:479][  977.328000] [  WARN] Idle Task: bl616_pmtickless: --->>> [10]:On, [H]:735, [15:mi_otn]
[20:41:58:210][  978.083000] [  WARN] Idle Task: bl616_pmtickless: <<<--- [R]:RTC, [R]:744, [W]:947, [L]:136
[20:41:58:226][  978.092000] [  INFO] mi_otn: [20:41:58.092 ] miio_ot: -->pull ip list sent.
[20:41:58:242][  978.097000] [ DEBUG] mi_otn: [20:41:58.097 ] ots: ots_up_rpc_delegate_out_cb:{"id":1346830372,"method":"_otc.pull_ip_list","params":{}}
[20:41:58:258][  978.118000] [  WARN] Idle Task: bl616_pmtickless: --->>> [10]:On, [H]:2178, [1174644928:]
[20:41:58:417][  978.266000] [  WARN] Idle Task: bl616_pmtickless: <<<--- [R]:WIFI, [R]:137, [W]:948, [L]:136
[20:41:58:417][  978.283000] [ DEBUG] ots_task: [20:41:58.283 ] ots: recvd 40Bytes
[20:41:58:417][  978.287000] [ DEBUG] ots_task: [20:41:58.287 ] ots: req or ack recvd.
[20:41:58:433][  978.294000] [ DEBUG] ots_task: [20:41:58.294 ] ots: {"id":2014838818,"result":"ok"}.
[20:41:58:433][  978.301000] [ DEBUG] ots_task: [20:41:58.301 ] ots: send_cnt = 3[35], ack_cnt = 1[33,0], costtime = 1034[1206,1204]
[20:41:58:448][  978.311000] [ DEBUG] ots_task: [20:41:58.311 ] ots: event emit[id=11,txt=ots.keeplive,ext_len=0]
[20:41:58:448][  978.321000] [ DEBUG] ots_task: [20:41:58.321 ] ots: recvd 54Bytes
[20:41:58:464][  978.326000] [ DEBUG] ots_task: [20:41:58.326 ] ots: req or ack recvd.
[20:41:58:464][  978.333000] [ DEBUG] ots_task: [20:41:58.333 ] ots: {"id":1242955811,"result":{"upgrade_sign":0}}.
[20:41:58:480][  978.342000] [ DEBUG] ots_task: [20:41:58.342 ] ots: send_cnt = 3[35], ack_cnt = 2[34,0], costtime = 2080[1190,1188]
[20:41:58:480][  978.352000] [ DEBUG] ots_task: [20:41:58.352 ] ots: event emit[id=11,txt=ots.keeplive,ext_len=0]
[20:41:58:496][  978.361000] [ DEBUG] mi_otn: [20:41:58.361 ] ots: ots.keeplive[11] happened!
[20:41:58:496][  978.368000] [ DEBUG] mi_otn: [20:41:58.368 ] ots: ots.keeplive[11] happened!
[20:41:58:512][  978.375000] [  INFO] mi_otn: [20:41:58.375 ] miio_instance: <--query upgrade ack.
[20:41:58:512][  978.382000] [ DEBUG] mi_otn: [20:41:58.382 ] miio_instance: new version not found!
[20:41:58:544][  978.394000] [  WARN] Idle Task: bl616_pmtickless: --->>> [10]:On, [H]:2886, [1174644928:]
[20:42:01:439][  981.300000] [  WARN] Idle Task: bl616_pmtickless: <<<--- [R]:RTC, [R]:2895, [W]:950, [L]:136
[20:42:01:455][  981.314000] [  WARN] Idle Task: bl616_pmtickless: --->>> [10]:On, [H]:749, [15:mi_otn]
[20:42:01:584][  981.443000] [  WARN] Idle Task: bl616_pmtickless: <<<--- [R]:WIFI, [R]:118, [W]:951, [L]:136
[20:42:01:588][  981.458000] [ DEBUG] ots_task: [20:42:01.458 ] ots: recvd 348Bytes
[20:42:01:599][  981.462000] [ DEBUG] ots_task: [20:42:01.462 ] ots: req or ack recvd.
[20:42:01:599][  981.469000] [ DEBUG] ots_task: [20:42:01.469 ] ots: {"id":1346830372,"result":{"svr_list":[{"ip":"220.181.106.197","port":443},{"ip":"124.251.34.212","port":443},{"ip":"39.101.90.207","port":443}],"svr_probe_list":[{"ip":"111.206.191.135","port":8053},{"ip":"202.69.4.7","port":8053},{"ip":"120.92.146.195","port":8053},{"ip":"61.155.202.126","port":8053}],"interval":1800, "firstprobe":38}}.
[20:42:01:641][  981.503000] [ DEBUG] ots_task: [20:42:01.503 ] ots: send_cnt = 3[35], ack_cnt = 3[35,0], costtime = 5486[1411,1430]
[20:42:01:648][  981.513000] [ DEBUG] ots_task: [20:42:01.513 ] ots: event emit[id=11,txt=ots.keeplive,ext_len=0]
[20:42:01:648][  981.523000] [ DEBUG] mi_otn: [20:42:01.523 ] ots: ots.keeplive[11] happened!
[20:42:01:669][  981.529000] [ DEBUG] mi_otn: [20:42:01.529 ] miio_ot: otc_list[0] = 220.181.106.197::443
[20:42:01:669][  981.537000] [ DEBUG] mi_otn: [20:42:01.537 ] miio_ot: otc_list[1] = 124.251.34.212::443
[20:42:01:681][  981.545000] [ DEBUG] mi_otn: [20:42:01.545 ] miio_ot: otc_list[2] = 39.101.90.207::443
[20:42:01:681][  981.553000] [ DEBUG] mi_otn: [20:42:01.553 ] ots: backlist[0] = 220.181.106.197::443
[20:42:01:696][  981.561000] [ DEBUG] mi_otn: [20:42:01.561 ] ots: backlist[1] = 124.251.34.212::443
[20:42:01:696][  981.568000] [ DEBUG] mi_otn: [20:42:01.568 ] ots: backlist[2] = 39.101.90.207::443
[20:42:01:728][  981.576000] [ DEBUG] mi_otn: [20:42:01.576 ] miio_ot: otc_test interval=1800000ms, firsttime=38000ms
[20:42:01:728][  981.588000] [  WARN] Idle Task: bl616_pmtickless: --->>> [10]:On, [H]:476, [15:mi_otn]
[20:42:02:209][  982.083000] [  WARN] Idle Task: bl616_pmtickless: <<<--- [R]:RTC, [R]:485, [W]:951, [L]:136
[20:42:02:225][  982.093000] [ DEBUG] mi_otn: [20:42:02.093 ] ots: ots_up_rpc_delegate_out_cb:{"id":532611109,"method":"props","params":{"lowpower_mode":"on","auto_ota_ability":1}}
[20:42:02:257][  982.111000] [  WARN] Idle Task: bl616_pmtickless: --->>> [10]:On, [H]:3998, [15:mi_otn]
[20:42:02:710][  982.573000] [  WARN] Idle Task: bl616_pmtickless: <<<--- [R]:WIFI, [R]:451, [W]:952, [L]:136
[20:42:02:724][  982.591000] [ DEBUG] ots_task: [20:42:02.591 ] ots: recvd 39Bytes
[20:42:02:724][  982.595000] [ DEBUG] ots_task: [20:42:02.595 ] ots: req or ack recvd.
[20:42:02:724][  982.602000] [ DEBUG] ots_task: [20:42:02.602 ] ots: {"id":532611109,"result":"ok"}.
[20:42:02:739][  982.609000] [ DEBUG] ots_task: [20:42:02.609 ] ots: send_cnt = 4[36], ack_cnt = 4[36,0], costtime = 6002[1321,1312]
[20:42:02:755][  982.620000] [ DEBUG] ots_task: [20:42:02.620 ] ots: event emit[id=11,txt=ots.keeplive,ext_len=0]
[20:42:02:755][  982.629000] [ DEBUG] mi_otn: [20:42:02.629 ] ots: ots.keeplive[11] happened!
[20:42:02:771][  982.636000] [  INFO] mi_otn: [20:42:02.636 ] miio_info: 0 props left, 0 events left.
[20:42:02:771][  982.643000] [ DEBUG] mi_otn: [20:42:02.643 ] ot: event emit[id=5,txt=otn.timerconfig,ext_len=4]
[20:42:02:787][  982.652000] [ DEBUG] mi_otn: [20:42:02.652 ] miio_ot: otn.timerconfig[5] happened!
[20:42:02:803][  982.659000] [ DEBUG] mi_otn: [20:42:02.659 ] miio_ot: cooldown_time_ms =1800000
[20:42:02:803][  982.667000] [ DEBUG] mi_otn: [20:42:02.667 ] miio_ot: otn.timerconfig[5] event finished!
[20:42:02:835][  982.699000] [  WARN] Idle Task: bl616_pmtickless: --->>> [10]:On, [H]:23840, [15:mi_otn]
[20:42:26:678][ 1006.559000] [  WARN] Idle Task: bl616_pmtickless: <<<--- [R]:RTC, [R]:23849, [W]:977, [L]:141
[20:42:26:691][ 1006.571000] [  INFO] mi_otn: [20:42:26.571 ] miio_instance: miio_info_kvs_hook_default called
[20:42:26:707][ 1006.580000] [ DEBUG] mi_otn: [20:42:26.580 ] miio_net: miio_net_info_kvs_hook called
[20:42:26:707][ 1006.588000] [NOTICE] mi_otn: [20:42:26.588 ] miio_ot: up _otc.info:{"id":1705705511,"method":"_otc.info","params":{"life":1006,"model":"xiaomi.dev.bl3","token":"69aa************************aee4","ipflag":1,"fw_ver":"1.0.3","miio_ver":"0.1.0","hw_ver":"BL616-BL3","chip_ver":1,"mmfree":110248,"mac":"C4:93:BB:AD:C7:FF","wifi_fw_ver":"WifiVer.N\/A","ap":{"ssid":"Xiaomi_be3600","bssid":"42:EE:97:F0:4C:60","rssi":-23,"primary":1},"netif":{"localIp":"192.168.3.70","mask":"255.255.255.0","gw":"192.168.3.1"},"uid":1205295674}}
[20:42:26:755][ 1006.631000] [  INFO] mi_otn: [20:42:26.631 ] miio_ot: -->info(ots).
[20:42:26:755][ 1006.638000] [ DEBUG] mi_otn: [20:42:26.638 ] ots: ots_up_rpc_delegate_out_cb:{"id":1705705511,"method":"_otc.info","params":{"life":1006,"model":"xiaomi.dev.bl3","token":"69aa************************aee4","ipflag":1,"fw_ver":"1.0.3","miio_ver":"0.1.0","hw_ver":"BL616-BL3","chip_ver":1,"mmfree":110248,"mac":"C4:93:BB:AD:C7:FF","wifi_fw_ver":"WifiVer.N\/A","ap":{"ssid":"Xiaomi_be3600","bssid":"42:EE:97:F0:4C:60","rssi":-23,"primary":1},"netif":{"localIp":"192.168.3.70","mask":"255.255.255.0","gw":"192.168.3.1"},"uid":1205295674}}
[20:42:26:819][ 1006.690000] [  WARN] Idle Task: bl616_pmtickless: --->>> [10]:On, [H]:3999, [15:mi_otn]
[20:42:27:793][ 1007.666000] [  WARN] Idle Task: bl616_pmtickless: <<<--- [R]:WIFI, [R]:965, [W]:978, [L]:141
[20:42:27:793][ 1007.682000] [ DEBUG] ots_task: [20:42:27.682 ] ots: recvd 40Bytes
[20:42:27:809][ 1007.686000] [ DEBUG] ots_task: [20:42:27.686 ] ots: req or ack recvd.
[20:42:27:809][ 1007.693000] [ DEBUG] ots_task: [20:42:27.693 ] ots: {"id":1705705511,"result":"ok"}.
[20:42:27:835][ 1007.700000] [ DEBUG] ots_task: [20:42:27.700 ] ots: send_cnt = 5[37], ack_cnt = 5[37,0], costtime = 7064[1295,1292]
[20:42:27:840][ 1007.710000] [ DEBUG] ots_task: [20:42:27.710 ] ots: event emit[id=11,txt=ots.keeplive,ext_len=0]
[20:42:27:840][ 1007.720000] [ DEBUG] mi_otn: [20:42:27.720 ] ots: ots.keeplive[11] happened!
[20:42:27:856][ 1007.727000] [  INFO] mi_otn: [20:42:27.726 ] miio_ot: <--info ack(ots).
[20:42:27:856][ 1007.733000] [ DEBUG] mi_otn: [20:42:27.733 ] miio_net: miio_net_statistics_kvs_hook called
[20:42:27:872][ 1007.743000] [ DEBUG] mi_otn: [20:42:27.743 ] ots: ots_up_rpc_delegate_out_cb:{"id":2031157288,"method":"_otc.ncinfo","params":{"miio_ver":"0.1.0","miio_times":[977,148,177,652],"ap":{"ssid":"Xiaomi_be3600","connect_count":3,"repeaters":[{"bssid":"42:EE:97:F0:4C:60","rssi":-23,"primary":1,"active":1}]},"ot_stat":[4,3,0],"ots_stat":[4,0,0,2745,1295,1292,37,37,0,0,0,0,0]}}
[20:42:27:904][ 1007.778000] [ DEBUG] mi_otn: [20:42:27.778 ] ots: ots_up_rpc_delegate_out_cb:{"id":430047273,"method":"_otc.ncstat","params":{"timestamp":1775220117,"proto":2,"otip":"202.69.4.3","otport":443,"sendcnt":5,"ackcnt":5,"ackcnt_timeout":0,"costtime":7064,"rpc":0,"rpcack":0,"rpcack_costtime":0,"dns":0,"keeplive_interval":91,"rpc_local":0,"rpcack_local":0}}
[20:42:27:952][ 1007.812000] [  WARN] Idle Task: bl616_pmtickless: --->>> [10]:On, [H]:3797, [15:mi_otn]
[20:42:28:925][ 1008.797000] [  WARN] Idle Task: bl616_pmtickless: <<<--- [R]:WIFI, [R]:974, [W]:979, [L]:141
[20:42:28:925][ 1008.814000] [ DEBUG] ots_task: [20:42:28.813 ] ots: recvd 40Bytes
[20:42:28:941][ 1008.817000] [ DEBUG] ots_task: [20:42:28.817 ] ots: req or ack recvd.
[20:42:28:941][ 1008.824000] [ DEBUG] ots_task: [20:42:28.824 ] ots: {"id":2031157288,"result":"ok"}.
[20:42:28:957][ 1008.831000] [ DEBUG] ots_task: [20:42:28.831 ] ots: send_cnt = 2[39], ack_cnt = 1[38,0], costtime = 1088[1274,1272]
[20:42:28:957][ 1008.842000] [ DEBUG] ots_task: [20:42:28.842 ] ots: event emit[id=11,txt=ots.keeplive,ext_len=0]
[20:42:28:973][ 1008.852000] [ DEBUG] ots_task: [20:42:28.852 ] ots: recvd 39Bytes
[20:42:28:973][ 1008.857000] [ DEBUG] ots_task: [20:42:28.856 ] ots: req or ack recvd.
[20:42:28:989][ 1008.863000] [ DEBUG] ots_task: [20:42:28.863 ] ots: {"id":430047273,"result":"ok"}.
[20:42:28:989][ 1008.871000] [ DEBUG] ots_task: [20:42:28.871 ] ots: send_cnt = 2[39], ack_cnt = 2[39,0], costtime = 2182[1256,1254]
[20:42:29:005][ 1008.881000] [ DEBUG] ots_task: [20:42:28.881 ] ots: event emit[id=11,txt=ots.keeplive,ext_len=0]
[20:42:29:005][ 1008.890000] [ DEBUG] mi_otn: [20:42:28.890 ] ots: ots.keeplive[11] happened!
[20:42:29:022][ 1008.897000] [ DEBUG] mi_otn: [20:42:28.897 ] ots: ots.keeplive[11] happened!
[20:42:29:038][ 1008.908000] [  WARN] Idle Task: bl616_pmtickless: --->>> [10]:On, [H]:2701, [15:mi_otn]
[20:42:31:745][ 1011.629000] [  WARN] Idle Task: bl616_pmtickless: <<<--- [R]:RTC, [R]:2710, [W]:981, [L]:141
[20:42:31:761][ 1011.638000] [ DEBUG] mi_otn: [20:42:31.638 ] ot: event emit[id=5,txt=otn.timerconfig,ext_len=4]
[20:42:31:761][ 1011.644000] [ DEBUG] mi_otn: [20:42:31.644 ] ot: event emit[id=5,txt=otn.timerconfig,ext_len=4]
[20:42:31:761][ 1011.653000] [ DEBUG] mi_otn: [20:42:31.653 ] miio_ot: otn.timerconfig[5] happened!
[20:42:31:777][ 1011.660000] [ DEBUG] mi_otn: [20:42:31.660 ] miio_ot: cooldown_time_ms =5000
[20:42:31:777][ 1011.667000] [ DEBUG] mi_otn: [20:42:31.667 ] miio_ot: otn.timerconfig[5] event finished!
[20:42:31:793][ 1011.675000] [ DEBUG] mi_otn: [20:42:31.675 ] miio_ot: otn.timerconfig[5] happened!
[20:42:31:809][ 1011.683000] [ DEBUG] mi_otn: [20:42:31.683 ] miio_ot: otn.timerconfig[5] event finished!
[20:42:31:826][ 1011.693000] [  WARN] Idle Task: bl616_pmtickless: --->>> [10]:On, [H]:4968, [15:mi_otn]
[20:42:36:799][ 1016.681000] [  WARN] Idle Task: bl616_pmtickless: <<<--- [R]:RTC, [R]:4977, [W]:985, [L]:141
[20:42:36:799][ 1016.691000] [ DEBUG] mi_otn: [20:42:36.691 ] ots: ots_up_rpc_delegate_out_cb:{"id":474742826,"method":"props","params":{"ota_progress":101,"ota_state":"idle"}}
[20:42:36:831][ 1016.709000] [  WARN] Idle Task: bl616_pmtickless: --->>> [10]:On, [H]:2868, [15:mi_otn]
[20:42:36:913][ 1016.790000] [  WARN] Idle Task: bl616_pmtickless: <<<--- [R]:WIFI, [R]:70, [W]:986, [L]:141
[20:42:36:913][ 1016.805000] [ DEBUG] ots_task: [20:42:36.805 ] ots: recvd 39Bytes
[20:42:36:927][ 1016.809000] [ DEBUG] ots_task: [20:42:36.809 ] ots: req or ack recvd.
[20:42:36:927][ 1016.816000] [ DEBUG] ots_task: [20:42:36.815 ] ots: {"id":474742826,"result":"ok"}.
[20:42:36:943][ 1016.823000] [ DEBUG] ots_task: [20:42:36.823 ] ots: send_cnt = 3[40], ack_cnt = 3[40,0], costtime = 2314[1143,1132]
[20:42:36:956][ 1016.833000] [ DEBUG] ots_task: [20:42:36.833 ] ots: event emit[id=11,txt=ots.keeplive,ext_len=0]
[20:42:36:959][ 1016.843000] [ DEBUG] mi_otn: [20:42:36.843 ] ots: ots.keeplive[11] happened!
[20:42:36:959][ 1016.850000] [  INFO] mi_otn: [20:42:36.849 ] miio_info: 0 props left, 0 events left.
[20:42:36:975][ 1016.857000] [ DEBUG] mi_otn: [20:42:36.857 ] ot: event emit[id=5,txt=otn.timerconfig,ext_len=4]
[20:42:36:975][ 1016.866000] [ DEBUG] mi_otn: [20:42:36.866 ] miio_ot: otn.timerconfig[5] happened!
[20:42:36:991][ 1016.873000] [ DEBUG] mi_otn: [20:42:36.873 ] miio_ot: cooldown_time_ms =1800000
[20:42:36:991][ 1016.880000] [ DEBUG] mi_otn: [20:42:36.880 ] miio_ot: otn.timerconfig[5] event finished!
[20:42:37:007][ 1016.891000] [  WARN] Idle Task: bl616_pmtickless: --->>> [10]:On, [H]:2686, [15:mi_otn]
[20:42:39:713][ 1019.597000] [  WARN] Idle Task: bl616_pmtickless: <<<--- [R]:RTC, [R]:2695, [W]:988, [L]:141
[20:42:39:745][ 1019.620000] [  WARN] Idle Task: bl616_pmtickless: --->>> [10]:On, [H]:3981, [15:mi_otn]
[20:42:39:970][ 1019.867000] [  WARN] Idle Task: bl616_pmtickless: <<<--- [R]:WIFI, [R]:236, [W]:989, [L]:141
[20:42:39:991][ 1019.880000] [ DEBUG] otu_task: [20:42:39.880 ] otu: [120.92.65.237:8053] talking, len=32
[20:42:40:002][ 1019.886000] [ DEBUG] otu_task: [20:42:39.886 ] otu: event emit[id=14,txt=otu.ntp_ack,ext_len=12]
[20:42:40:005][ 1019.895000] [ DEBUG] otu_task: [20:42:39.895 ] otu: [183.84.7.207:8053] talking, len=32
[20:42:40:018][ 1019.903000] [ DEBUG] otu_task: [20:42:39.903 ] otu: event emit[id=14,txt=otu.ntp_ack,ext_len=12]
[20:42:40:018][ 1019.912000] [ DEBUG] otu_task: [20:42:39.912 ] otu: [111.202.1.238:8053] talking, len=32
[20:42:40:034][ 1019.920000] [ DEBUG] otu_task: [20:42:39.920 ] otu: event emit[id=14,txt=otu.ntp_ack,ext_len=12]
[20:42:40:034][ 1019.928000] [ DEBUG] mi_otn: [20:42:39.928 ] otu: otu.ntp_ack[14] happened!
[20:42:40:050][ 1019.935000] [ DEBUG] mi_otn: [20:42:39.935 ] miio_ot: otc_test cloud=[120.92.65.237::8053], cost=323ms
[20:42:40:050][ 1019.944000] [ DEBUG] mi_otn: [20:42:39.944 ] otu: otu.ntp_ack[14] happened!
[20:42:40:066][ 1019.951000] [ DEBUG] mi_otn: [20:42:39.951 ] miio_ot: otc_test cloud=[183.84.7.207::8053], cost=342ms
[20:42:40:066][ 1019.961000] [ DEBUG] mi_otn: [20:42:39.960 ] otu: otu.ntp_ack[14] happened!
[20:42:40:082][ 1019.968000] [ DEBUG] mi_otn: [20:42:39.967 ] miio_ot: otc_test cloud=[111.202.1.238::8053], cost=353ms
[20:42:40:098][ 1019.979000] [  WARN] Idle Task: bl616_pmtickless: --->>> [10]:On, [H]:3610, [15:mi_otn]
[20:42:43:715][ 1023.609000] [  WARN] Idle Task: bl616_pmtickless: <<<--- [R]:RTC, [R]:3619, [W]:992, [L]:141
[20:42:43:731][ 1023.619000] [ DEBUG] mi_otn: [20:42:43.619 ] ots: ots_up_rpc_delegate_out_cb:{"id":978714668,"method":"_otc.testip","params":{"testret":[{"ip":"36.156.49.91","port":80,"cost":-1},{"ip":"183.84.7.207","port":8053,"cost":342},{"ip":"120.92.65.237","port":8053,"cost":323},{"ip":"111.202.1.238","port":8053,"cost":353}]}}
[20:42:43:778][ 1023.655000] [  WARN] Idle Task: bl616_pmtickless: --->>> [10]:On, [H]:3994, [15:mi_otn]
[20:42:44:181][ 1024.069000] [  WARN] Idle Task: bl616_pmtickless: <<<--- [R]:WIFI, [R]:403, [W]:993, [L]:141
[20:42:44:181][ 1024.084000] [ DEBUG] ots_task: [20:42:44.084 ] ots: recvd 39Bytes
[20:42:44:197][ 1024.088000] [ DEBUG] ots_task: [20:42:44.088 ] ots: req or ack recvd.
[20:42:44:197][ 1024.095000] [ DEBUG] ots_task: [20:42:44.095 ] ots: {"id":978714668,"result":"ok"}.
[20:42:44:213][ 1024.102000] [ DEBUG] ots_task: [20:42:44.102 ] ots: send_cnt = 4[41], ack_cnt = 4[41,0], costtime = 2797[1077,1071]
[20:42:44:213][ 1024.112000] [ DEBUG] ots_task: [20:42:44.112 ] ots: event emit[id=11,txt=ots.keeplive,ext_len=0]
[20:42:44:229][ 1024.122000] [ DEBUG] mi_otn: [20:42:44.121 ] ots: ots.keeplive[11] happened!
[20:42:44:245][ 1024.131000] [  WARN] Idle Task: bl616_pmtickless: --->>> [10]:On, [H]:13137, [15:mi_otn]
[20:42:46:026][ 1025.915000] [  WARN] Idle Task: bl616_pmtickless: <<<--- [R]:WIFI, [R]:1773, [W]:995, [L]:142
[20:42:46:057][ 1025.942000] [  WARN] Idle Task: bl616_pmtickless: --->>> [10]:On, [H]:11326, [15:mi_otn]
[20:42:57:383][ 1037.288000] [  WARN] Idle Task: bl616_pmtickless: <<<--- [R]:RTC, [R]:11335, [W]:1006, [L]:142
[20:42:57:399][ 1037.304000] [ DEBUG] mi_otn: [20:42:57.304 ] miio_ot: st[1775241363], dura[1800]
[20:42:57:415][ 1037.311000] [  WARN] Idle Task: bl616_pmtickless: --->>> [10]:On, [H]:77830, [15:mi_otn]
[20:43:24:931][ 1064.835000] [  WARN] Idle Task: bl616_pmtickless: <<<--- [R]:WIFI, [R]:27513, [W]:1033, [L]:142
[20:43:24:963][ 1064.862000] [  WARN] Idle Task: bl616_pmtickless: --->>> [10]:On, [H]:50279, [15:mi_otn]
[20:43:34:157][ 1074.054000] [  WARN] Idle Task: bl616_pmtickless: <<<--- [R]:WIFI, [R]:9181, [W]:1042, [L]:142
[20:43:34:189][ 1074.082000] [  WARN] Idle Task: bl616_pmtickless: --->>> [10]:On, [H]:41059, [15:mi_otn]
[20:43:39:279][ 1079.177000] [  WARN] Idle Task: bl616_pmtickless: <<<--- [R]:WIFI, [R]:5084, [W]:1047, [L]:142
[20:43:39:296][ 1079.206000] [  WARN] Idle Task: bl616_pmtickless: --->>> [10]:On, [H]:35935, [15:mi_otn]
[20:43:44:391][ 1084.301000] [  WARN] Idle Task: bl616_pmtickless: <<<--- [R]:WIFI, [R]:5084, [W]:1052, [L]:142
[20:43:44:423][ 1084.329000] [  WARN] Idle Task: bl616_pmtickless: --->>> [10]:On, [H]:30812, [15:mi_otn]
[20:44:15:248][ 1115.161000] [  WARN] Idle Task: bl616_pmtickless: <<<--- [R]:RTC, [R]:30821, [W]:1082, [L]:142
[20:44:15:254][ 1115.174000] [  INFO] mi_otn: [20:44:15.173 ] ots: -->kplv sent.
[20:44:15:270][ 1115.179000] [  WARN] Idle Task: bl616_pmtickless: --->>> [10]:On, [H]:5994, [1174644928:]
[20:44:16:145][ 1116.052000] [  WARN] Idle Task: bl616_pmtickless: <<<--- [R]:WIFI, [R]:861, [W]:1083, [L]:142
[20:44:16:145][ 1116.067000] [ DEBUG] ots_task: [20:44:16.067 ] ots: recvd 8Bytes
[20:44:16:145][ 1116.070000] [  INFO] ots_task: [20:44:16.070 ] ots: <--kplv ack.
[20:44:16:161][ 1116.076000] [ DEBUG] ots_task: [20:44:16.076 ] ots: event emit[id=11,txt=ots.keeplive,ext_len=0]
[20:44:16:161][ 1116.085000] [ DEBUG] ots_task: [20:44:16.085 ] ots: keeplive costtime = 908
[20:44:16:161][ 1116.092000] [ DEBUG] mi_otn: [20:44:16.092 ] ots: ots.keeplive[11] happened!
[20:44:16:193][ 1116.101000] [  WARN] Idle Task: bl616_pmtickless: --->>> [10]:On, [H]:90999, [15:mi_otn]
[20:44:40:706][ 1140.632000] [  WARN] Idle Task: bl616_pmtickless: <<<--- [R]:WIFI, [R]:24520, [W]:1107, [L]:142
[20:44:40:738][ 1140.660000] [  WARN] Idle Task: bl616_pmtickless: --->>> [10]:On, [H]:66440, [15:mi_otn]
[20:45:25:762][ 1185.696000] [  WARN] Idle Task: bl616_pmtickless: <<<--- [R]:WIFI, [R]:45025, [W]:1151, [L]:142
[20:45:25:794][ 1185.723000] [  WARN] Idle Task: bl616_pmtickless: --->>> [10]:On, [H]:21377, [15:mi_otn]
[20:45:43:993][ 1203.927000] [  WARN] Idle Task: bl616_pmtickless: <<<--- [R]:WIFI, [R]:18193, [W]:1169, [L]:143
[20:45:44:025][ 1203.955000] [  WARN] Idle Task: bl616_pmtickless: --->>> [10]:On, [H]:3145, [15:mi_otn]
[20:45:47:068][ 1207.002000] [  WARN] Idle Task: bl616_pmtickless: <<<--- [R]:WIFI, [R]:3036, [W]:1172, [L]:143
[20:45:47:100][ 1207.032000] [  WARN] Idle Task: bl616_pmtickless: --->>> [10]:On, [H]:68, [15:mi_otn]
[20:45:47:180][ 1207.120000] [  WARN] Idle Task: bl616_pmtickless: <<<--- [R]:RTC, [R]:77, [W]:1172, [L]:143
[20:45:47:180][ 1207.132000] [  INFO] mi_otn: [20:45:47.132 ] ots: -->kplv sent.
[20:45:47:198][ 1207.138000] [  WARN] Idle Task: bl616_pmtickless: --->>> [10]:On, [H]:5993, [1174644928:]
[20:45:48:091][ 1208.030000] [  WARN] Idle Task: bl616_pmtickless: <<<--- [R]:WIFI, [R]:881, [W]:1173, [L]:143
[20:45:48:091][ 1208.048000] [ DEBUG] ots_task: [20:45:48.048 ] ots: recvd 8Bytes
[20:45:48:107][ 1208.052000] [  INFO] ots_task: [20:45:48.052 ] ots: <--kplv ack.
[20:45:48:107][ 1208.058000] [ DEBUG] ots_task: [20:45:48.058 ] ots: event emit[id=11,txt=ots.keeplive,ext_len=0]
[20:45:48:123][ 1208.067000] [ DEBUG] ots_task: [20:45:48.067 ] ots: keeplive costtime = 932
[20:45:48:123][ 1208.074000] [ DEBUG] mi_otn: [20:45:48.074 ] ots: ots.keeplive[11] happened!
[20:45:48:142][ 1208.083000] [  WARN] Idle Task: bl616_pmtickless: --->>> [10]:On, [H]:69244, [19:netMonitorTask]
[20:45:52:183][ 1212.129000] [  WARN] Idle Task: bl616_pmtickless: <<<--- [R]:WIFI, [R]:4034, [W]:1177, [L]:143
[20:45:52:215][ 1212.160000] [  WARN] Idle Task: bl616_pmtickless: --->>> [10]:On, [H]:65167, [19:netMonitorTask]
[20:45:58:333][ 1218.277000] [  WARN] Idle Task: bl616_pmtickless: <<<--- [R]:WIFI, [R]:6105, [W]:1183, [L]:143
[20:45:58:365][ 1218.306000] [  WARN] Idle Task: bl616_pmtickless: --->>> [10]:On, [H]:59021, [19:netMonitorTask]
[20:46:04:476][ 1224.422000] [  WARN] Idle Task: bl616_pmtickless: <<<--- [R]:WIFI, [R]:6105, [W]:1189, [L]:143
[20:46:04:508][ 1224.452000] [  WARN] Idle Task: bl616_pmtickless: --->>> [10]:On, [H]:52875, [19:netMonitorTask]
[20:46:15:742][ 1235.690000] [  WARN] Idle Task: bl616_pmtickless: <<<--- [R]:WIFI, [R]:11226, [W]:1200, [L]:143
[20:46:15:774][ 1235.719000] [  WARN] Idle Task: bl616_pmtickless: --->>> [10]:On, [H]:41608, [19:netMonitorTask]
[20:46:19:842][ 1239.789000] [  WARN] Idle Task: bl616_pmtickless: <<<--- [R]:WIFI, [R]:4058, [W]:1204, [L]:143
[20:46:19:858][ 1239.818000] [  WARN] Idle Task: bl616_pmtickless: --->>> [10]:On, [H]:37509, [19:netMonitorTask]
[20:46:34:167][ 1254.129000] [  WARN] Idle Task: bl616_pmtickless: <<<--- [R]:WIFI, [R]:14299, [W]:1218, [L]:143
[20:46:34:199][ 1254.157000] [  WARN] Idle Task: bl616_pmtickless: --->>> [10]:On, [H]:23170, [19:netMonitorTask]
[20:46:57:369][ 1277.348000] [  WARN] Idle Task: bl616_pmtickless: <<<--- [R]:RTC, [R]:23179, [W]:1240, [L]:143
[20:46:57:385][ 1277.359000] [  INFO] netMonitorTask: [20:46:57.359 ] miio_monitor: work time = 1277s, memory left = 111632
[20:46:57:402][ 1277.366000] [ DEBUG] netMonitorTask: [20:46:57.366 ] miio_net: sta offline 1 times in last 600s
[20:46:57:417][ 1277.377000] [  WARN] Idle Task: bl616_pmtickless: --->>> [10]:On, [H]:21705, [15:mi_otn]
[20:47:08:990][ 1288.953000] [  WARN] Idle Task: bl616_pmtickless: <<<--- [R]:WIFI, [R]:11565, [W]:1252, [L]:143
[20:47:09:023][ 1288.982000] [  WARN] Idle Task: bl616_pmtickless: --->>> [10]:On, [H]:10100, [15:mi_otn]
[20:47:19:139][ 1299.102000] [  WARN] Idle Task: bl616_pmtickless: <<<--- [R]:RTC, [R]:10109, [W]:1261, [L]:143
[20:47:19:139][ 1299.115000] [  INFO] mi_otn: [20:47:19.115 ] ots: -->kplv sent.
[20:47:19:158][ 1299.121000] [  WARN] Idle Task: bl616_pmtickless: --->>> [10]:On, [H]:5993, [1174644928:]
[20:47:19:226][ 1299.198000] [  WARN] Idle Task: bl616_pmtickless: <<<--- [R]:WIFI, [R]:66, [W]:1262, [L]:143
[20:47:19:226][ 1299.213000] [ DEBUG] ots_task: [20:47:19.212 ] ots: recvd 8Bytes
[20:47:19:242][ 1299.216000] [  INFO] ots_task: [20:47:19.216 ] ots: <--kplv ack.
[20:47:19:242][ 1299.222000] [ DEBUG] ots_task: [20:47:19.222 ] ots: event emit[id=11,txt=ots.keeplive,ext_len=0]
[20:47:19:258][ 1299.231000] [ DEBUG] ots_task: [20:47:19.231 ] ots: keeplive costtime = 113
[20:47:19:258][ 1299.238000] [ DEBUG] mi_otn: [20:47:19.238 ] ots: ots.keeplive[11] happened!
[20:47:19:274][ 1299.247000] [  WARN] Idle Task: bl616_pmtickless: --->>> [10]:On, [H]:90999, [15:mi_otn]
[20:47:56:091][ 1336.068000] [  WARN] Idle Task: bl616_pmtickless: <<<--- [R]:WIFI, [R]:36810, [W]:1298, [L]:143
[20:47:56:123][ 1336.097000] [  WARN] Idle Task: bl616_pmtickless: --->>> [10]:On, [H]:54149, [15:mi_otn]
[20:47:57:113][ 1337.095000] [  WARN] Idle Task: bl616_pmtickless: <<<--- [R]:WIFI, [R]:987, [W]:1299, [L]:143
[20:47:57:145][ 1337.122000] [  WARN] Idle Task: bl616_pmtickless: --->>> [10]:On, [H]:53124, [15:mi_otn]
[20:47:58:143][ 1338.120000] [  WARN] Idle Task: bl616_pmtickless: <<<--- [R]:WIFI, [R]:987, [W]:1300, [L]:143
[20:47:58:175][ 1338.149000] [  WARN] Idle Task: bl616_pmtickless: --->>> [10]:On, [H]:52097, [15:mi_otn]
[20:48:07:359][ 1347.339000] [  WARN] Idle Task: bl616_pmtickless: <<<--- [R]:WIFI, [R]:9179, [W]:1309, [L]:143
[20:48:07:391][ 1347.373000] [  WARN] Idle Task: bl616_pmtickless: --->>> [10]:On, [H]:42873, [15:mi_otn]
[20:48:08:377][ 1348.366000] [  WARN] Idle Task: bl616_pmtickless: <<<--- [R]:WIFI, [R]:982, [W]:1310, [L]:143
[20:48:08:410][ 1348.396000] [  WARN] Idle Task: bl616_pmtickless: --->>> [10]:On, [H]:41850, [15:mi_otn]
[20:48:14:518][ 1354.513000] [  WARN] Idle Task: bl616_pmtickless: <<<--- [R]:WIFI, [R]:6106, [W]:1316, [L]:143
[20:48:14:550][ 1354.542000] [  WARN] Idle Task: bl616_pmtickless: --->>> [10]:On, [H]:35704, [15:mi_otn]
[20:48:19:648][ 1359.635000] [  WARN] Idle Task: bl616_pmtickless: <<<--- [R]:WIFI, [R]:5082, [W]:1321, [L]:143
[20:48:19:681][ 1359.665000] [  WARN] Idle Task: bl616_pmtickless: --->>> [10]:On, [H]:30581, [15:mi_otn]
[20:48:20:671][ 1360.661000] [  WARN] Idle Task: bl616_pmtickless: <<<--- [R]:WIFI, [R]:985, [W]:1322, [L]:143
[20:48:20:703][ 1360.692000] [  WARN] Idle Task: bl616_pmtickless: --->>> [10]:On, [H]:29555, [15:mi_otn]
[20:48:50:254][ 1390.267000] [  WARN] Idle Task: bl616_pmtickless: <<<--- [R]:RTC, [R]:29564, [W]:1351, [L]:144
[20:48:50:287][ 1390.280000] [  INFO] mi_otn: [20:48:50.279 ] ots: -->kplv sent.
[20:48:50:287][ 1390.286000] [  WARN] Idle Task: bl616_pmtickless: --->>> [10]:On, [H]:5992, [1174644928:]
[20:48:51:181][ 1391.185000] [  WARN] Idle Task: bl616_pmtickless: <<<--- [R]:WIFI, [R]:888, [W]:1352, [L]:144
[20:48:51:181][ 1391.201000] [ DEBUG] ots_task: [20:48:51.201 ] ots: recvd 8Bytes
[20:48:51:197][ 1391.205000] [  INFO] ots_task: [20:48:51.205 ] ots: <--kplv ack.
[20:48:51:197][ 1391.211000] [ DEBUG] ots_task: [20:48:51.210 ] ots: event emit[id=11,txt=ots.keeplive,ext_len=0]
[20:48:51:213][ 1391.220000] [ DEBUG] ots_task: [20:48:51.219 ] ots: keeplive costtime = 937
[20:48:51:213][ 1391.227000] [ DEBUG] mi_otn: [20:48:51.227 ] ots: ots.keeplive[11] happened!
[20:48:51:229][ 1391.236000] [  WARN] Idle Task: bl616_pmtickless: --->>> [10]:On, [H]:90998, [15:mi_otn]
[20:49:03:471][ 1403.478000] [  WARN] Idle Task: bl616_pmtickless: <<<--- [R]:WIFI, [R]:12231, [W]:1364, [L]:144
[20:49:03:503][ 1403.505000] [  WARN] Idle Task: bl616_pmtickless: --->>> [10]:On, [H]:78729, [15:mi_otn]
[20:49:04:503][ 1404.502000] [  WARN] Idle Task: bl616_pmtickless: <<<--- [R]:WIFI, [R]:986, [W]:1365, [L]:144
[20:49:04:519][ 1404.533000] [  WARN] Idle Task: bl616_pmtickless: --->>> [10]:On, [H]:77701, [15:mi_otn]
[20:49:05:514][ 1405.528000] [  WARN] Idle Task: bl616_pmtickless: <<<--- [R]:WIFI, [R]:984, [W]:1366, [L]:144
[20:49:05:546][ 1405.561000] [  WARN] Idle Task: bl616_pmtickless: --->>> [10]:On, [H]:76673, [15:mi_otn]
[20:49:06:537][ 1406.554000] [  WARN] Idle Task: bl616_pmtickless: <<<--- [R]:WIFI, [R]:982, [W]:1367, [L]:144
[20:49:06:569][ 1406.585000] [  WARN] Idle Task: bl616_pmtickless: --->>> [10]:On, [H]:75649, [15:mi_otn]
[20:49:57:337][ 1457.353000] [  WARN] Idle Task: bl616_pmtickless: <<<--- [R]:WIFI, [R]:50756, [W]:1417, [L]:146
[20:49:57:369][ 1457.384000] [  WARN] Idle Task: bl616_pmtickless: --->>> [10]:On, [H]:24850, [15:mi_otn]
[20:50:22:230][ 1482.254000] [  WARN] Idle Task: bl616_pmtickless: <<<--- [R]:RTC, [R]:24859, [W]:1441, [L]:146
[20:50:22:234][ 1482.266000] [  INFO] mi_otn: [20:50:22.266 ] ots: -->kplv sent.
[20:50:22:245][ 1482.274000] [  WARN] Idle Task: bl616_pmtickless: --->>> [10]:On, [H]:5991, [1174644928:]
[20:50:22:935][ 1482.960000] [  WARN] Idle Task: bl616_pmtickless: <<<--- [R]:WIFI, [R]:675, [W]:1442, [L]:146
[20:50:22:935][ 1482.976000] [ DEBUG] ots_task: [20:50:22.976 ] ots: recvd 8Bytes
[20:50:22:951][ 1482.980000] [  INFO] ots_task: [20:50:22.980 ] ots: <--kplv ack.
[20:50:22:951][ 1482.986000] [ DEBUG] ots_task: [20:50:22.986 ] ots: event emit[id=11,txt=ots.keeplive,ext_len=0]
[20:50:22:951][ 1482.995000] [ DEBUG] ots_task: [20:50:22.995 ] ots: keeplive costtime = 725
[20:50:22:983][ 1483.002000] [ DEBUG] mi_otn: [20:50:23.002 ] ots: ots.keeplive[11] happened!
[20:50:22:983][ 1483.011000] [  WARN] Idle Task: bl616_pmtickless: --->>> [10]:On, [H]:90999, [15:mi_otn]
[20:50:27:027][ 1487.058000] [  WARN] Idle Task: bl616_pmtickless: <<<--- [R]:WIFI, [R]:4036, [W]:1446, [L]:146
[20:50:27:059][ 1487.089000] [  WARN] Idle Task: bl616_pmtickless: --->>> [10]:On, [H]:86921, [15:mi_otn]
[20:50:57:749][ 1517.784000] [  WARN] Idle Task: bl616_pmtickless: <<<--- [R]:WIFI, [R]:30684, [W]:1476, [L]:146
[20:50:57:781][ 1517.814000] [  WARN] Idle Task: bl616_pmtickless: --->>> [10]:On, [H]:56197, [15:mi_otn]
[20:51:53:981][ 1574.031000] [  WARN] Idle Task: bl616_pmtickless: <<<--- [R]:RTC, [R]:56206, [W]:1530, [L]:146
[20:51:53:981][ 1574.043000] [  INFO] mi_otn: [20:51:54.043 ] ots: -->kplv sent.
[20:51:54:013][ 1574.049000] [  WARN] Idle Task: bl616_pmtickless: --->>> [10]:On, [H]:3327, [19:netMonitorTask]
[20:51:54:077][ 1574.115000] [  WARN] Idle Task: bl616_pmtickless: <<<--- [R]:WIFI, [R]:54, [W]:1531, [L]:146
[20:51:54:077][ 1574.130000] [ DEBUG] ots_task: [20:51:54.129 ] ots: recvd 8Bytes
[20:51:54:077][ 1574.133000] [  INFO] ots_task: [20:51:54.133 ] ots: <--kplv ack.
[20:51:54:092][ 1574.139000] [ DEBUG] ots_task: [20:51:54.139 ] ots: event emit[id=11,txt=ots.keeplive,ext_len=0]
[20:51:54:092][ 1574.148000] [ DEBUG] ots_task: [20:51:54.148 ] ots: keeplive costtime = 101
[20:51:54:108][ 1574.155000] [ DEBUG] mi_otn: [20:51:54.155 ] ots: ots.keeplive[11] happened!
[20:51:54:124][ 1574.164000] [  WARN] Idle Task: bl616_pmtickless: --->>> [10]:On, [H]:3212, [19:netMonitorTask]
[20:51:57:341][ 1577.397000] [  WARN] Idle Task: bl616_pmtickless: <<<--- [R]:RTC, [R]:3221, [W]:1534, [L]:146
[20:51:57:357][ 1577.408000] [  INFO] netMonitorTask: [20:51:57.408 ] miio_monitor: work time = 1577s, memory left = 111632
[20:51:57:357][ 1577.415000] [ DEBUG] netMonitorTask: [20:51:57.415 ] miio_net: sta offline 1 times in last 600s
[20:51:57:373][ 1577.426000] [  WARN] Idle Task: bl616_pmtickless: --->>> [10]:On, [H]:59883, [15:mi_otn]
[20:52:19:463][ 1599.517000] [  WARN] Idle Task: bl616_pmtickless: <<<--- [R]:WIFI, [R]:22080, [W]:1556, [L]:147
[20:52:19:495][ 1599.547000] [  WARN] Idle Task: bl616_pmtickless: --->>> [10]:On, [H]:37762, [15:mi_otn]
[20:52:57:276][ 1637.329000] [  WARN] Idle Task: bl616_pmtickless: <<<--- [R]:RTC, [R]:37771, [W]:1593, [L]:148
[20:52:57:292][ 1637.345000] [ DEBUG] mi_otn: [20:52:57.344 ] miio_ot: st[1775241363], dura[1800]
[20:52:57:292][ 1637.352000] [  WARN] Idle Task: bl616_pmtickless: --->>> [10]:On, [H]:27822, [15:mi_otn]
[20:52:58:166][ 1638.233000] [  WARN] Idle Task: bl616_pmtickless: <<<--- [R]:WIFI, [R]:870, [W]:1594, [L]:148
[20:52:58:198][ 1638.263000] [  WARN] Idle Task: bl616_pmtickless: --->>> [10]:On, [H]:26911, [15:mi_otn]
[20:53:25:134][ 1665.194000] [  WARN] Idle Task: bl616_pmtickless: <<<--- [R]:RTC, [R]:26920, [W]:1620, [L]:148
[20:53:25:134][ 1665.207000] [  INFO] mi_otn: [20:53:25.206 ] ots: -->kplv sent.
[20:53:25:150][ 1665.212000] [  WARN] Idle Task: bl616_pmtickless: --->>> [10]:On, [H]:5993, [1174644928:]
[20:53:25:825][ 1665.888000] [  WARN] Idle Task: bl616_pmtickless: <<<--- [R]:WIFI, [R]:665, [W]:1621, [L]:148
[20:53:25:825][ 1665.904000] [ DEBUG] ots_task: [20:53:25.904 ] ots: recvd 8Bytes
[20:53:25:825][ 1665.908000] [  INFO] ots_task: [20:53:25.908 ] ots: <--kplv ack.
[20:53:25:841][ 1665.914000] [ DEBUG] ots_task: [20:53:25.914 ] ots: event emit[id=11,txt=ots.keeplive,ext_len=0]
[20:53:25:841][ 1665.923000] [ DEBUG] ots_task: [20:53:25.923 ] ots: keeplive costtime = 713
[20:53:25:857][ 1665.930000] [ DEBUG] mi_otn: [20:53:25.930 ] ots: ots.keeplive[11] happened!
[20:53:25:874][ 1665.939000] [  WARN] Idle Task: bl616_pmtickless: --->>> [10]:On, [H]:90999, [15:mi_otn]
[20:53:58:583][ 1698.663000] [  WARN] Idle Task: bl616_pmtickless: <<<--- [R]:WIFI, [R]:32713, [W]:1653, [L]:148
[20:53:58:630][ 1698.697000] [  WARN] Idle Task: bl616_pmtickless: --->>> [10]:On, [H]:58241, [15:mi_otn]
[20:54:34:030][ 1734.102000] [  WARN] Idle Task: bl616_pmtickless: <<<--- [R]:WIFI, [R]:35394, [W]:1688, [L]:150
[20:54:34:062][ 1734.142000] [  WARN] Idle Task: bl616_pmtickless: --->>> [10]:On, [H]:22796, [15:mi_otn]
[20:54:56:869][ 1756.958000] [  WARN] Idle Task: bl616_pmtickless: <<<--- [R]:RTC, [R]:22805, [W]:1710, [L]:152
[20:54:56:869][ 1756.971000] [  INFO] mi_otn: [20:54:56.970 ] ots: -->kplv sent.
[20:54:56:885][ 1756.976000] [  WARN] Idle Task: bl616_pmtickless: --->>> [10]:On, [H]:5993, [1174644928:]
[20:54:56:949][ 1757.044000] [  WARN] Idle Task: bl616_pmtickless: <<<--- [R]:WIFI, [R]:57, [W]:1711, [L]:152
[20:54:56:967][ 1757.060000] [ DEBUG] ots_task: [20:54:57.060 ] ots: recvd 8Bytes
[20:54:56:967][ 1757.063000] [  INFO] ots_task: [20:54:57.063 ] ots: <--kplv ack.
[20:54:56:981][ 1757.069000] [ DEBUG] ots_task: [20:54:57.069 ] ots: event emit[id=11,txt=ots.keeplive,ext_len=0]
[20:54:56:986][ 1757.078000] [ DEBUG] ots_task: [20:54:57.078 ] ots: keeplive costtime = 104
[20:54:56:997][ 1757.085000] [ DEBUG] mi_otn: [20:54:57.085 ] ots: ots.keeplive[11] happened!
[20:54:57:013][ 1757.094000] [  WARN] Idle Task: bl616_pmtickless: --->>> [10]:On, [H]:43443, [7:WPA]
[20:55:29:730][ 1789.819000] [  WARN] Idle Task: bl616_pmtickless: <<<--- [R]:WIFI, [R]:32714, [W]:1743, [L]:152
[20:55:29:762][ 1789.852000] [  WARN] Idle Task: bl616_pmtickless: --->>> [10]:On, [H]:10685, [7:WPA]
[20:55:40:449][ 1800.557000] [  WARN] Idle Task: bl616_pmtickless: <<<--- [R]:RTC, [R]:10694, [W]:1753, [L]:152
[20:55:40:465][ 1800.568000] [  WARN] Idle Task: bl616_pmtickless: --->>> [10]:On, [H]:11174, [20:mi_mcmd]
[20:55:51:658][ 1811.762000] [  WARN] Idle Task: bl616_pmtickless: <<<--- [R]:RTC, [R]:11183, [W]:1764, [L]:152
[20:55:51:675][ 1811.776000] [  WARN] Idle Task: bl616_pmtickless: --->>> [10]:On, [H]:36317, [15:mi_otn]
[20:56:27:999][ 1848.113000] [  WARN] Idle Task: bl616_pmtickless: <<<--- [R]:RTC, [R]:36326, [W]:1799, [L]:152
[20:56:27:999][ 1848.126000] [  INFO] mi_otn: [20:56:28.125 ] ots: -->kplv sent.
[20:56:28:031][ 1848.132000] [  WARN] Idle Task: bl616_pmtickless: --->>> [10]:On, [H]:5992, [1174644928:]
[20:56:28:094][ 1848.202000] [  WARN] Idle Task: bl616_pmtickless: <<<--- [R]:WIFI, [R]:60, [W]:1800, [L]:152
[20:56:28:094][ 1848.217000] [ DEBUG] ots_task: [20:56:28.217 ] ots: recvd 8Bytes
[20:56:28:110][ 1848.221000] [  INFO] ots_task: [20:56:28.221 ] ots: <--kplv ack.
[20:56:28:120][ 1848.227000] [ DEBUG] ots_task: [20:56:28.227 ] ots: event emit[id=11,txt=ots.keeplive,ext_len=0]
[20:56:28:120][ 1848.236000] [ DEBUG] ots_task: [20:56:28.236 ] ots: keeplive costtime = 107
[20:56:28:126][ 1848.243000] [ DEBUG] mi_otn: [20:56:28.243 ] ots: ots.keeplive[11] happened!
[20:56:28:142][ 1848.252000] [  WARN] Idle Task: bl616_pmtickless: --->>> [10]:On, [H]:29173, [19:netMonitorTask]
[20:56:49:392][ 1869.507000] [  WARN] Idle Task: bl616_pmtickless: <<<--- [R]:WIFI, [R]:21243, [W]:1821, [L]:153
[20:56:49:423][ 1869.541000] [  WARN] Idle Task: bl616_pmtickless: --->>> [10]:On, [H]:7884, [19:netMonitorTask]
[20:56:57:326][ 1877.445000] [  WARN] Idle Task: bl616_pmtickless: <<<--- [R]:RTC, [R]:7893, [W]:1828, [L]:153
[20:56:57:326][ 1877.456000] [  INFO] netMonitorTask: [20:56:57.456 ] miio_monitor: work time = 1877s, memory left = 111632
[20:56:57:358][ 1877.463000] [ DEBUG] netMonitorTask: [20:56:57.463 ] miio_net: sta offline 1 times in last 600s
[20:56:57:358][ 1877.474000] [  WARN] Idle Task: bl616_pmtickless: --->>> [10]:On, [H]:61776, [15:mi_otn]
[20:57:30:145][ 1910.270000] [  WARN] Idle Task: bl616_pmtickless: <<<--- [R]:WIFI, [R]:32785, [W]:1861, [L]:154
[20:57:30:177][ 1910.302000] [  WARN] Idle Task: bl616_pmtickless: --->>> [10]:On, [H]:28948, [15:mi_otn]
[20:57:59:141][ 1939.270000] [  WARN] Idle Task: bl616_pmtickless: <<<--- [R]:RTC, [R]:28957, [W]:1889, [L]:155
[20:57:59:141][ 1939.282000] [  INFO] mi_otn: [20:57:59.282 ] ots: -->kplv sent.
[20:57:59:157][ 1939.288000] [  WARN] Idle Task: bl616_pmtickless: --->>> [10]:On, [H]:5993, [1174644928:]
[20:57:59:640][ 1939.770000] [  WARN] Idle Task: bl616_pmtickless: <<<--- [R]:WIFI, [R]:471, [W]:1890, [L]:155
[20:57:59:646][ 1939.787000] [ DEBUG] ots_task: [20:57:59.787 ] ots: recvd 8Bytes
[20:57:59:657][ 1939.790000] [  INFO] ots_task: [20:57:59.790 ] ots: <--kplv ack.
[20:57:59:657][ 1939.796000] [ DEBUG] ots_task: [20:57:59.796 ] ots: event emit[id=11,txt=ots.keeplive,ext_len=0]
[20:57:59:673][ 1939.805000] [ DEBUG] ots_task: [20:57:59.805 ] ots: keeplive costtime = 519
[20:57:59:673][ 1939.812000] [ DEBUG] mi_otn: [20:57:59.812 ] ots: ots.keeplive[11] happened!
[20:57:59:688][ 1939.821000] [  WARN] Idle Task: bl616_pmtickless: --->>> [10]:On, [H]:90999, [15:mi_otn]
[20:58:30:163][ 1970.290000] [  WARN] Idle Task: bl616_pmtickless: <<<--- [R]:WIFI, [R]:30458, [W]:1920, [L]:156
[20:58:30:182][ 1970.318000] [  WARN] Idle Task: bl616_pmtickless: --->>> [10]:On, [H]:60502, [15:mi_otn]
[20:58:58:828][ 1998.968000] [  WARN] Idle Task: bl616_pmtickless: <<<--- [R]:WIFI, [R]:28639, [W]:1948, [L]:156
[20:58:58:859][ 1998.996000] [  WARN] Idle Task: bl616_pmtickless: --->>> [10]:On, [H]:31824, [15:mi_otn]
[20:59:30:686][ 2030.840000] [  WARN] Idle Task: bl616_pmtickless: <<<--- [R]:RTC, [R]:31833, [W]:1979, [L]:158
[20:59:30:686][ 2030.853000] [  INFO] mi_otn: [20:59:30.852 ] ots: -->kplv sent.
[20:59:30:717][ 2030.859000] [  WARN] Idle Task: bl616_pmtickless: --->>> [10]:On, [H]:5992, [1174644928:]
[20:59:30:989][ 2031.132000] [  WARN] Idle Task: bl616_pmtickless: <<<--- [R]:WIFI, [R]:262, [W]:1980, [L]:158
[20:59:30:989][ 2031.146000] [ DEBUG] ots_task: [20:59:31.146 ] ots: recvd 8Bytes
[20:59:30:989][ 2031.150000] [  INFO] ots_task: [20:59:31.150 ] ots: <--kplv ack.
[20:59:31:005][ 2031.156000] [ DEBUG] ots_task: [20:59:31.156 ] ots: event emit[id=11,txt=ots.keeplive,ext_len=0]
[20:59:31:005][ 2031.165000] [ DEBUG] ots_task: [20:59:31.165 ] ots: keeplive costtime = 309
[20:59:31:021][ 2031.172000] [ DEBUG] mi_otn: [20:59:31.172 ] ots: ots.keeplive[11] happened!
[20:59:31:037][ 2031.181000] [  WARN] Idle Task: bl616_pmtickless: --->>> [10]:On, [H]:90999, [15:mi_otn]
[20:59:52:280][ 2052.434000] [  WARN] Idle Task: bl616_pmtickless: <<<--- [R]:WIFI, [R]:21242, [W]:2001, [L]:159
[20:59:52:312][ 2052.463000] [  WARN] Idle Task: bl616_pmtickless: --->>> [10]:On, [H]:69717, [15:mi_otn]
[21:00:31:203][ 2091.354000] [  WARN] Idle Task: bl616_pmtickless: <<<--- [R]:WIFI, [R]:38880, [W]:2039, [L]:159
[21:00:31:220][ 2091.381000] [  WARN] Idle Task: bl616_pmtickless: --->>> [10]:On, [H]:30799, [15:mi_otn]
[21:00:59:671][ 2119.825000] [  WARN] Idle Task: bl616_pmtickless: <<<--- [R]:WIFI, [R]:28433, [W]:2067, [L]:160
[21:00:59:686][ 2119.856000] [  WARN] Idle Task: bl616_pmtickless: --->>> [10]:On, [H]:2324, [15:mi_otn]
[21:01:02:018][ 2122.200000] [  WARN] Idle Task: bl616_pmtickless: <<<--- [R]:RTC, [R]:2333, [W]:2069, [L]:160
[21:01:02:034][ 2122.212000] [  INFO] mi_otn: [21:01:02.212 ] ots: -->kplv sent.
[21:01:02:050][ 2122.218000] [  WARN] Idle Task: bl616_pmtickless: --->>> [10]:On, [H]:5993, [1174644928:]
[21:01:02:735][ 2122.902000] [  WARN] Idle Task: bl616_pmtickless: <<<--- [R]:WIFI, [R]:673, [W]:2070, [L]:160
[21:01:02:737][ 2122.918000] [ DEBUG] ots_task: [21:01:02.918 ] ots: recvd 8Bytes
[21:01:02:737][ 2122.922000] [  INFO] ots_task: [21:01:02.922 ] ots: <--kplv ack.
[21:01:02:753][ 2122.928000] [ DEBUG] ots_task: [21:01:02.928 ] ots: event emit[id=11,txt=ots.keeplive,ext_len=0]
[21:01:02:753][ 2122.937000] [ DEBUG] ots_task: [21:01:02.937 ] ots: keeplive costtime = 721
[21:01:02:784][ 2122.944000] [ DEBUG] mi_otn: [21:01:02.944 ] ots: ots.keeplive[11] happened!
[21:01:02:784][ 2122.953000] [  WARN] Idle Task: bl616_pmtickless: --->>> [10]:On, [H]:54520, [19:netMonitorTask]
[21:01:07:858][ 2128.024000] [  WARN] Idle Task: bl616_pmtickless: <<<--- [R]:WIFI, [R]:5059, [W]:2075, [L]:160
[21:01:07:890][ 2128.055000] [  WARN] Idle Task: bl616_pmtickless: --->>> [10]:On, [H]:49418, [19:netMonitorTask]
[21:01:14:000][ 2134.172000] [  WARN] Idle Task: bl616_pmtickless: <<<--- [R]:WIFI, [R]:6105, [W]:2081, [L]:160
[21:01:14:032][ 2134.203000] [  WARN] Idle Task: bl616_pmtickless: --->>> [10]:On, [H]:43270, [19:netMonitorTask]
[21:01:22:190][ 2142.367000] [  WARN] Idle Task: bl616_pmtickless: <<<--- [R]:WIFI, [R]:8152, [W]:2089, [L]:160
[21:01:22:223][ 2142.395000] [  WARN] Idle Task: bl616_pmtickless: --->>> [10]:On, [H]:35078, [19:netMonitorTask]
[21:01:34:476][ 2154.656000] [  WARN] Idle Task: bl616_pmtickless: <<<--- [R]:WIFI, [R]:12249, [W]:2101, [L]:160
[21:01:34:524][ 2154.696000] [  WARN] Idle Task: bl616_pmtickless: --->>> [10]:On, [H]:22777, [19:netMonitorTask]
[21:01:53:933][ 2174.116000] [  WARN] Idle Task: bl616_pmtickless: <<<--- [R]:WIFI, [R]:19408, [W]:2120, [L]:160
[21:01:53:965][ 2174.147000] [  WARN] Idle Task: bl616_pmtickless: --->>> [10]:On, [H]:3326, [19:netMonitorTask]
[21:01:57:304][ 2177.493000] [  WARN] Idle Task: bl616_pmtickless: <<<--- [R]:RTC, [R]:3335, [W]:2123, [L]:160
[21:01:57:317][ 2177.504000] [  INFO] netMonitorTask: [21:01:57.504 ] miio_monitor: work time = 2177s, memory left = 111632
[21:01:57:317][ 2177.511000] [ DEBUG] netMonitorTask: [21:01:57.511 ] miio_net: sta offline 1 times in last 600s
[21:01:57:333][ 2177.523000] [  WARN] Idle Task: bl616_pmtickless: --->>> [10]:On, [H]:36428, [15:mi_otn]
[21:02:28:549][ 2208.735000] [  WARN] Idle Task: bl616_pmtickless: <<<--- [R]:WIFI, [R]:31202, [W]:2154, [L]:161
[21:02:28:581][ 2208.770000] [  WARN] Idle Task: bl616_pmtickless: --->>> [10]:On, [H]:5181, [15:mi_otn]
[21:02:33:780][ 2213.971000] [  WARN] Idle Task: bl616_pmtickless: <<<--- [R]:RTC, [R]:5190, [W]:2159, [L]:161
[21:02:33:780][ 2213.984000] [  INFO] mi_otn: [21:02:33.984 ] ots: -->kplv sent.
[21:02:33:796][ 2213.990000] [  WARN] Idle Task: bl616_pmtickless: --->>> [10]:On, [H]:5993, [1174644928:]
[21:02:34:684][ 2214.884000] [  WARN] Idle Task: bl616_pmtickless: <<<--- [R]:WIFI, [R]:883, [W]:2160, [L]:161
[21:02:34:699][ 2214.900000] [ DEBUG] ots_task: [21:02:34.900 ] ots: recvd 8Bytes
[21:02:34:699][ 2214.904000] [  INFO] ots_task: [21:02:34.904 ] ots: <--kplv ack.
[21:02:34:715][ 2214.910000] [ DEBUG] ots_task: [21:02:34.910 ] ots: event emit[id=11,txt=ots.keeplive,ext_len=0]
[21:02:34:715][ 2214.919000] [ DEBUG] ots_task: [21:02:34.919 ] ots: keeplive costtime = 932
[21:02:34:715][ 2214.926000] [ DEBUG] mi_otn: [21:02:34.926 ] ots: ots.keeplive[11] happened!
[21:02:34:748][ 2214.935000] [  WARN] Idle Task: bl616_pmtickless: --->>> [10]:On, [H]:22417, [15:mi_otn]
[21:02:57:169][ 2237.372000] [  WARN] Idle Task: bl616_pmtickless: <<<--- [R]:RTC, [R]:22426, [W]:2182, [L]:162
[21:02:57:169][ 2237.388000] [ DEBUG] mi_otn: [21:02:57.387 ] miio_ot: st[1775241363], dura[1800]
[21:02:57:201][ 2237.395000] [  WARN] Idle Task: bl616_pmtickless: --->>> [10]:On, [H]:68549, [15:mi_otn]
[21:03:32:856][ 2273.059000] [  WARN] Idle Task: bl616_pmtickless: <<<--- [R]:WIFI, [R]:35653, [W]:2217, [L]:162
[21:03:32:888][ 2273.089000] [  WARN] Idle Task: bl616_pmtickless: --->>> [10]:On, [H]:32855, [15:mi_otn]
[21:03:33:870][ 2274.084000] [  WARN] Idle Task: bl616_pmtickless: <<<--- [R]:WIFI, [R]:984, [W]:2218, [L]:162
[21:03:33:903][ 2274.114000] [  WARN] Idle Task: bl616_pmtickless: --->>> [10]:On, [H]:31830, [15:mi_otn]
[21:04:05:752][ 2305.964000] [  WARN] Idle Task: bl616_pmtickless: <<<--- [R]:RTC, [R]:31839, [W]:2249, [L]:162
[21:04:05:752][ 2305.979000] [  WARN] Idle Task: bl616_pmtickless: --->>> [10]:On, [H]:18, [15:mi_otn]
[21:04:05:768][ 2305.984000] [  WARN] Idle Task: bl616_pmtickless: <<<--- exit: sleep time too short 18
[21:04:05:768][ 2306.001000] [  WARN] Idle Task: bl616_pmtickless: --->>> [10]:On, [H]:18, [15:mi_otn]
[21:04:05:801][ 2306.006000] [  WARN] Idle Task: bl616_pmtickless: <<<--- exit: sleep time too short 18
[21:04:05:801][ 2306.025000] [  WARN] Idle Task: bl616_pmtickless: --->>> [10]:On, [H]:17, [15:mi_otn]
[21:04:05:817][ 2306.031000] [  WARN] Idle Task: bl616_pmtickless: <<<--- exit: sleep time too short 17
[21:04:05:833][ 2306.048000] [  INFO] mi_otn: [21:04:06.048 ] ots: -->kplv sent.
[21:04:05:849][ 2306.066000] [  WARN] Idle Task: bl616_pmtickless: --->>> [10]:On, [H]:5982, [1174644928:]
[21:04:06:844][ 2307.065000] [  WARN] Idle Task: bl616_pmtickless: <<<--- [R]:WIFI, [R]:988, [W]:2250, [L]:162
[21:04:06:860][ 2307.082000] [ DEBUG] ots_task: [21:04:07.081 ] ots: recvd 8Bytes
[21:04:06:862][ 2307.085000] [  INFO] ots_task: [21:04:07.085 ] ots: <--kplv ack.
[21:04:06:876][ 2307.091000] [ DEBUG] ots_task: [21:04:07.091 ] ots: event emit[id=11,txt=ots.keeplive,ext_len=0]
[21:04:06:876][ 2307.100000] [ DEBUG] ots_task: [21:04:07.100 ] ots: keeplive costtime = 1049
[21:04:06:876][ 2307.107000] [ DEBUG] mi_otn: [21:04:07.107 ] ots: ots.keeplive[11] happened!
[21:04:06:909][ 2307.116000] [  WARN] Idle Task: bl616_pmtickless: --->>> [10]:On, [H]:90999, [15:mi_otn]
[21:05:02:771][ 2362.988000] [  WARN] Idle Task: bl616_pmtickless: <<<--- [R]:WIFI, [R]:55861, [W]:2305, [L]:164
[21:05:02:803][ 2363.021000] [  WARN] Idle Task: bl616_pmtickless: --->>> [10]:On, [H]:35094, [15:mi_otn]
[21:05:34:506][ 2394.735000] [  WARN] Idle Task: bl616_pmtickless: <<<--- [R]:WIFI, [R]:31703, [W]:2336, [L]:164
[21:05:34:538][ 2394.768000] [  WARN] Idle Task: bl616_pmtickless: --->>> [10]:On, [H]:3347, [15:mi_otn]
[21:05:37:905][ 2398.135000] [  WARN] Idle Task: bl616_pmtickless: <<<--- [R]:RTC, [R]:3356, [W]:2339, [L]:164
[21:05:37:921][ 2398.148000] [  INFO] mi_otn: [21:05:38.147 ] ots: -->kplv sent.
[21:05:37:921][ 2398.153000] [  WARN] Idle Task: bl616_pmtickless: --->>> [10]:On, [H]:5993, [1174644928:]
[21:05:38:612][ 2398.838000] [  WARN] Idle Task: bl616_pmtickless: <<<--- [R]:WIFI, [R]:674, [W]:2340, [L]:164
[21:05:38:612][ 2398.854000] [ DEBUG] ots_task: [21:05:38.853 ] ots: recvd 8Bytes
[21:05:38:612][ 2398.857000] [  INFO] ots_task: [21:05:38.857 ] ots: <--kplv ack.
[21:05:38:628][ 2398.863000] [ DEBUG] ots_task: [21:05:38.863 ] ots: event emit[id=11,txt=ots.keeplive,ext_len=0]
[21:05:38:628][ 2398.872000] [ DEBUG] ots_task: [21:05:38.872 ] ots: keeplive costtime = 721
[21:05:38:628][ 2398.879000] [ DEBUG] mi_otn: [21:05:38.879 ] ots: ots.keeplive[11] happened!
[21:05:38:659][ 2398.888000] [  WARN] Idle Task: bl616_pmtickless: --->>> [10]:On, [H]:78633, [19:netMonitorTask]
[21:06:33:699][ 2453.936000] [  WARN] Idle Task: bl616_pmtickless: <<<--- [R]:WIFI, [R]:55036, [W]:2394, [L]:165
[21:06:33:731][ 2453.966000] [  WARN] Idle Task: bl616_pmtickless: --->>> [10]:On, [H]:23555, [19:netMonitorTask]
[21:06:57:289][ 2477.542000] [  WARN] Idle Task: bl616_pmtickless: <<<--- [R]:RTC, [R]:23564, [W]:2417, [L]:166
[21:06:57:300][ 2477.553000] [  INFO] netMonitorTask: [21:06:57.553 ] miio_monitor: work time = 2477s, memory left = 111632
[21:06:57:300][ 2477.560000] [ DEBUG] netMonitorTask: [21:06:57.560 ] miio_net: sta offline 1 times in last 600s
[21:06:57:316][ 2477.571000] [  WARN] Idle Task: bl616_pmtickless: --->>> [10]:On, [H]:12316, [15:mi_otn]
[21:07:09:651][ 2489.907000] [  WARN] Idle Task: bl616_pmtickless: <<<--- [R]:RTC, [R]:12325, [W]:2429, [L]:167
[21:07:09:652][ 2489.920000] [  INFO] mi_otn: [21:07:09.920 ] ots: -->kplv sent.
[21:07:09:682][ 2489.926000] [  WARN] Idle Task: bl616_pmtickless: --->>> [10]:On, [H]:5992, [1174644928:]
[21:07:10:150][ 2490.401000] [  WARN] Idle Task: bl616_pmtickless: <<<--- [R]:WIFI, [R]:464, [W]:2430, [L]:167
[21:07:10:150][ 2490.417000] [ DEBUG] ots_task: [21:07:10.417 ] ots: recvd 8Bytes
[21:07:10:150][ 2490.420000] [  INFO] ots_task: [21:07:10.420 ] ots: <--kplv ack.
[21:07:10:169][ 2490.426000] [ DEBUG] ots_task: [21:07:10.426 ] ots: event emit[id=11,txt=ots.keeplive,ext_len=0]
[21:07:10:169][ 2490.435000] [ DEBUG] ots_task: [21:07:10.435 ] ots: keeplive costtime = 512
[21:07:10:199][ 2490.443000] [ DEBUG] mi_otn: [21:07:10.442 ] ots: ots.keeplive[11] happened!
[21:07:10:199][ 2490.452000] [  WARN] Idle Task: bl616_pmtickless: --->>> [10]:On, [H]:90998, [15:mi_otn]
[21:07:11:165][ 2491.427000] [  WARN] Idle Task: bl616_pmtickless: <<<--- [R]:WIFI, [R]:964, [W]:2431, [L]:167
[21:07:11:198][ 2491.458000] [  WARN] Idle Task: bl616_pmtickless: --->>> [10]:On, [H]:89992, [15:mi_otn]
[21:07:15:262][ 2495.525000] [  WARN] Idle Task: bl616_pmtickless: <<<--- [R]:WIFI, [R]:4056, [W]:2435, [L]:167
[21:07:15:310][ 2495.560000] [  WARN] Idle Task: bl616_pmtickless: --->>> [10]:On, [H]:85890, [15:mi_otn]
[21:07:30:631][ 2510.889000] [  WARN] Idle Task: bl616_pmtickless: <<<--- [R]:WIFI, [R]:15318, [W]:2450, [L]:167
[21:07:30:664][ 2510.922000] [  WARN] Idle Task: bl616_pmtickless: --->>> [10]:On, [H]:70528, [15:mi_otn]
[21:08:03:804][ 2544.073000] [  WARN] Idle Task: bl616_pmtickless: <<<--- [R]:WIFI, [R]:33140, [W]:2483, [L]:169
[21:08:03:836][ 2544.107000] [  WARN] Idle Task: bl616_pmtickless: --->>> [10]:On, [H]:37343, [15:mi_otn]
[21:08:34:535][ 2574.800000] [  WARN] Idle Task: bl616_pmtickless: <<<--- [R]:WIFI, [R]:30682, [W]:2513, [L]:169
[21:08:34:567][ 2574.832000] [  WARN] Idle Task: bl616_pmtickless: --->>> [10]:On, [H]:6618, [15:mi_otn]
[21:08:41:182][ 2581.470000] [  WARN] Idle Task: bl616_pmtickless: <<<--- [R]:RTC, [R]:6627, [W]:2519, [L]:169
[21:08:41:214][ 2581.482000] [  INFO] mi_otn: [21:08:41.482 ] ots: -->kplv sent.
[21:08:41:214][ 2581.488000] [  WARN] Idle Task: bl616_pmtickless: --->>> [10]:On, [H]:5993, [1174644928:]
[21:08:41:696][ 2581.972000] [  WARN] Idle Task: bl616_pmtickless: <<<--- [R]:WIFI, [R]:473, [W]:2520, [L]:169
[21:08:41:696][ 2581.989000] [ DEBUG] ots_task: [21:08:41.989 ] ots: recvd 8Bytes
[21:08:41:713][ 2581.993000] [  INFO] ots_task: [21:08:41.993 ] ots: <--kplv ack.
[21:08:41:713][ 2581.999000] [ DEBUG] ots_task: [21:08:41.998 ] ots: event emit[id=11,txt=ots.keeplive,ext_len=0]
[21:08:41:713][ 2582.008000] [ DEBUG] ots_task: [21:08:42.007 ] ots: keeplive costtime = 522
[21:08:41:745][ 2582.015000] [ DEBUG] mi_otn: [21:08:42.015 ] ots: ots.keeplive[11] happened!
[21:08:41:745][ 2582.024000] [  WARN] Idle Task: bl616_pmtickless: --->>> [10]:On, [H]:90998, [15:mi_otn]
[21:08:46:818][ 2587.095000] [  WARN] Idle Task: bl616_pmtickless: <<<--- [R]:WIFI, [R]:5060, [W]:2525, [L]:169
[21:08:46:850][ 2587.128000] [  WARN] Idle Task: bl616_pmtickless: --->>> [10]:On, [H]:85894, [15:mi_otn]
[21:09:34:735][ 2635.026000] [  WARN] Idle Task: bl616_pmtickless: <<<--- [R]:WIFI, [R]:47887, [W]:2572, [L]:170
[21:09:34:767][ 2635.062000] [  WARN] Idle Task: bl616_pmtickless: --->>> [10]:On, [H]:37960, [15:mi_otn]
[21:09:45:806][ 2646.091000] [  WARN] Idle Task: bl616_pmtickless: <<<--- [R]:WIFI, [R]:11018, [W]:2583, [L]:171
[21:09:45:838][ 2646.123000] [  WARN] Idle Task: bl616_pmtickless: --->>> [10]:On, [H]:26899, [15:mi_otn]
[21:10:12:742][ 2673.042000] [  WARN] Idle Task: bl616_pmtickless: <<<--- [R]:RTC, [R]:26908, [W]:2609, [L]:171
[21:10:12:742][ 2673.054000] [  INFO] mi_otn: [21:10:13.054 ] ots: -->kplv sent.
[21:10:12:758][ 2673.060000] [  WARN] Idle Task: bl616_pmtickless: --->>> [10]:On, [H]:5993, [1174644928:]
[21:10:13:445][ 2673.744000] [  WARN] Idle Task: bl616_pmtickless: <<<--- [R]:WIFI, [R]:673, [W]:2610, [L]:171
[21:10:13:457][ 2673.762000] [ DEBUG] ots_task: [21:10:13.762 ] ots: recvd 8Bytes
[21:10:13:460][ 2673.766000] [  INFO] ots_task: [21:10:13.766 ] ots: <--kplv ack.
[21:10:13:460][ 2673.771000] [ DEBUG] ots_task: [21:10:13.771 ] ots: event emit[id=11,txt=ots.keeplive,ext_len=0]
[21:10:13:476][ 2673.781000] [ DEBUG] ots_task: [21:10:13.780 ] ots: keeplive costtime = 723
[21:10:13:476][ 2673.788000] [ DEBUG] mi_otn: [21:10:13.788 ] ots: ots.keeplive[11] happened!
[21:10:13:492][ 2673.797000] [  WARN] Idle Task: bl616_pmtickless: --->>> [10]:On, [H]:90998, [15:mi_otn]
[21:10:18:559][ 2678.867000] [  WARN] Idle Task: bl616_pmtickless: <<<--- [R]:WIFI, [R]:5059, [W]:2615, [L]:171
[21:10:18:606][ 2678.904000] [  WARN] Idle Task: bl616_pmtickless: --->>> [10]:On, [H]:85891, [15:mi_otn]
[21:11:05:675][ 2725.979000] [  WARN] Idle Task: bl616_pmtickless: <<<--- [R]:WIFI, [R]:47064, [W]:2661, [L]:171
[21:11:05:706][ 2726.012000] [  WARN] Idle Task: bl616_pmtickless: --->>> [10]:On, [H]:38783, [15:mi_otn]
[21:11:44:490][ 2764.815000] [  WARN] Idle Task: bl616_pmtickless: <<<--- [R]:RTC, [R]:38792, [W]:2698, [L]:171
[21:11:44:490][ 2764.828000] [  INFO] mi_otn: [21:11:44.828 ] ots: -->kplv sent.
[21:11:44:522][ 2764.834000] [  WARN] Idle Task: bl616_pmtickless: --->>> [10]:On, [H]:5993, [1174644928:]
[21:11:44:586][ 2764.901000] [  WARN] Idle Task: bl616_pmtickless: <<<--- [R]:WIFI, [R]:56, [W]:2699, [L]:171
[21:11:44:586][ 2764.915000] [ DEBUG] ots_task: [21:11:44.915 ] ots: recvd 8Bytes
[21:11:44:586][ 2764.919000] [  INFO] ots_task: [21:11:44.919 ] ots: <--kplv ack.
[21:11:44:611][ 2764.925000] [ DEBUG] ots_task: [21:11:44.925 ] ots: event emit[id=11,txt=ots.keeplive,ext_len=0]
[21:11:44:611][ 2764.934000] [ DEBUG] ots_task: [21:11:44.934 ] ots: keeplive costtime = 103
[21:11:44:619][ 2764.941000] [ DEBUG] mi_otn: [21:11:44.941 ] ots: ots.keeplive[11] happened!
[21:11:44:635][ 2764.950000] [  WARN] Idle Task: bl616_pmtickless: --->>> [10]:On, [H]:10252, [15:mi_otn]
[21:11:50:525][ 2770.841000] [  WARN] Idle Task: bl616_pmtickless: <<<--- [R]:WIFI, [R]:5880, [W]:2705, [L]:172
[21:11:50:557][ 2770.873000] [  WARN] Idle Task: bl616_pmtickless: --->>> [10]:On, [H]:4329, [15:mi_otn]
[21:11:54:898][ 2775.222000] [  WARN] Idle Task: bl616_pmtickless: <<<--- [R]:RTC, [R]:4338, [W]:2709, [L]:172
[21:11:54:898][ 2775.234000] [NOTICE] mi_otn: [21:11:55.234 ] ots: -->sync sent.
[21:11:54:914][ 2775.240000] [  WARN] Idle Task: bl616_pmtickless: --->>> [10]:On, [H]:2330, [19:netMonitorTask]
[21:11:55:637][ 2775.968000] [  WARN] Idle Task: bl616_pmtickless: <<<--- [R]:WIFI, [R]:716, [W]:2710, [L]:172
[21:11:55:653][ 2775.983000] [ DEBUG] ots_task: [21:11:55.983 ] ots: recvd 24Bytes
[21:11:55:653][ 2775.986000] [NOTICE] ots_task: [21:11:55.986 ] ots: <--sync ack.
[21:11:55:653][ 2775.992000] [ DEBUG] ots_task: [21:11:55.992 ] ots: sync costtime = 755
[21:11:55:686][ 2776.002000] [  WARN] Idle Task: bl616_pmtickless: --->>> [10]:On, [H]:1568, [19:netMonitorTask]
[21:11:57:250][ 2777.590000] [  WARN] Idle Task: bl616_pmtickless: <<<--- [R]:RTC, [R]:1577, [W]:2711, [L]:172
[21:11:57:265][ 2777.601000] [  INFO] netMonitorTask: [21:11:56.601 ] miio_monitor: work time = 2777s, memory left = 111632
[21:11:57:282][ 2777.608000] [ DEBUG] netMonitorTask: [21:11:56.608 ] miio_net: sta offline 1 times in last 600s
[21:11:57:298][ 2777.619000] [  WARN] Idle Task: bl616_pmtickless: --->>> [10]:On, [H]:29028, [15:mi_otn]
[21:12:00:355][ 2780.680000] [  WARN] Idle Task: bl616_pmtickless: <<<--- [R]:WIFI, [R]:3050, [W]:2714, [L]:172
[21:12:00:386][ 2780.709000] [  WARN] Idle Task: bl616_pmtickless: --->>> [10]:On, [H]:25938, [15:mi_otn]
[21:12:26:317][ 2806.667000] [  WARN] Idle Task: bl616_pmtickless: <<<--- [R]:RTC, [R]:25947, [W]:2739, [L]:172
[21:12:26:333][ 2806.679000] [  INFO] mi_otn: [21:12:25.679 ] miio_instance: miio_info_kvs_hook_default called
[21:12:26:349][ 2806.689000] [ DEBUG] mi_otn: [21:12:25.688 ] miio_net: miio_net_info_kvs_hook called
[21:12:26:349][ 2806.696000] [NOTICE] mi_otn: [21:12:25.696 ] miio_ot: up _otc.info:{"id":444661805,"method":"_otc.info","params":{"life":2806,"model":"xiaomi.dev.bl3","token":"69aa************************aee4","ipflag":1,"fw_ver":"1.0.3","miio_ver":"0.1.0","hw_ver":"BL616-BL3","chip_ver":1,"mmfree":110248,"mac":"C4:93:BB:AD:C7:FF","wifi_fw_ver":"WifiVer.N\/A","ap":{"ssid":"Xiaomi_be3600","bssid":"42:EE:97:F0:4C:60","rssi":-25,"primary":1},"netif":{"localIp":"192.168.3.70","mask":"255.255.255.0","gw":"192.168.3.1"},"uid":1205295674}}
[21:12:26:397][ 2806.739000] [  INFO] mi_otn: [21:12:25.739 ] miio_ot: -->info(ots).
[21:12:26:397][ 2806.746000] [ DEBUG] mi_otn: [21:12:25.746 ] ots: ots_up_rpc_delegate_out_cb:{"id":444661805,"method":"_otc.info","params":{"life":2806,"model":"xiaomi.dev.bl3","token":"69aa************************aee4","ipflag":1,"fw_ver":"1.0.3","miio_ver":"0.1.0","hw_ver":"BL616-BL3","chip_ver":1,"mmfree":110248,"mac":"C4:93:BB:AD:C7:FF","wifi_fw_ver":"WifiVer.N\/A","ap":{"ssid":"Xiaomi_be3600","bssid":"42:EE:97:F0:4C:60","rssi":-25,"primary":1},"netif":{"localIp":"192.168.3.70","mask":"255.255.255.0","gw":"192.168.3.1"},"uid":1205295674}}
[21:12:26:478][ 2806.806000] [  WARN] Idle Task: bl616_pmtickless: --->>> [10]:On, [H]:3992, [15:mi_otn]
[21:12:30:463][ 2810.818000] [  WARN] Idle Task: bl616_pmtickless: <<<--- [R]:RTC, [R]:4001, [W]:2742, [L]:172
[21:12:30:479][ 2810.827000] [  WARN] mi_otn: [21:12:29.826 ] ot: up session[id=444661805] timeout
[21:12:30:495][ 2810.832000] [  INFO] mi_otn: [21:12:29.832 ] miio_ot: <--info ack(ots).
[21:12:30:495][ 2810.839000] [ DEBUG] mi_otn: [21:12:29.839 ] miio_net: miio_net_statistics_kvs_hook called
[21:12:30:511][ 2810.849000] [ DEBUG] mi_otn: [21:12:29.849 ] ots: ots_up_rpc_delegate_out_cb:{"id":448069678,"method":"_otc.ncinfo","params":{"miio_ver":"0.1.0","miio_times":[2777,148,177,2452],"ap":{"ssid":"Xiaomi_be3600","connect_count":3,"repeaters":[{"bssid":"42:EE:97:F0:4C:60","rssi":-25,"primary":1,"active":1}]},"ot_stat":[4,3,0],"ots_stat":[4,0,0,2745,1077,1071,42,41,0,0,0,0,0]}}
[21:12:30:543][ 2810.883000] [ DEBUG] mi_otn: [21:12:29.883 ] ots: ots_up_rpc_delegate_out_cb:{"id":1259864111,"method":"_otc.ncstat","params":{"timestamp":1775220147,"proto":2,"otip":"202.69.4.3","otport":443,"sendcnt":5,"ackcnt":4,"ackcnt_timeout":0,"costtime":2797,"rpc":0,"rpcack":0,"rpcack_costtime":0,"dns":0,"keeplive_interval":91,"rpc_local":0,"rpcack_local":0}}
[21:12:30:575][ 2810.918000] [  WARN] Idle Task: bl616_pmtickless: --->>> [10]:On, [H]:792, [15:mi_otn]
[21:12:31:378][ 2811.730000] [  WARN] Idle Task: bl616_pmtickless: <<<--- [R]:RTC, [R]:801, [W]:2742, [L]:172
[21:12:31:394][ 2811.739000] [ DEBUG] mi_otn: [21:12:30.738 ] ot: event emit[id=5,txt=otn.timerconfig,ext_len=4]
[21:12:31:394][ 2811.745000] [ DEBUG] mi_otn: [21:12:30.745 ] ot: event emit[id=5,txt=otn.timerconfig,ext_len=4]
[21:12:31:410][ 2811.754000] [ DEBUG] mi_otn: [21:12:30.753 ] miio_ot: otn.timerconfig[5] happened!
[21:12:31:410][ 2811.761000] [ DEBUG] mi_otn: [21:12:30.761 ] miio_ot: cooldown_time_ms =5000
[21:12:31:426][ 2811.768000] [ DEBUG] mi_otn: [21:12:30.768 ] miio_ot: otn.timerconfig[5] event finished!
[21:12:31:426][ 2811.776000] [ DEBUG] mi_otn: [21:12:30.776 ] miio_ot: otn.timerconfig[5] happened!
[21:12:31:458][ 2811.784000] [ DEBUG] mi_otn: [21:12:30.784 ] miio_ot: otn.timerconfig[5] event finished!
[21:12:31:458][ 2811.794000] [  WARN] Idle Task: bl616_pmtickless: --->>> [10]:On, [H]:1002, [1174644928:]
[21:12:31:586][ 2811.923000] [  WARN] Idle Task: bl616_pmtickless: <<<--- [R]:WIFI, [R]:118, [W]:2743, [L]:172
[21:12:31:618][ 2811.959000] [  WARN] Idle Task: bl616_pmtickless: --->>> [10]:On, [H]:2924, [15:mi_otn]
[21:12:34:547][ 2814.903000] [  WARN] Idle Task: bl616_pmtickless: <<<--- [R]:RTC, [R]:2933, [W]:2745, [L]:172
[21:12:34:562][ 2814.912000] [  WARN] mi_otn: [21:12:33.912 ] ot: up session[id=448069678] timeout
[21:12:34:562][ 2814.920000] [  WARN] Idle Task: bl616_pmtickless: --->>> [10]:On, [H]:1, [15:mi_otn]
[21:12:34:578][ 2814.925000] [  WARN] Idle Task: bl616_pmtickless: <<<--- exit: sleep time too short 1
[21:12:34:578][ 2814.933000] [  WARN] mi_otn: [21:12:33.933 ] ot: up session[id=1259864111] timeout
[21:12:34:610][ 2814.943000] [  WARN] Idle Task: bl616_pmtickless: --->>> [10]:On, [H]:1826, [15:mi_otn]
[21:12:36:429][ 2816.789000] [  WARN] Idle Task: bl616_pmtickless: <<<--- [R]:RTC, [R]:1835, [W]:2747, [L]:172
[21:12:36:461][ 2816.799000] [ DEBUG] mi_otn: [21:12:35.798 ] ots: ots_up_rpc_delegate_out_cb:{"id":1736507440,"method":"props","params":{"ota_progress":101,"ota_state":"idle"}}
[21:12:36:476][ 2816.820000] [  WARN] Idle Task: bl616_pmtickless: --->>> [10]:On, [H]:1119, [1174644928:]
[21:12:36:700][ 2817.049000] [  WARN] Idle Task: bl616_pmtickless: <<<--- [R]:WIFI, [R]:218, [W]:2748, [L]:172
[21:12:36:733][ 2817.084000] [  WARN] Idle Task: bl616_pmtickless: --->>> [10]:On, [H]:855, [1174644928:]
[21:12:37:634][ 2817.959000] [  WARN] Idle Task: bl616_pmtickless: <<<--- [R]:RTC, [R]:864, [W]:2748, [L]:172
[21:12:37:634][ 2817.973000] [  WARN] Idle Task: bl616_pmtickless: --->>> [10]:On, [H]:1646, [15:mi_otn]
[21:12:37:730][ 2818.077000] [  WARN] Idle Task: bl616_pmtickless: <<<--- [R]:WIFI, [R]:93, [W]:2749, [L]:172
[21:12:37:730][ 2818.096000] [ DEBUG] ots_task: [21:12:37.095 ] ots: recvd 39Bytes
[21:12:37:746][ 2818.099000] [ DEBUG] ots_task: [21:12:37.099 ] ots: req or ack recvd.
[21:12:37:746][ 2818.106000] [ DEBUG] ots_task: [21:12:37.106 ] ots: {"id":444661805,"result":"ok"}.
[21:12:37:762][ 2818.113000] [ DEBUG] ots_task: [21:12:37.113 ] ots: send_cnt = 3[45], ack_cnt = 1[42,1], costtime = 0[1077,1071]
[21:12:37:762][ 2818.123000] [ DEBUG] ots_task: [21:12:37.123 ] ots: event emit[id=11,txt=ots.keeplive,ext_len=0]
[21:12:37:777][ 2818.133000] [ DEBUG] mi_otn: [21:12:37.133 ] ots: ots.keeplive[11] happened!
[21:12:37:777][ 2818.139000] [  WARN] mi_otn: [21:12:37.139 ] ot: up session[id=444661805] not found
[21:12:37:793][ 2818.149000] [  WARN] Idle Task: bl616_pmtickless: --->>> [10]:On, [H]:1470, [15:mi_otn]
[21:12:38:745][ 2819.102000] [  WARN] Idle Task: bl616_pmtickless: <<<--- [R]:WIFI, [R]:942, [W]:2750, [L]:172
[21:12:38:761][ 2819.120000] [ DEBUG] ots_task: [21:12:38.119 ] ots: recvd 39Bytes
[21:12:38:761][ 2819.123000] [ DEBUG] ots_task: [21:12:38.123 ] ots: req or ack recvd.
[21:12:38:777][ 2819.130000] [ DEBUG] ots_task: [21:12:38.130 ] ots: {"id":448069678,"result":"ok"}.
[21:12:38:777][ 2819.137000] [ DEBUG] ots_task: [21:12:38.137 ] ots: send_cnt = 3[45], ack_cnt = 2[43,2], costtime = 0[1077,1071]
[21:12:38:793][ 2819.147000] [ DEBUG] ots_task: [21:12:38.147 ] ots: event emit[id=11,txt=ots.keeplive,ext_len=0]
[21:12:38:793][ 2819.158000] [ DEBUG] ots_task: [21:12:38.158 ] ots: recvd 40Bytes
[21:12:38:809][ 2819.162000] [ DEBUG] ots_task: [21:12:38.162 ] ots: req or ack recvd.
[21:12:38:809][ 2819.169000] [ DEBUG] ots_task: [21:12:38.169 ] ots: {"id":1259864111,"result":"ok"}.
[21:12:38:825][ 2819.176000] [ DEBUG] ots_task: [21:12:38.176 ] ots: send_cnt = 3[45], ack_cnt = 3[44,3], costtime = 0[1077,1071]
[21:12:38:825][ 2819.187000] [ DEBUG] ots_task: [21:12:38.186 ] ots: event emit[id=11,txt=ots.keeplive,ext_len=0]
[21:12:38:841][ 2819.196000] [ DEBUG] ots_task: [21:12:38.196 ] ots: recvd 40Bytes
[21:12:38:841][ 2819.202000] [ DEBUG] ots_task: [21:12:38.202 ] ots: req or ack recvd.
[21:12:38:857][ 2819.208000] [ DEBUG] ots_task: [21:12:38.208 ] ots: {"id":1736507440,"result":"ok"}.
[21:12:38:857][ 2819.216000] [ DEBUG] ots_task: [21:12:38.216 ] ots: send_cnt = 3[45], ack_cnt = 4[45,3], costtime = 2418[1211,1223]
[21:12:38:873][ 2819.226000] [ DEBUG] ots_task: [21:12:38.226 ] ots: event emit[id=11,txt=ots.keeplive,ext_len=0]
[21:12:38:873][ 2819.235000] [ DEBUG] mi_otn: [21:12:38.235 ] ots: ots.keeplive[11] happened!
[21:12:38:889][ 2819.242000] [  WARN] mi_otn: [21:12:38.242 ] ot: up session[id=448069678] not found
[21:12:38:889][ 2819.249000] [ DEBUG] mi_otn: [21:12:38.249 ] ots: ots.keeplive[11] happened!
[21:12:38:889][ 2819.257000] [  WARN] mi_otn: [21:12:38.256 ] ot: up session[id=1259864111] not found
[21:12:38:906][ 2819.264000] [ DEBUG] mi_otn: [21:12:38.264 ] ots: ots.keeplive[11] happened!
[21:12:38:906][ 2819.271000] [  INFO] mi_otn: [21:12:38.271 ] miio_info: 0 props left, 0 events left.
[21:12:38:923][ 2819.279000] [ DEBUG] mi_otn: [21:12:38.279 ] ot: event emit[id=5,txt=otn.timerconfig,ext_len=4]
[21:12:38:938][ 2819.288000] [ DEBUG] mi_otn: [21:12:38.288 ] miio_ot: otn.timerconfig[5] happened!
[21:12:38:938][ 2819.295000] [ DEBUG] mi_otn: [21:12:38.295 ] miio_ot: cooldown_time_ms =1800000
[21:12:38:938][ 2819.302000] [ DEBUG] mi_otn: [21:12:38.302 ] miio_ot: otn.timerconfig[5] event finished!
[21:12:38:970][ 2819.313000] [  WARN] Idle Task: bl616_pmtickless: --->>> [10]:On, [H]:307, [15:mi_otn]
[21:12:39:275][ 2819.640000] [  WARN] Idle Task: bl616_pmtickless: <<<--- [R]:RTC, [R]:316, [W]:2750, [L]:172
[21:12:39:291][ 2819.651000] [  WARN] Idle Task: bl616_pmtickless: --->>> [10]:On, [H]:3970, [15:mi_otn]
[21:12:43:278][ 2823.641000] [  WARN] Idle Task: bl616_pmtickless: <<<--- [R]:RTC, [R]:3979, [W]:2754, [L]:172
[21:12:43:293][ 2823.651000] [ DEBUG] mi_otn: [21:12:42.651 ] ots: ots_up_rpc_delegate_out_cb:{"id":79626290,"method":"_otc.testip","params":{"testret":[]}}
[21:12:43:309][ 2823.670000] [  WARN] Idle Task: bl616_pmtickless: --->>> [10]:On, [H]:3995, [15:mi_otn]
[21:12:47:324][ 2827.685000] [  WARN] Idle Task: bl616_pmtickless: <<<--- [R]:RTC, [R]:4004, [W]:2758, [L]:173
[21:12:47:324][ 2827.694000] [  WARN] mi_otn: [21:12:46.694 ] ot: up session[id=79626290] timeout
[21:12:47:340][ 2827.701000] [  WARN] Idle Task: bl616_pmtickless: --->>> [10]:On, [H]:7962, [1174644928:]
[21:12:55:323][ 2835.683000] [  WARN] Idle Task: bl616_pmtickless: <<<--- [R]:RTC, [R]:7971, [W]:2766, [L]:173
[21:12:55:339][ 2835.701000] [  WARN] Idle Task: bl616_pmtickless: --->>> [10]:On, [H]:1697, [15:mi_otn]
[21:12:56:371][ 2836.727000] [  WARN] Idle Task: bl616_pmtickless: <<<--- [R]:WIFI, [R]:1015, [W]:2767, [L]:173
[21:12:56:376][ 2836.744000] [ DEBUG] ots_task: [21:12:55.744 ] ots: recvd 38Bytes
[21:12:56:376][ 2836.748000] [ DEBUG] ots_task: [21:12:55.748 ] ots: req or ack recvd.
[21:12:56:387][ 2836.754000] [ DEBUG] ots_task: [21:12:55.754 ] ots: {"id":79626290,"result":"ok"}.
[21:12:56:387][ 2836.762000] [ DEBUG] ots_task: [21:12:55.762 ] ots: send_cnt = 4[46], ack_cnt = 5[46,4], costtime = 2418[1211,1223]
[21:12:56:404][ 2836.772000] [ DEBUG] ots_task: [21:12:55.772 ] ots: event emit[id=11,txt=ots.keeplive,ext_len=0]
[21:12:56:404][ 2836.782000] [ DEBUG] mi_otn: [21:12:55.782 ] ots: ots.keeplive[11] happened!
[21:12:56:436][ 2836.788000] [  WARN] mi_otn: [21:12:55.788 ] ot: up session[id=79626290] not found
[21:12:56:436][ 2836.798000] [  WARN] Idle Task: bl616_pmtickless: --->>> [10]:On, [H]:596, [15:mi_otn]
[21:12:57:047][ 2837.414000] [  WARN] Idle Task: bl616_pmtickless: <<<--- [R]:RTC, [R]:605, [W]:2767, [L]:173
[21:12:57:047][ 2837.429000] [ DEBUG] mi_otn: [21:12:56.429 ] miio_ot: st[1775241363], dura[1800]
[21:12:57:079][ 2837.436000] [  WARN] Idle Task: bl616_pmtickless: --->>> [10]:On, [H]:90365, [15:mi_otn]
[21:13:36:296][ 2876.671000] [  WARN] Idle Task: bl616_pmtickless: <<<--- [R]:WIFI, [R]:39224, [W]:2806, [L]:173
[21:13:36:328][ 2876.702000] [  WARN] Idle Task: bl616_pmtickless: --->>> [10]:On, [H]:51099, [15:mi_otn]
[21:14:13:576][ 2913.953000] [  WARN] Idle Task: bl616_pmtickless: <<<--- [R]:WIFI, [R]:37240, [W]:2843, [L]:176
[21:14:13:608][ 2913.982000] [  WARN] Idle Task: bl616_pmtickless: --->>> [10]:On, [H]:13819, [15:mi_otn]
[21:14:27:440][ 2927.821000] [  WARN] Idle Task: bl616_pmtickless: <<<--- [R]:RTC, [R]:13828, [W]:2856, [L]:176
[21:14:27:440][ 2927.834000] [  INFO] mi_otn: [21:14:26.833 ] ots: -->kplv sent.
[21:14:27:463][ 2927.840000] [  WARN] Idle Task: bl616_pmtickless: --->>> [10]:On, [H]:23992, [1174644928:]
[21:14:27:914][ 2928.295000] [  WARN] Idle Task: bl616_pmtickless: <<<--- [R]:WIFI, [R]:444, [W]:2857, [L]:176
[21:14:27:914][ 2928.310000] [ DEBUG] ots_task: [21:14:27.309 ] ots: recvd 8Bytes
[21:14:27:914][ 2928.313000] [  INFO] ots_task: [21:14:27.313 ] ots: <--kplv ack.
[21:14:27:929][ 2928.319000] [ DEBUG] ots_task: [21:14:27.319 ] ots: event emit[id=11,txt=ots.keeplive,ext_len=0]
[21:14:27:929][ 2928.328000] [ DEBUG] ots_task: [21:14:27.328 ] ots: keeplive costtime = 491
[21:14:27:961][ 2928.335000] [ DEBUG] mi_otn: [21:14:27.335 ] ots: ots.keeplive[11] happened!
[21:14:27:961][ 2928.344000] [  WARN] Idle Task: bl616_pmtickless: --->>> [10]:On, [H]:90999, [15:mi_otn]
[21:14:33:034][ 2933.416000] [  WARN] Idle Task: bl616_pmtickless: <<<--- [R]:WIFI, [R]:5061, [W]:2862, [L]:176
[21:14:33:066][ 2933.447000] [  WARN] Idle Task: bl616_pmtickless: --->>> [10]:On, [H]:85896, [15:mi_otn]
[21:15:06:411][ 2966.805000] [  WARN] Idle Task: bl616_pmtickless: <<<--- [R]:WIFI, [R]:33347, [W]:2895, [L]:178
[21:15:06:443][ 2966.836000] [  WARN] Idle Task: bl616_pmtickless: --->>> [10]:On, [H]:52507, [15:mi_otn]
[21:15:08:455][ 2968.855000] [  WARN] Idle Task: bl616_pmtickless: <<<--- [R]:WIFI, [R]:2008, [W]:2897, [L]:178
[21:15:08:487][ 2968.886000] [  WARN] Idle Task: bl616_pmtickless: --->>> [10]:On, [H]:50457, [15:mi_otn]
[21:15:58:954][ 3019.363000] [  WARN] Idle Task: bl616_pmtickless: <<<--- [R]:RTC, [R]:50466, [W]:2947, [L]:181
[21:15:58:954][ 3019.375000] [  INFO] mi_otn: [21:15:58.375 ] ots: -->kplv sent.
[21:15:58:985][ 3019.381000] [  WARN] Idle Task: bl616_pmtickless: --->>> [10]:On, [H]:23993, [1174644928:]
[21:15:59:669][ 3020.066000] [  WARN] Idle Task: bl616_pmtickless: <<<--- [R]:WIFI, [R]:674, [W]:2948, [L]:181
[21:15:59:675][ 3020.083000] [ DEBUG] ots_task: [21:15:59.082 ] ots: recvd 8Bytes
[21:15:59:675][ 3020.086000] [  INFO] ots_task: [21:15:59.086 ] ots: <--kplv ack.
[21:15:59:686][ 3020.092000] [ DEBUG] ots_task: [21:15:59.092 ] ots: event emit[id=11,txt=ots.keeplive,ext_len=0]
[21:15:59:686][ 3020.101000] [ DEBUG] ots_task: [21:15:59.101 ] ots: keeplive costtime = 722
[21:15:59:701][ 3020.108000] [ DEBUG] mi_otn: [21:15:59.108 ] ots: ots.keeplive[11] happened!
[21:15:59:717][ 3020.117000] [  WARN] Idle Task: bl616_pmtickless: --->>> [10]:On, [H]:57501, [19:netMonitorTask]
[21:16:04:785][ 3025.188000] [  WARN] Idle Task: bl616_pmtickless: <<<--- [R]:WIFI, [R]:5059, [W]:2953, [L]:181
[21:16:04:818][ 3025.221000] [  WARN] Idle Task: bl616_pmtickless: --->>> [10]:On, [H]:52398, [19:netMonitorTask]
[21:16:20:968][ 3041.371000] [  WARN] Idle Task: bl616_pmtickless: <<<--- [R]:WIFI, [R]:16139, [W]:2969, [L]:182
[21:16:21:000][ 3041.403000] [  WARN] Idle Task: bl616_pmtickless: --->>> [10]:On, [H]:36215, [19:netMonitorTask]
[21:16:24:033][ 3044.445000] [  WARN] Idle Task: bl616_pmtickless: <<<--- [R]:WIFI, [R]:3030, [W]:2972, [L]:182
[21:16:24:065][ 3044.477000] [  WARN] Idle Task: bl616_pmtickless: --->>> [10]:On, [H]:33141, [19:netMonitorTask]
[21:16:29:156][ 3049.568000] [  WARN] Idle Task: bl616_pmtickless: <<<--- [R]:WIFI, [R]:5079, [W]:2977, [L]:182
[21:16:29:188][ 3049.600000] [  WARN] Idle Task: bl616_pmtickless: --->>> [10]:On, [H]:28018, [19:netMonitorTask]
[21:16:35:304][ 3055.716000] [  WARN] Idle Task: bl616_pmtickless: <<<--- [R]:WIFI, [R]:6105, [W]:2983, [L]:182
[21:16:35:351][ 3055.766000] [  WARN] Idle Task: bl616_pmtickless: --->>> [10]:On, [H]:21852, [19:netMonitorTask]
[21:16:44:314][ 3064.730000] [  WARN] Idle Task: bl616_pmtickless: <<<--- [R]:WIFI, [R]:8952, [W]:2992, [L]:183
[21:16:44:346][ 3064.759000] [  WARN] Idle Task: bl616_pmtickless: --->>> [10]:On, [H]:12859, [19:netMonitorTask]
[21:16:55:574][ 3075.997000] [  WARN] Idle Task: bl616_pmtickless: <<<--- [R]:WIFI, [R]:11226, [W]:3003, [L]:183
[21:16:55:606][ 3076.027000] [  WARN] Idle Task: bl616_pmtickless: --->>> [10]:On, [H]:1591, [19:netMonitorTask]
[21:16:57:202][ 3077.638000] [  WARN] Idle Task: bl616_pmtickless: <<<--- [R]:RTC, [R]:1600, [W]:3004, [L]:183
[21:16:57:217][ 3077.649000] [  INFO] netMonitorTask: [21:16:56.649 ] miio_monitor: work time = 3077s, memory left = 111632
[21:16:57:217][ 3077.656000] [ DEBUG] netMonitorTask: [21:16:56.656 ] miio_net: sta offline 1 times in last 600s
[21:16:57:250][ 3077.667000] [  WARN] Idle Task: bl616_pmtickless: --->>> [10]:On, [H]:33449, [15:mi_otn]
[21:17:15:856][ 3096.279000] [  WARN] Idle Task: bl616_pmtickless: <<<--- [R]:WIFI, [R]:18601, [W]:3023, [L]:184
[21:17:15:873][ 3096.309000] [  WARN] Idle Task: bl616_pmtickless: --->>> [10]:On, [H]:14807, [15:mi_otn]
[21:17:30:696][ 3111.136000] [  WARN] Idle Task: bl616_pmtickless: <<<--- [R]:RTC, [R]:14816, [W]:3037, [L]:184
[21:17:30:696][ 3111.148000] [  INFO] mi_otn: [21:17:30.148 ] ots: -->kplv sent.
[21:17:30:728][ 3111.154000] [  WARN] Idle Task: bl616_pmtickless: --->>> [10]:On, [H]:23993, [1174644928:]
[21:17:53:326][ 3133.766000] [  WARN] Idle Task: bl616_pmtickless: <<<--- [R]:WIFI, [R]:22601, [W]:3060, [L]:186
[21:17:53:359][ 3133.797000] [  WARN] Idle Task: bl616_pmtickless: --->>> [10]:On, [H]:1350, [1174644928:]
[21:17:54:715][ 3135.167000] [  WARN] Idle Task: bl616_pmtickless: <<<--- [R]:RTC, [R]:1359, [W]:3061, [L]:186
[21:17:54:747][ 3135.181000] [  WARN] Idle Task: bl616_pmtickless: --->>> [10]:On, [H]:2978, [15:mi_otn]
[21:17:55:375][ 3135.818000] [  WARN] Idle Task: bl616_pmtickless: <<<--- [R]:WIFI, [R]:626, [W]:3062, [L]:186
[21:17:55:375][ 3135.835000] [ DEBUG] ots_task: [21:17:54.835 ] ots: recvd 8Bytes
[21:17:55:391][ 3135.838000] [  INFO] ots_task: [21:17:54.838 ] ots: <--kplv ack.
[21:17:55:391][ 3135.844000] [ DEBUG] ots_task: [21:17:54.844 ] ots: event emit[id=11,txt=ots.keeplive,ext_len=0]
[21:17:55:407][ 3135.853000] [ DEBUG] ots_task: [21:17:54.853 ] ots: keeplive costtime = 24702
[21:17:55:407][ 3135.861000] [ DEBUG] mi_otn: [21:17:54.861 ] ots: ots.keeplive[11] happened!
[21:17:55:423][ 3135.870000] [  WARN] Idle Task: bl616_pmtickless: --->>> [10]:On, [H]:90998, [15:mi_otn]
[21:18:00:493][ 3140.942000] [  WARN] Idle Task: bl616_pmtickless: <<<--- [R]:WIFI, [R]:5061, [W]:3067, [L]:186
[21:18:00:525][ 3140.976000] [  WARN] Idle Task: bl616_pmtickless: --->>> [10]:On, [H]:85892, [15:mi_otn]
[21:18:38:385][ 3178.835000] [  WARN] Idle Task: bl616_pmtickless: <<<--- [R]:WIFI, [R]:37848, [W]:3104, [L]:186
[21:18:38:418][ 3178.869000] [  WARN] Idle Task: bl616_pmtickless: --->>> [10]:On, [H]:47999, [15:mi_otn]
[21:19:06:643][ 3207.103000] [  WARN] Idle Task: bl616_pmtickless: <<<--- [R]:WIFI, [R]:28223, [W]:3132, [L]:188
[21:19:06:676][ 3207.136000] [  WARN] Idle Task: bl616_pmtickless: --->>> [10]:On, [H]:19732, [15:mi_otn]
[21:19:26:421][ 3226.888000] [  WARN] Idle Task: bl616_pmtickless: <<<--- [R]:RTC, [R]:19741, [W]:3151, [L]:188
[21:19:26:421][ 3226.900000] [  INFO] mi_otn: [21:19:25.900 ] ots: -->kplv sent.
[21:19:26:437][ 3226.906000] [  WARN] Idle Task: bl616_pmtickless: --->>> [10]:On, [H]:23993, [1174644928:]
[21:19:27:127][ 3227.589000] [  WARN] Idle Task: bl616_pmtickless: <<<--- [R]:WIFI, [R]:672, [W]:3152, [L]:188
[21:19:27:127][ 3227.606000] [ DEBUG] ots_task: [21:19:26.606 ] ots: recvd 8Bytes
[21:19:27:143][ 3227.610000] [  INFO] ots_task: [21:19:26.609 ] ots: <--kplv ack.
[21:19:27:143][ 3227.615000] [ DEBUG] ots_task: [21:19:26.615 ] ots: event emit[id=11,txt=ots.keeplive,ext_len=0]
[21:19:27:159][ 3227.625000] [ DEBUG] ots_task: [21:19:26.624 ] ots: keeplive costtime = 721
[21:19:27:159][ 3227.632000] [ DEBUG] mi_otn: [21:19:26.632 ] ots: ots.keeplive[11] happened!
[21:19:27:175][ 3227.641000] [  WARN] Idle Task: bl616_pmtickless: --->>> [10]:On, [H]:90998, [15:mi_otn]
[21:19:32:242][ 3232.712000] [  WARN] Idle Task: bl616_pmtickless: <<<--- [R]:WIFI, [R]:5060, [W]:3157, [L]:188
[21:19:32:290][ 3232.748000] [  WARN] Idle Task: bl616_pmtickless: --->>> [10]:On, [H]:85891, [15:mi_otn]
[21:20:09:108][ 3269.583000] [  WARN] Idle Task: bl616_pmtickless: <<<--- [R]:WIFI, [R]:36823, [W]:3193, [L]:188
[21:20:09:139][ 3269.614000] [  WARN] Idle Task: bl616_pmtickless: --->>> [10]:On, [H]:49025, [15:mi_otn]
[21:20:58:165][ 3318.659000] [  WARN] Idle Task: bl616_pmtickless: <<<--- [R]:RTC, [R]:49034, [W]:3240, [L]:188
[21:20:58:197][ 3318.672000] [  INFO] mi_otn: [21:20:57.672 ] ots: -->kplv sent.
[21:20:58:197][ 3318.678000] [  WARN] Idle Task: bl616_pmtickless: --->>> [10]:On, [H]:14048, [0:]
[21:20:58:261][ 3318.743000] [  WARN] Idle Task: bl616_pmtickless: <<<--- [R]:WIFI, [R]:55, [W]:3241, [L]:188
[21:20:58:261][ 3318.759000] [ DEBUG] ots_task: [21:20:57.759 ] ots: recvd 8Bytes
[21:20:58:277][ 3318.762000] [  INFO] ots_task: [21:20:57.762 ] ots: <--kplv ack.
[21:20:58:277][ 3318.768000] [ DEBUG] ots_task: [21:20:57.768 ] ots: event emit[id=11,txt=ots.keeplive,ext_len=0]
[21:20:58:293][ 3318.777000] [ DEBUG] ots_task: [21:20:57.777 ] ots: keeplive costtime = 102
[21:20:58:293][ 3318.785000] [ DEBUG] mi_otn: [21:20:57.784 ] ots: ots.keeplive[11] happened!
[21:20:58:309][ 3318.794000] [  WARN] Idle Task: bl616_pmtickless: --->>> [10]:On, [H]:58872, [19:netMonitorTask]
[21:21:03:393][ 3323.865000] [  WARN] Idle Task: bl616_pmtickless: <<<--- [R]:WIFI, [R]:5060, [W]:3246, [L]:188
[21:21:03:423][ 3323.903000] [  WARN] Idle Task: bl616_pmtickless: --->>> [10]:On, [H]:53763, [19:netMonitorTask]
[21:21:15:676][ 3336.158000] [  WARN] Idle Task: bl616_pmtickless: <<<--- [R]:WIFI, [R]:12243, [W]:3258, [L]:188
[21:21:15:705][ 3336.188000] [  WARN] Idle Task: bl616_pmtickless: --->>> [10]:On, [H]:41478, [19:netMonitorTask]
[21:21:57:190][ 3377.687000] [  WARN] Idle Task: bl616_pmtickless: <<<--- [R]:RTC, [R]:41487, [W]:3298, [L]:188
[21:21:57:190][ 3377.698000] [  INFO] netMonitorTask: [21:21:56.698 ] miio_monitor: work time = 3377s, memory left = 111632
[21:21:57:205][ 3377.705000] [ DEBUG] netMonitorTask: [21:21:56.705 ] miio_net: sta offline 1 times in last 600s
[21:21:57:222][ 3377.716000] [  WARN] Idle Task: bl616_pmtickless: --->>> [10]:On, [H]:32076, [15:mi_otn]
[21:22:09:736][ 3390.234000] [  WARN] Idle Task: bl616_pmtickless: <<<--- [R]:WIFI, [R]:12507, [W]:3311, [L]:189
[21:22:09:766][ 3390.262000] [  WARN] Idle Task: bl616_pmtickless: --->>> [10]:On, [H]:19530, [15:mi_otn]
[21:22:29:305][ 3409.812000] [  WARN] Idle Task: bl616_pmtickless: <<<--- [R]:RTC, [R]:19539, [W]:3330, [L]:189
[21:22:29:317][ 3409.824000] [  INFO] mi_otn: [21:22:28.824 ] ots: -->kplv sent.
[21:22:29:336][ 3409.830000] [  WARN] Idle Task: bl616_pmtickless: --->>> [10]:On, [H]:23993, [1174644928:]
[21:22:30:215][ 3410.720000] [  WARN] Idle Task: bl616_pmtickless: <<<--- [R]:WIFI, [R]:879, [W]:3331, [L]:189
[21:22:30:231][ 3410.738000] [ DEBUG] ots_task: [21:22:29.738 ] ots: recvd 8Bytes
[21:22:30:231][ 3410.741000] [  INFO] ots_task: [21:22:29.741 ] ots: <--kplv ack.
[21:22:30:231][ 3410.747000] [ DEBUG] ots_task: [21:22:29.747 ] ots: event emit[id=11,txt=ots.keeplive,ext_len=0]
[21:22:30:247][ 3410.756000] [ DEBUG] ots_task: [21:22:29.756 ] ots: keeplive costtime = 928
[21:22:30:247][ 3410.764000] [ DEBUG] mi_otn: [21:22:29.764 ] ots: ots.keeplive[11] happened!
[21:22:30:279][ 3410.773000] [  WARN] Idle Task: bl616_pmtickless: --->>> [10]:On, [H]:26662, [15:mi_otn]
[21:22:35:338][ 3415.845000] [  WARN] Idle Task: bl616_pmtickless: <<<--- [R]:WIFI, [R]:5061, [W]:3336, [L]:189
[21:22:35:370][ 3415.876000] [  WARN] Idle Task: bl616_pmtickless: --->>> [10]:On, [H]:21559, [15:mi_otn]
[21:22:56:951][ 3437.456000] [  WARN] Idle Task: bl616_pmtickless: <<<--- [R]:RTC, [R]:21568, [W]:3357, [L]:189
[21:22:56:951][ 3437.471000] [ DEBUG] mi_otn: [21:22:56.471 ] miio_ot: st[1775241363], dura[1800]
[21:22:56:967][ 3437.478000] [  WARN] Idle Task: bl616_pmtickless: --->>> [10]:On, [H]:64305, [15:mi_otn]
[21:23:10:162][ 3450.668000] [  WARN] Idle Task: bl616_pmtickless: <<<--- [R]:WIFI, [R]:13179, [W]:3370, [L]:189
[21:23:10:193][ 3450.701000] [  WARN] Idle Task: bl616_pmtickless: --->>> [10]:On, [H]:51082, [15:mi_otn]
[21:23:14:259][ 3454.768000] [  WARN] Idle Task: bl616_pmtickless: <<<--- [R]:WIFI, [R]:4056, [W]:3374, [L]:189
[21:23:14:290][ 3454.796000] [  WARN] Idle Task: bl616_pmtickless: --->>> [10]:On, [H]:46987, [15:mi_otn]
[21:24:01:271][ 3501.803000] [  WARN] Idle Task: bl616_pmtickless: <<<--- [R]:RTC, [R]:46996, [W]:3420, [L]:190
[21:24:01:271][ 3501.816000] [  INFO] mi_otn: [21:24:00.816 ] ots: -->kplv sent.
[21:24:01:303][ 3501.822000] [  WARN] Idle Task: bl616_pmtickless: --->>> [10]:On, [H]:23993, [1174644928:]
[21:24:02:169][ 3502.700000] [  WARN] Idle Task: bl616_pmtickless: <<<--- [R]:WIFI, [R]:867, [W]:3421, [L]:190
[21:24:02:185][ 3502.716000] [ DEBUG] ots_task: [21:24:01.716 ] ots: recvd 8Bytes
[21:24:02:188][ 3502.720000] [  INFO] ots_task: [21:24:01.720 ] ots: <--kplv ack.
[21:24:02:201][ 3502.726000] [ DEBUG] ots_task: [21:24:01.726 ] ots: event emit[id=11,txt=ots.keeplive,ext_len=0]
[21:24:02:206][ 3502.735000] [ DEBUG] ots_task: [21:24:01.735 ] ots: keeplive costtime = 916
[21:24:02:206][ 3502.742000] [ DEBUG] mi_otn: [21:24:01.742 ] ots: ots.keeplive[11] happened!
[21:24:02:233][ 3502.751000] [  WARN] Idle Task: bl616_pmtickless: --->>> [10]:On, [H]:90999, [15:mi_otn]
[21:24:07:298][ 3507.823000] [  WARN] Idle Task: bl616_pmtickless: <<<--- [R]:WIFI, [R]:5061, [W]:3426, [L]:190
[21:24:07:331][ 3507.854000] [  WARN] Idle Task: bl616_pmtickless: --->>> [10]:On, [H]:85896, [15:mi_otn]
[21:24:40:062][ 3540.597000] [  WARN] Idle Task: bl616_pmtickless: <<<--- [R]:WIFI, [R]:32732, [W]:3458, [L]:190
[21:24:40:095][ 3540.629000] [  WARN] Idle Task: bl616_pmtickless: --->>> [10]:On, [H]:53121, [15:mi_otn]
[21:25:26:762][ 3587.300000] [  WARN] Idle Task: bl616_pmtickless: <<<--- [R]:WIFI, [R]:46660, [W]:3504, [L]:192
[21:25:26:794][ 3587.335000] [  WARN] Idle Task: bl616_pmtickless: --->>> [10]:On, [H]:6415, [15:mi_otn]
[21:25:33:219][ 3593.770000] [  WARN] Idle Task: bl616_pmtickless: <<<--- [R]:RTC, [R]:6424, [W]:3510, [L]:192
[21:25:33:219][ 3593.782000] [  INFO] mi_otn: [21:25:32.782 ] ots: -->kplv sent.
[21:25:33:235][ 3593.788000] [  WARN] Idle Task: bl616_pmtickless: --->>> [10]:On, [H]:6778, [7:WPA]
[21:25:33:925][ 3594.473000] [  WARN] Idle Task: bl616_pmtickless: <<<--- [R]:WIFI, [R]:675, [W]:3511, [L]:192
[21:25:33:925][ 3594.492000] [ DEBUG] ots_task: [21:25:33.492 ] ots: recvd 8Bytes
[21:25:33:941][ 3594.495000] [  INFO] ots_task: [21:25:33.495 ] ots: <--kplv ack.
[21:25:33:941][ 3594.501000] [ DEBUG] ots_task: [21:25:33.501 ] ots: event emit[id=11,txt=ots.keeplive,ext_len=0]
[21:25:33:957][ 3594.510000] [ DEBUG] ots_task: [21:25:33.510 ] ots: keeplive costtime = 725
[21:25:33:957][ 3594.517000] [ DEBUG] mi_otn: [21:25:33.517 ] ots: ots.keeplive[11] happened!
[21:25:33:990][ 3594.527000] [  WARN] Idle Task: bl616_pmtickless: --->>> [10]:On, [H]:6040, [7:WPA]
[21:25:39:052][ 3599.597000] [  WARN] Idle Task: bl616_pmtickless: <<<--- [R]:WIFI, [R]:5060, [W]:3516, [L]:192
[21:25:39:085][ 3599.633000] [  WARN] Idle Task: bl616_pmtickless: --->>> [10]:On, [H]:933, [7:WPA]
[21:25:40:019][ 3600.586000] [  WARN] Idle Task: bl616_pmtickless: <<<--- [R]:RTC, [R]:942, [W]:3516, [L]:192
[21:25:40:051][ 3600.597000] [  WARN] Idle Task: bl616_pmtickless: --->>> [10]:On, [H]:11178, [20:mi_mcmd]
[21:25:51:249][ 3611.795000] [  WARN] Idle Task: bl616_pmtickless: <<<--- [R]:RTC, [R]:11187, [W]:3527, [L]:192
[21:25:51:249][ 3611.809000] [  WARN] Idle Task: bl616_pmtickless: --->>> [10]:On, [H]:65906, [19:netMonitorTask]
[21:26:10:900][ 3631.451000] [  WARN] Idle Task: bl616_pmtickless: <<<--- [R]:WIFI, [R]:19631, [W]:3547, [L]:192
[21:26:10:932][ 3631.486000] [  WARN] Idle Task: bl616_pmtickless: --->>> [10]:On, [H]:46229, [19:netMonitorTask]
[21:26:57:153][ 3677.735000] [  WARN] Idle Task: bl616_pmtickless: <<<--- [R]:RTC, [R]:46238, [W]:3592, [L]:193
[21:26:57:170][ 3677.746000] [  INFO] netMonitorTask: [21:26:56.746 ] miio_monitor: work time = 3677s, memory left = 111632
[21:26:57:185][ 3677.754000] [ DEBUG] netMonitorTask: [21:26:56.754 ] miio_net: sta offline 0 times in last 600s
[21:26:57:202][ 3677.765000] [  WARN] Idle Task: bl616_pmtickless: --->>> [10]:On, [H]:7760, [15:mi_otn]
[21:27:04:973][ 3685.545000] [  WARN] Idle Task: bl616_pmtickless: <<<--- [R]:RTC, [R]:7769, [W]:3600, [L]:193
[21:27:04:973][ 3685.557000] [  INFO] mi_otn: [21:27:04.557 ] ots: -->kplv sent.
[21:27:04:989][ 3685.563000] [  WARN] Idle Task: bl616_pmtickless: --->>> [10]:On, [H]:14049, [0:]
[21:27:05:982][ 3686.556000] [  WARN] Idle Task: bl616_pmtickless: <<<--- [R]:WIFI, [R]:982, [W]:3601, [L]:193
[21:27:05:982][ 3686.573000] [ DEBUG] ots_task: [21:27:05.573 ] ots: recvd 8Bytes
[21:27:05:998][ 3686.576000] [  INFO] ots_task: [21:27:05.576 ] ots: <--kplv ack.
[21:27:05:998][ 3686.582000] [ DEBUG] ots_task: [21:27:05.582 ] ots: event emit[id=11,txt=ots.keeplive,ext_len=0]
[21:27:06:014][ 3686.591000] [ DEBUG] ots_task: [21:27:05.591 ] ots: keeplive costtime = 1030
[21:27:06:014][ 3686.598000] [ DEBUG] mi_otn: [21:27:05.598 ] ots: ots.keeplive[11] happened!
[21:27:06:030][ 3686.608000] [  WARN] Idle Task: bl616_pmtickless: --->>> [10]:On, [H]:90999, [15:mi_otn]
[21:27:10:087][ 3690.654000] [  WARN] Idle Task: bl616_pmtickless: <<<--- [R]:WIFI, [R]:4036, [W]:3605, [L]:193
[21:27:10:119][ 3690.694000] [  WARN] Idle Task: bl616_pmtickless: --->>> [10]:On, [H]:86913, [15:mi_otn]
[21:27:29:544][ 3710.116000] [  WARN] Idle Task: bl616_pmtickless: <<<--- [R]:WIFI, [R]:19411, [W]:3624, [L]:193
[21:27:29:576][ 3710.151000] [  WARN] Idle Task: bl616_pmtickless: --->>> [10]:On, [H]:67455, [15:mi_otn]
[21:28:11:120][ 3751.697000] [  WARN] Idle Task: bl616_pmtickless: <<<--- [R]:WIFI, [R]:41535, [W]:3665, [L]:195
[21:28:11:152][ 3751.729000] [  WARN] Idle Task: bl616_pmtickless: --->>> [10]:On, [H]:25877, [15:mi_otn]
[21:28:37:025][ 3777.626000] [  WARN] Idle Task: bl616_pmtickless: <<<--- [R]:RTC, [R]:25886, [W]:3690, [L]:195
[21:28:37:040][ 3777.639000] [  INFO] mi_otn: [21:28:36.639 ] ots: -->kplv sent.
[21:28:37:056][ 3777.645000] [  WARN] Idle Task: bl616_pmtickless: --->>> [10]:On, [H]:23993, [1174644928:]
[21:28:37:734][ 3778.328000] [  WARN] Idle Task: bl616_pmtickless: <<<--- [R]:WIFI, [R]:672, [W]:3691, [L]:195
[21:28:37:734][ 3778.345000] [ DEBUG] ots_task: [21:28:37.345 ] ots: recvd 8Bytes
[21:28:37:750][ 3778.349000] [  INFO] ots_task: [21:28:37.349 ] ots: <--kplv ack.
[21:28:37:750][ 3778.355000] [ DEBUG] ots_task: [21:28:37.355 ] ots: event emit[id=11,txt=ots.keeplive,ext_len=0]
[21:28:37:766][ 3778.364000] [ DEBUG] ots_task: [21:28:37.364 ] ots: keeplive costtime = 722
[21:28:37:766][ 3778.371000] [ DEBUG] mi_otn: [21:28:37.371 ] ots: ots.keeplive[11] happened!
[21:28:37:782][ 3778.380000] [  WARN] Idle Task: bl616_pmtickless: --->>> [10]:On, [H]:90998, [15:mi_otn]
[21:28:42:853][ 3783.451000] [  WARN] Idle Task: bl616_pmtickless: <<<--- [R]:WIFI, [R]:5060, [W]:3696, [L]:195
[21:28:42:901][ 3783.491000] [  WARN] Idle Task: bl616_pmtickless: --->>> [10]:On, [H]:85887, [15:mi_otn]
[21:29:37:744][ 3838.348000] [  WARN] Idle Task: bl616_pmtickless: <<<--- [R]:WIFI, [R]:54846, [W]:3750, [L]:197
[21:29:37:776][ 3838.386000] [  WARN] Idle Task: bl616_pmtickless: --->>> [10]:On, [H]:30992, [15:mi_otn]
[21:30:08:786][ 3869.398000] [  WARN] Idle Task: bl616_pmtickless: <<<--- [R]:RTC, [R]:31001, [W]:3780, [L]:199
[21:30:08:786][ 3869.410000] [  INFO] mi_otn: [21:30:08.410 ] ots: -->kplv sent.
[21:30:08:802][ 3869.416000] [  WARN] Idle Task: bl616_pmtickless: --->>> [10]:On, [H]:23993, [1174644928:]
[21:30:09:495][ 3870.102000] [  WARN] Idle Task: bl616_pmtickless: <<<--- [R]:WIFI, [R]:675, [W]:3782, [L]:200
[21:30:09:500][ 3870.122000] [ DEBUG] ots_task: [21:30:09.122 ] ots: recvd 8Bytes
[21:30:09:511][ 3870.126000] [  INFO] ots_task: [21:30:09.126 ] ots: <--kplv ack.
[21:30:09:511][ 3870.132000] [ DEBUG] ots_task: [21:30:09.132 ] ots: event emit[id=11,txt=ots.keeplive,ext_len=0]
[21:30:09:511][ 3870.141000] [ DEBUG] ots_task: [21:30:09.141 ] ots: keeplive costtime = 728
[21:30:09:543][ 3870.148000] [ DEBUG] mi_otn: [21:30:09.148 ] ots: ots.keeplive[11] happened!
[21:30:09:543][ 3870.157000] [  WARN] Idle Task: bl616_pmtickless: --->>> [10]:On, [H]:90998, [15:mi_otn]
[21:30:14:608][ 3875.222000] [  WARN] Idle Task: bl616_pmtickless: <<<--- [R]:WIFI, [R]:5054, [W]:3787, [L]:200
[21:30:14:640][ 3875.255000] [  WARN] Idle Task: bl616_pmtickless: --->>> [10]:On, [H]:85900, [15:mi_otn]
[21:30:15:635][ 3876.248000] [  WARN] Idle Task: bl616_pmtickless: <<<--- [R]:WIFI, [R]:982, [W]:3788, [L]:200
[21:30:15:667][ 3876.283000] [  WARN] Idle Task: bl616_pmtickless: --->>> [10]:On, [H]:84872, [15:mi_otn]
[21:30:28:945][ 3889.563000] [  WARN] Idle Task: bl616_pmtickless: <<<--- [R]:WIFI, [R]:13269, [W]:3801, [L]:200
[21:30:28:977][ 3889.599000] [  WARN] Idle Task: bl616_pmtickless: --->>> [10]:On, [H]:71556, [15:mi_otn]
[21:31:12:363][ 3932.988000] [  WARN] Idle Task: bl616_pmtickless: <<<--- [R]:WIFI, [R]:43378, [W]:3844, [L]:203
[21:31:12:394][ 3933.022000] [  WARN] Idle Task: bl616_pmtickless: --->>> [10]:On, [H]:28133, [15:mi_otn]
[21:31:40:528][ 3961.175000] [  WARN] Idle Task: bl616_pmtickless: <<<--- [R]:RTC, [R]:28142, [W]:3871, [L]:204
[21:31:40:543][ 3961.188000] [  INFO] mi_otn: [21:31:40.188 ] ots: -->kplv sent.
[21:31:40:559][ 3961.194000] [  WARN] Idle Task: bl616_pmtickless: --->>> [10]:On, [H]:16569, [19:netMonitorTask]
[21:31:40:623][ 3961.258000] [  WARN] Idle Task: bl616_pmtickless: <<<--- [R]:WIFI, [R]:53, [W]:3872, [L]:204
[21:31:40:623][ 3961.273000] [ DEBUG] ots_task: [21:31:40.273 ] ots: recvd 8Bytes
[21:31:40:639][ 3961.277000] [  INFO] ots_task: [21:31:40.277 ] ots: <--kplv ack.
[21:31:40:639][ 3961.283000] [ DEBUG] ots_task: [21:31:40.283 ] ots: event emit[id=11,txt=ots.keeplive,ext_len=0]
[21:31:40:656][ 3961.292000] [ DEBUG] ots_task: [21:31:40.292 ] ots: keeplive costtime = 101
[21:31:40:660][ 3961.299000] [ DEBUG] mi_otn: [21:31:40.299 ] ots: ots.keeplive[11] happened!
[21:31:40:672][ 3961.309000] [  WARN] Idle Task: bl616_pmtickless: --->>> [10]:On, [H]:16454, [19:netMonitorTask]
[21:31:41:653][ 3962.283000] [  WARN] Idle Task: bl616_pmtickless: <<<--- [R]:WIFI, [R]:963, [W]:3873, [L]:204
[21:31:41:686][ 3962.318000] [  WARN] Idle Task: bl616_pmtickless: --->>> [10]:On, [H]:15445, [19:netMonitorTask]
[21:31:43:696][ 3964.334000] [  WARN] Idle Task: bl616_pmtickless: <<<--- [R]:WIFI, [R]:2004, [W]:3875, [L]:204
[21:31:43:727][ 3964.366000] [  WARN] Idle Task: bl616_pmtickless: --->>> [10]:On, [H]:13397, [19:netMonitorTask]
[21:31:45:744][ 3966.383000] [  WARN] Idle Task: bl616_pmtickless: <<<--- [R]:WIFI, [R]:2005, [W]:3877, [L]:204
[21:31:45:776][ 3966.416000] [  WARN] Idle Task: bl616_pmtickless: --->>> [10]:On, [H]:11347, [19:netMonitorTask]
[21:31:48:816][ 3969.458000] [  WARN] Idle Task: bl616_pmtickless: <<<--- [R]:WIFI, [R]:3030, [W]:3880, [L]:204
[21:31:48:848][ 3969.490000] [  WARN] Idle Task: bl616_pmtickless: --->>> [10]:On, [H]:8273, [19:netMonitorTask]
[21:31:54:955][ 3975.605000] [  WARN] Idle Task: bl616_pmtickless: <<<--- [R]:WIFI, [R]:6103, [W]:3886, [L]:204
[21:31:54:988][ 3975.637000] [  WARN] Idle Task: bl616_pmtickless: --->>> [10]:On, [H]:2126, [19:netMonitorTask]
[21:31:57:133][ 3977.784000] [  WARN] Idle Task: bl616_pmtickless: <<<--- [R]:RTC, [R]:2135, [W]:3888, [L]:204
[21:31:57:133][ 3977.795000] [  INFO] netMonitorTask: [21:31:56.795 ] miio_monitor: work time = 3977s, memory left = 111632
[21:31:57:165][ 3977.802000] [ DEBUG] netMonitorTask: [21:31:56.802 ] miio_net: sta offline 0 times in last 600s
[21:31:57:165][ 3977.813000] [  WARN] Idle Task: bl616_pmtickless: --->>> [10]:On, [H]:59664, [15:mi_otn]
[21:32:03:153][ 3983.800000] [  WARN] Idle Task: bl616_pmtickless: <<<--- [R]:WIFI, [R]:5976, [W]:3894, [L]:204
[21:32:03:184][ 3983.833000] [  WARN] Idle Task: bl616_pmtickless: --->>> [10]:On, [H]:53645, [15:mi_otn]
[21:32:15:447][ 3996.093000] [  WARN] Idle Task: bl616_pmtickless: <<<--- [R]:WIFI, [R]:12249, [W]:3906, [L]:204
[21:32:15:479][ 3996.124000] [  WARN] Idle Task: bl616_pmtickless: --->>> [10]:On, [H]:41353, [15:mi_otn]
[21:32:35:927][ 4016.577000] [  WARN] Idle Task: bl616_pmtickless: <<<--- [R]:WIFI, [R]:20442, [W]:3926, [L]:204
[21:32:35:942][ 4016.606000] [  WARN] Idle Task: bl616_pmtickless: --->>> [10]:On, [H]:20871, [15:mi_otn]
[21:32:56:840][ 4037.497000] [  WARN] Idle Task: bl616_pmtickless: <<<--- [R]:RTC, [R]:20880, [W]:3946, [L]:204
[21:32:56:840][ 4037.513000] [ DEBUG] mi_otn: [21:32:56.513 ] miio_ot: st[1775241363], dura[1800]
[21:32:56:856][ 4037.520000] [  WARN] Idle Task: bl616_pmtickless: --->>> [10]:On, [H]:14799, [15:mi_otn]
[21:33:11:660][ 4052.339000] [  WARN] Idle Task: bl616_pmtickless: <<<--- [R]:RTC, [R]:14808, [W]:3960, [L]:204
[21:33:11:693][ 4052.352000] [  INFO] mi_otn: [21:33:11.351 ] ots: -->kplv sent.
[21:33:11:693][ 4052.357000] [  WARN] Idle Task: bl616_pmtickless: --->>> [10]:On, [H]:23994, [1174644928:]
[21:33:11:757][ 4052.428000] [  WARN] Idle Task: bl616_pmtickless: <<<--- [R]:WIFI, [R]:59, [W]:3961, [L]:204
[21:33:11:773][ 4052.445000] [ DEBUG] ots_task: [21:33:11.444 ] ots: recvd 8Bytes
[21:33:11:773][ 4052.448000] [  INFO] ots_task: [21:33:11.448 ] ots: <--kplv ack.
[21:33:11:773][ 4052.454000] [ DEBUG] ots_task: [21:33:11.454 ] ots: event emit[id=11,txt=ots.keeplive,ext_len=0]
[21:33:11:789][ 4052.463000] [ DEBUG] ots_task: [21:33:11.463 ] ots: keeplive costtime = 108
[21:33:11:789][ 4052.470000] [ DEBUG] mi_otn: [21:33:11.470 ] ots: ots.keeplive[11] happened!
[21:33:11:821][ 4052.479000] [  WARN] Idle Task: bl616_pmtickless: --->>> [10]:On, [H]:90999, [15:mi_otn]
[21:33:14:841][ 4055.501000] [  WARN] Idle Task: bl616_pmtickless: <<<--- [R]:WIFI, [R]:3011, [W]:3964, [L]:204
[21:33:14:872][ 4055.540000] [  WARN] Idle Task: bl616_pmtickless: --->>> [10]:On, [H]:87938, [15:mi_otn]
[21:33:16:882][ 4057.552000] [  WARN] Idle Task: bl616_pmtickless: <<<--- [R]:WIFI, [R]:2001, [W]:3966, [L]:204
[21:33:16:914][ 4057.590000] [  WARN] Idle Task: bl616_pmtickless: --->>> [10]:On, [H]:85888, [15:mi_otn]
[21:34:13:197][ 4113.882000] [  WARN] Idle Task: bl616_pmtickless: <<<--- [R]:WIFI, [R]:56281, [W]:4021, [L]:204
[21:34:13:245][ 4113.917000] [  WARN] Idle Task: bl616_pmtickless: --->>> [10]:On, [H]:29561, [15:mi_otn]
[21:34:32:662][ 4133.343000] [  WARN] Idle Task: bl616_pmtickless: <<<--- [R]:WIFI, [R]:19414, [W]:4040, [L]:204
[21:34:32:695][ 4133.378000] [  WARN] Idle Task: bl616_pmtickless: --->>> [10]:On, [H]:10100, [15:mi_otn]
[21:34:42:812][ 4143.498000] [  WARN] Idle Task: bl616_pmtickless: <<<--- [R]:RTC, [R]:10109, [W]:4049, [L]:204
[21:34:42:828][ 4143.511000] [  INFO] mi_otn: [21:34:42.511 ] ots: -->kplv sent.
[21:34:42:828][ 4143.517000] [  WARN] Idle Task: bl616_pmtickless: --->>> [10]:On, [H]:23993, [1174644928:]
[21:34:42:892][ 4143.590000] [  WARN] Idle Task: bl616_pmtickless: <<<--- [R]:WIFI, [R]:62, [W]:4050, [L]:204
[21:34:42:908][ 4143.604000] [ DEBUG] ots_task: [21:34:42.604 ] ots: recvd 8Bytes
[21:34:42:908][ 4143.608000] [  INFO] ots_task: [21:34:42.607 ] ots: <--kplv ack.
[21:34:42:908][ 4143.613000] [ DEBUG] ots_task: [21:34:42.613 ] ots: event emit[id=11,txt=ots.keeplive,ext_len=0]
[21:34:42:925][ 4143.622000] [ DEBUG] ots_task: [21:34:42.622 ] ots: keeplive costtime = 108
[21:34:42:925][ 4143.630000] [ DEBUG] mi_otn: [21:34:42.630 ] ots: ots.keeplive[11] happened!
[21:34:42:957][ 4143.639000] [  WARN] Idle Task: bl616_pmtickless: --->>> [10]:On, [H]:90998, [15:mi_otn]
[21:34:48:018][ 4148.711000] [  WARN] Idle Task: bl616_pmtickless: <<<--- [R]:WIFI, [R]:5061, [W]:4055, [L]:204
[21:34:48:050][ 4148.742000] [  WARN] Idle Task: bl616_pmtickless: --->>> [10]:On, [H]:85895, [15:mi_otn]
[21:35:43:110][ 4203.813000] [  WARN] Idle Task: bl616_pmtickless: <<<--- [R]:WIFI, [R]:55060, [W]:4109, [L]:205
[21:35:43:142][ 4203.841000] [  WARN] Idle Task: bl616_pmtickless: --->>> [10]:On, [H]:30796, [15:mi_otn]
[21:36:13:949][ 4234.657000] [  WARN] Idle Task: bl616_pmtickless: <<<--- [R]:RTC, [R]:30805, [W]:4139, [L]:207
[21:36:13:965][ 4234.670000] [  INFO] mi_otn: [21:36:13.670 ] ots: -->kplv sent.
[21:36:13:965][ 4234.676000] [  WARN] Idle Task: bl616_pmtickless: --->>> [10]:On, [H]:14048, [0:]
[21:36:14:443][ 4235.157000] [  WARN] Idle Task: bl616_pmtickless: <<<--- [R]:WIFI, [R]:471, [W]:4140, [L]:207
[21:36:14:443][ 4235.172000] [ DEBUG] ots_task: [21:36:14.171 ] ots: recvd 8Bytes
[21:36:14:458][ 4235.175000] [  INFO] ots_task: [21:36:14.175 ] ots: <--kplv ack.
[21:36:14:458][ 4235.181000] [ DEBUG] ots_task: [21:36:14.181 ] ots: event emit[id=11,txt=ots.keeplive,ext_len=0]
[21:36:14:474][ 4235.190000] [ DEBUG] ots_task: [21:36:14.190 ] ots: keeplive costtime = 517
[21:36:14:474][ 4235.197000] [ DEBUG] mi_otn: [21:36:14.197 ] ots: ots.keeplive[11] happened!
[21:36:14:506][ 4235.206000] [  WARN] Idle Task: bl616_pmtickless: --->>> [10]:On, [H]:42606, [19:netMonitorTask]
[21:36:15:463][ 4236.179000] [  WARN] Idle Task: bl616_pmtickless: <<<--- [R]:WIFI, [R]:961, [W]:4141, [L]:207
[21:36:15:512][ 4236.215000] [  WARN] Idle Task: bl616_pmtickless: --->>> [10]:On, [H]:41598, [19:netMonitorTask]
[21:36:19:563][ 4240.277000] [  WARN] Idle Task: bl616_pmtickless: <<<--- [R]:WIFI, [R]:4051, [W]:4145, [L]:207
[21:36:19:596][ 4240.314000] [  WARN] Idle Task: bl616_pmtickless: --->>> [10]:On, [H]:37498, [19:netMonitorTask]
[21:36:27:759][ 4248.472000] [  WARN] Idle Task: bl616_pmtickless: <<<--- [R]:WIFI, [R]:8147, [W]:4153, [L]:207
[21:36:27:808][ 4248.514000] [  WARN] Idle Task: bl616_pmtickless: --->>> [10]:On, [H]:29298, [19:netMonitorTask]
[21:36:57:099][ 4277.833000] [  WARN] Idle Task: bl616_pmtickless: <<<--- [R]:RTC, [R]:29307, [W]:4181, [L]:208
[21:36:57:115][ 4277.844000] [  INFO] netMonitorTask: [21:36:56.844 ] miio_monitor: work time = 4277s, memory left = 111632
[21:36:57:115][ 4277.851000] [ DEBUG] netMonitorTask: [21:36:56.851 ] miio_net: sta offline 0 times in last 600s
[21:36:57:147][ 4277.862000] [  WARN] Idle Task: bl616_pmtickless: --->>> [10]:On, [H]:48343, [15:mi_otn]
[21:37:13:639][ 4294.357000] [  WARN] Idle Task: bl616_pmtickless: <<<--- [R]:WIFI, [R]:16484, [W]:4198, [L]:208
[21:37:13:671][ 4294.396000] [  WARN] Idle Task: bl616_pmtickless: --->>> [10]:On, [H]:31809, [15:mi_otn]
[21:37:45:487][ 4326.225000] [  WARN] Idle Task: bl616_pmtickless: <<<--- [R]:RTC, [R]:31818, [W]:4229, [L]:209
[21:37:45:487][ 4326.237000] [  INFO] mi_otn: [21:37:45.237 ] ots: -->kplv sent.
[21:37:45:519][ 4326.243000] [  WARN] Idle Task: bl616_pmtickless: --->>> [10]:On, [H]:22243, [0:]
[21:37:46:200][ 4326.929000] [  WARN] Idle Task: bl616_pmtickless: <<<--- [R]:WIFI, [R]:675, [W]:4230, [L]:209
[21:37:46:207][ 4326.945000] [ DEBUG] ots_task: [21:37:45.945 ] ots: recvd 8Bytes
[21:37:46:214][ 4326.949000] [  INFO] ots_task: [21:37:45.949 ] ots: <--kplv ack.
[21:37:46:214][ 4326.955000] [ DEBUG] ots_task: [21:37:45.955 ] ots: event emit[id=11,txt=ots.keeplive,ext_len=0]
[21:37:46:229][ 4326.964000] [ DEBUG] ots_task: [21:37:45.964 ] ots: keeplive costtime = 723
[21:37:46:245][ 4326.971000] [ DEBUG] mi_otn: [21:37:45.971 ] ots: ots.keeplive[11] happened!
[21:37:46:245][ 4326.980000] [  WARN] Idle Task: bl616_pmtickless: --->>> [10]:On, [H]:90999, [15:mi_otn]
[21:37:52:139][ 4332.871000] [  WARN] Idle Task: bl616_pmtickless: <<<--- [R]:WIFI, [R]:5880, [W]:4236, [L]:210
[21:37:52:171][ 4332.907000] [  WARN] Idle Task: bl616_pmtickless: --->>> [10]:On, [H]:85072, [15:mi_otn]
[21:38:33:922][ 4374.657000] [  WARN] Idle Task: bl616_pmtickless: <<<--- [R]:WIFI, [R]:41739, [W]:4277, [L]:211
[21:38:33:954][ 4374.693000] [  WARN] Idle Task: bl616_pmtickless: --->>> [10]:On, [H]:43286, [15:mi_otn]
[21:39:15:287][ 4416.034000] [  WARN] Idle Task: bl616_pmtickless: <<<--- [R]:WIFI, [R]:41330, [W]:4318, [L]:214
[21:39:15:319][ 4416.071000] [  WARN] Idle Task: bl616_pmtickless: --->>> [10]:On, [H]:1908, [15:mi_otn]
[21:39:17:235][ 4417.999000] [  WARN] Idle Task: bl616_pmtickless: <<<--- [R]:RTC, [R]:1917, [W]:4319, [L]:214
[21:39:17:251][ 4418.011000] [  INFO] mi_otn: [21:39:17.010 ] ots: -->kplv sent.
[21:39:17:267][ 4418.016000] [  WARN] Idle Task: bl616_pmtickless: --->>> [10]:On, [H]:23994, [1174644928:]
[21:39:41:276][ 4442.031000] [  WARN] Idle Task: bl616_pmtickless: <<<--- [R]:RTC, [R]:24003, [W]:4343, [L]:217
[21:39:41:292][ 4442.046000] [  WARN] Idle Task: bl616_pmtickless: --->>> [10]:On, [H]:2976, [15:mi_otn]
[21:39:42:423][ 4443.180000] [  WARN] Idle Task: bl616_pmtickless: <<<--- [R]:WIFI, [R]:1123, [W]:4345, [L]:217
[21:39:42:423][ 4443.200000] [ DEBUG] ots_task: [21:39:42.200 ] ots: recvd 8Bytes
[21:39:42:439][ 4443.203000] [  INFO] ots_task: [21:39:42.203 ] ots: <--kplv ack.
[21:39:42:439][ 4443.209000] [ DEBUG] ots_task: [21:39:42.209 ] ots: event emit[id=11,txt=ots.keeplive,ext_len=0]
[21:39:42:457][ 4443.218000] [ DEBUG] ots_task: [21:39:42.218 ] ots: keeplive costtime = 25204
[21:39:42:457][ 4443.226000] [ DEBUG] mi_otn: [21:39:42.225 ] ots: ots.keeplive[11] happened!
[21:39:42:471][ 4443.235000] [  WARN] Idle Task: bl616_pmtickless: --->>> [10]:On, [H]:90998, [15:mi_otn]
[21:39:47:545][ 4448.302000] [  WARN] Idle Task: bl616_pmtickless: <<<--- [R]:WIFI, [R]:5056, [W]:4350, [L]:217
[21:39:47:577][ 4448.332000] [  WARN] Idle Task: bl616_pmtickless: --->>> [10]:On, [H]:85901, [15:mi_otn]
[21:40:43:856][ 4504.631000] [  WARN] Idle Task: bl616_pmtickless: <<<--- [R]:WIFI, [R]:56288, [W]:4405, [L]:217
[21:40:43:904][ 4504.665000] [  WARN] Idle Task: bl616_pmtickless: --->>> [10]:On, [H]:29568, [15:mi_otn]
[21:41:13:463][ 4534.253000] [  WARN] Idle Task: bl616_pmtickless: <<<--- [R]:RTC, [R]:29577, [W]:4433, [L]:217
[21:41:13:496][ 4534.266000] [  INFO] mi_otn: [21:41:13.265 ] ots: -->kplv sent.
[21:41:13:496][ 4534.271000] [  WARN] Idle Task: bl616_pmtickless: --->>> [10]:On, [H]:23994, [1174644928:]
[21:41:13:559][ 4534.335000] [  WARN] Idle Task: bl616_pmtickless: <<<--- [R]:WIFI, [R]:52, [W]:4434, [L]:217
[21:41:13:559][ 4534.356000] [ DEBUG] ots_task: [21:41:13.355 ] ots: recvd 8Bytes
[21:41:13:575][ 4534.359000] [  INFO] ots_task: [21:41:13.359 ] ots: <--kplv ack.
[21:41:13:575][ 4534.365000] [ DEBUG] ots_task: [21:41:13.365 ] ots: event emit[id=11,txt=ots.keeplive,ext_len=0]
[21:41:13:591][ 4534.374000] [ DEBUG] ots_task: [21:41:13.374 ] ots: keeplive costtime = 105
[21:41:13:591][ 4534.381000] [ DEBUG] mi_otn: [21:41:13.381 ] ots: ots.keeplive[11] happened!
[21:41:13:607][ 4534.390000] [  WARN] Idle Task: bl616_pmtickless: --->>> [10]:On, [H]:40848, [15:mi_otn]
[21:41:18:678][ 4539.457000] [  WARN] Idle Task: bl616_pmtickless: <<<--- [R]:WIFI, [R]:5056, [W]:4439, [L]:217
[21:41:18:710][ 4539.492000] [  WARN] Idle Task: bl616_pmtickless: --->>> [10]:On, [H]:35746, [15:mi_otn]
[21:41:54:465][ 4575.258000] [  WARN] Idle Task: bl616_pmtickless: <<<--- [R]:RTC, [R]:35755, [W]:4474, [L]:218
[21:41:54:465][ 4575.270000] [NOTICE] mi_otn: [21:41:54.270 ] ots: -->sync sent.
[21:41:54:496][ 4575.276000] [  WARN] Idle Task: bl616_pmtickless: --->>> [10]:On, [H]:2585, [19:netMonitorTask]
[21:41:55:334][ 4576.126000] [  WARN] Idle Task: bl616_pmtickless: <<<--- [R]:WIFI, [R]:838, [W]:4475, [L]:218
[21:41:55:334][ 4576.142000] [ DEBUG] ots_task: [21:41:55.142 ] ots: recvd 24Bytes
[21:41:55:350][ 4576.146000] [NOTICE] ots_task: [21:41:55.146 ] ots: <--sync ack.
[21:41:55:350][ 4576.152000] [ DEBUG] ots_task: [21:41:55.152 ] ots: sync costtime = 878
[21:41:55:366][ 4576.161000] [  WARN] Idle Task: bl616_pmtickless: --->>> [10]:On, [H]:1700, [19:netMonitorTask]
[21:41:57:086][ 4577.882000] [  WARN] Idle Task: bl616_pmtickless: <<<--- [R]:RTC, [R]:1709, [W]:4476, [L]:218
[21:41:57:086][ 4577.893000] [  INFO] netMonitorTask: [21:41:55.893 ] miio_monitor: work time = 4577s, memory left = 111632
[21:41:57:119][ 4577.900000] [ DEBUG] netMonitorTask: [21:41:55.900 ] miio_net: sta offline 0 times in last 600s
[21:41:57:119][ 4577.911000] [  WARN] Idle Task: bl616_pmtickless: --->>> [10]:On, [H]:195, [15:mi_otn]
[21:41:57:327][ 4578.126000] [  WARN] Idle Task: bl616_pmtickless: <<<--- [R]:RTC, [R]:204, [W]:4476, [L]:218
[21:41:57:327][ 4578.135000] [  INFO] mi_otn: [21:41:56.135 ] miio_ot: -->pull ip list sent.
[21:41:57:343][ 4578.140000] [ DEBUG] mi_otn: [21:41:56.140 ] ots: ots_up_rpc_delegate_out_cb:{"id":1821573171,"method":"_otc.pull_ip_list","params":{}}
[21:41:57:359][ 4578.158000] [  WARN] Idle Task: bl616_pmtickless: --->>> [10]:On, [H]:3998, [15:mi_otn]
[21:41:57:486][ 4578.284000] [  WARN] Idle Task: bl616_pmtickless: <<<--- [R]:WIFI, [R]:115, [W]:4477, [L]:218
[21:41:57:486][ 4578.299000] [ DEBUG] ots_task: [21:41:56.299 ] ots: recvd 347Bytes
[21:41:57:502][ 4578.303000] [ DEBUG] ots_task: [21:41:56.303 ] ots: req or ack recvd.
[21:41:57:502][ 4578.310000] [ DEBUG] ots_task: [21:41:56.310 ] ots: {"id":1821573171,"result":{"svr_list":[{"ip":"220.181.106.197","port":443},{"ip":"124.251.34.212","port":443},{"ip":"39.101.90.208","port":443}],"svr_probe_list":[{"ip":"36.156.49.91","port":80},{"ip":"183.84.7.207","port":8053},{"ip":"120.92.65.237","port":8053},{"ip":"123.125.102.216","port":8053}],"interval":1800, "firstprobe":1232}}.
[21:41:57:550][ 4578.344000] [ DEBUG] ots_task: [21:41:56.344 ] ots: send_cnt = 5[47], ack_cnt = 6[47,4], costtime = 2622[1110,1100]
[21:41:57:560][ 4578.354000] [ DEBUG] ots_task: [21:41:56.354 ] ots: event emit[id=11,txt=ots.keeplive,ext_len=0]
[21:41:57:566][ 4578.364000] [ DEBUG] mi_otn: [21:41:56.364 ] ots: ots.keeplive[11] happened!
[21:41:57:566][ 4578.370000] [ DEBUG] mi_otn: [21:41:56.370 ] miio_ot: otc_list[0] = 220.181.106.197::443
[21:41:57:582][ 4578.378000] [ DEBUG] mi_otn: [21:41:56.378 ] miio_ot: otc_list[1] = 124.251.34.212::443
[21:41:57:582][ 4578.386000] [ DEBUG] mi_otn: [21:41:56.386 ] miio_ot: otc_list[2] = 39.101.90.208::443
[21:41:57:598][ 4578.394000] [ DEBUG] mi_otn: [21:41:56.394 ] ots: backlist[0] = 220.181.106.197::443
[21:41:57:598][ 4578.402000] [ DEBUG] mi_otn: [21:41:56.401 ] ots: backlist[1] = 124.251.34.212::443
[21:41:57:614][ 4578.409000] [ DEBUG] mi_otn: [21:41:56.409 ] ots: backlist[2] = 39.101.90.208::443
[21:41:57:614][ 4578.417000] [ DEBUG] mi_otn: [21:41:56.417 ] miio_ot: otc_test ip[0] = 36.156.49.91::80
[21:41:57:630][ 4578.425000] [ DEBUG] mi_otn: [21:41:56.425 ] miio_ot: otc_test otn->otc_test.ip_port_num=[0], max = [4]
[21:41:57:630][ 4578.434000] [ DEBUG] mi_otn: [21:41:56.434 ] miio_ot: otc_test ip[1] = 183.84.7.207::8053
[21:41:57:646][ 4578.442000] [ DEBUG] mi_otn: [21:41:56.442 ] miio_ot: otc_test otn->otc_test.ip_port_num=[1], max = [4]
[21:41:57:646][ 4578.452000] [ DEBUG] mi_otn: [21:41:56.452 ] miio_ot: otc_test ip[2] = 120.92.65.237::8053
[21:41:57:662][ 4578.460000] [ DEBUG] mi_otn: [21:41:56.460 ] miio_ot: otc_test otn->otc_test.ip_port_num=[2], max = [4]
[21:41:57:662][ 4578.469000] [ DEBUG] mi_otn: [21:41:56.469 ] miio_ot: otc_test ip[3] = 123.125.102.216::8053
[21:41:57:694][ 4578.478000] [ DEBUG] mi_otn: [21:41:56.478 ] miio_ot: otc_test otn->otc_test.ip_port_num=[3], max = [4]
[21:41:57:694][ 4578.490000] [  WARN] Idle Task: bl616_pmtickless: --->>> [10]:On, [H]:28257, [15:mi_otn]
[21:42:25:955][ 4606.767000] [  WARN] Idle Task: bl616_pmtickless: <<<--- [R]:RTC, [R]:28266, [W]:4504, [L]:219
[21:42:25:971][ 4606.779000] [  INFO] mi_otn: [21:42:24.778 ] miio_instance: miio_info_kvs_hook_default called
[21:42:25:971][ 4606.788000] [ DEBUG] mi_otn: [21:42:24.788 ] miio_net: miio_net_info_kvs_hook called
[21:42:25:987][ 4606.795000] [NOTICE] mi_otn: [21:42:24.795 ] miio_ot: up _otc.info:{"id":1074987060,"method":"_otc.info","params":{"life":4606,"model":"xiaomi.dev.bl3","token":"69aa************************aee4","ipflag":1,"fw_ver":"1.0.3","miio_ver":"0.1.0","hw_ver":"BL616-BL3","chip_ver":1,"mmfree":110264,"mac":"C4:93:BB:AD:C7:FF","wifi_fw_ver":"WifiVer.N\/A","ap":{"ssid":"Xiaomi_be3600","bssid":"42:EE:97:F0:4C:60","rssi":-24,"primary":1},"netif":{"localIp":"192.168.3.70","mask":"255.255.255.0","gw":"192.168.3.1"},"uid":1205295674}}
[21:42:26:035][ 4606.839000] [  INFO] mi_otn: [21:42:24.839 ] miio_ot: -->info(ots).
[21:42:26:035][ 4606.845000] [ DEBUG] mi_otn: [21:42:24.845 ] ots: ots_up_rpc_delegate_out_cb:{"id":1074987060,"method":"_otc.info","params":{"life":4606,"model":"xiaomi.dev.bl3","token":"69aa************************aee4","ipflag":1,"fw_ver":"1.0.3","miio_ver":"0.1.0","hw_ver":"BL616-BL3","chip_ver":1,"mmfree":110264,"mac":"C4:93:BB:AD:C7:FF","wifi_fw_ver":"WifiVer.N\/A","ap":{"ssid":"Xiaomi_be3600","bssid":"42:EE:97:F0:4C:60","rssi":-24,"primary":1},"netif":{"localIp":"192.168.3.70","mask":"255.255.255.0","gw":"192.168.3.1"},"uid":1205295674}}
[21:42:26:099][ 4606.898000] [  WARN] Idle Task: bl616_pmtickless: --->>> [10]:On, [H]:3999, [15:mi_otn]
[21:42:27:084][ 4607.885000] [  WARN] Idle Task: bl616_pmtickless: <<<--- [R]:WIFI, [R]:976, [W]:4505, [L]:219
[21:42:27:084][ 4607.900000] [ DEBUG] ots_task: [21:42:25.900 ] ots: recvd 40Bytes
[21:42:27:100][ 4607.904000] [ DEBUG] ots_task: [21:42:25.904 ] ots: req or ack recvd.
[21:42:27:100][ 4607.910000] [ DEBUG] ots_task: [21:42:25.910 ] ots: {"id":1074987060,"result":"ok"}.
[21:42:27:116][ 4607.918000] [ DEBUG] ots_task: [21:42:25.918 ] ots: send_cnt = 6[48], ack_cnt = 7[48,4], costtime = 3695[1106,1105]
[21:42:27:116][ 4607.928000] [ DEBUG] ots_task: [21:42:25.928 ] ots: event emit[id=11,txt=ots.keeplive,ext_len=0]
[21:42:27:132][ 4607.938000] [ DEBUG] mi_otn: [21:42:25.938 ] ots: ots.keeplive[11] happened!
[21:42:27:132][ 4607.944000] [  INFO] mi_otn: [21:42:25.944 ] miio_ot: <--info ack(ots).
[21:42:27:149][ 4607.951000] [ DEBUG] mi_otn: [21:42:25.951 ] miio_net: miio_net_statistics_kvs_hook called
[21:42:27:149][ 4607.961000] [ DEBUG] mi_otn: [21:42:25.961 ] ots: ots_up_rpc_delegate_out_cb:{"id":546963509,"method":"_otc.ncinfo","params":{"miio_ver":"0.1.0","miio_times":[4577,148,177,4252],"ap":{"ssid":"Xiaomi_be3600","connect_count":3,"repeaters":[{"bssid":"42:EE:97:F0:4C:60","rssi":-24,"primary":1,"active":1}]},"ot_stat":[4,3,0],"ots_stat":[4,0,0,2745,1106,1105,48,48,4,0,0,0,0]}}
[21:42:27:181][ 4607.995000] [ DEBUG] mi_otn: [21:42:25.995 ] ots: ots_up_rpc_delegate_out_cb:{"id":1305739318,"method":"_otc.ncstat","params":{"timestamp":1775221949,"proto":2,"otip":"202.69.4.3","otport":443,"sendcnt":6,"ackcnt":7,"ackcnt_timeout":4,"costtime":3695,"rpc":0,"rpcack":0,"rpcack_costtime":0,"dns":0,"keeplive_interval":91,"rpc_local":0,"rpcack_local":0}}
[21:42:27:229][ 4608.034000] [  WARN] Idle Task: bl616_pmtickless: --->>> [10]:On, [H]:3783, [15:mi_otn]
[21:42:31:024][ 4611.837000] [  WARN] Idle Task: bl616_pmtickless: <<<--- [R]:RTC, [R]:3792, [W]:4508, [L]:219
[21:42:31:040][ 4611.846000] [ DEBUG] mi_otn: [21:42:29.846 ] ot: event emit[id=5,txt=otn.timerconfig,ext_len=4]
[21:42:31:040][ 4611.853000] [ DEBUG] mi_otn: [21:42:29.853 ] ot: event emit[id=5,txt=otn.timerconfig,ext_len=4]
[21:42:31:057][ 4611.861000] [ DEBUG] mi_otn: [21:42:29.861 ] miio_ot: otn.timerconfig[5] happened!
[21:42:31:057][ 4611.869000] [ DEBUG] mi_otn: [21:42:29.869 ] miio_ot: cooldown_time_ms =5000
[21:42:31:057][ 4611.877000] [ DEBUG] mi_otn: [21:42:29.877 ] miio_ot: otn.timerconfig[5] event finished!
[21:42:31:073][ 4611.884000] [ DEBUG] mi_otn: [21:42:29.884 ] miio_ot: otn.timerconfig[5] happened!
[21:42:31:088][ 4611.891000] [ DEBUG] mi_otn: [21:42:29.891 ] miio_ot: otn.timerconfig[5] event finished!
[21:42:31:105][ 4611.902000] [  WARN] Idle Task: bl616_pmtickless: --->>> [10]:On, [H]:94, [15:mi_otn]
[21:42:31:204][ 4612.016000] [  WARN] Idle Task: bl616_pmtickless: <<<--- [R]:RTC, [R]:103, [W]:4508, [L]:219
[21:42:31:204][ 4612.025000] [  WARN] mi_otn: [21:42:30.024 ] ot: up session[id=546963509] timeout
[21:42:31:217][ 4612.032000] [  WARN] Idle Task: bl616_pmtickless: --->>> [10]:On, [H]:1, [15:mi_otn]
[21:42:31:217][ 4612.037000] [  WARN] Idle Task: bl616_pmtickless: <<<--- exit: sleep time too short 1
[21:42:31:250][ 4612.045000] [  WARN] mi_otn: [21:42:30.045 ] ot: up session[id=1305739318] timeout
[21:42:31:250][ 4612.055000] [  WARN] Idle Task: bl616_pmtickless: --->>> [10]:On, [H]:4823, [15:mi_otn]
[21:42:32:106][ 4612.908000] [  WARN] Idle Task: bl616_pmtickless: <<<--- [R]:WIFI, [R]:842, [W]:4509, [L]:219
[21:42:32:133][ 4612.940000] [  WARN] Idle Task: bl616_pmtickless: --->>> [10]:On, [H]:3938, [15:mi_otn]
[21:42:33:128][ 4613.934000] [  WARN] Idle Task: bl616_pmtickless: <<<--- [R]:WIFI, [R]:983, [W]:4510, [L]:219
[21:42:33:160][ 4613.963000] [  WARN] Idle Task: bl616_pmtickless: --->>> [10]:On, [H]:2915, [15:mi_otn]
[21:42:36:068][ 4616.898000] [  WARN] Idle Task: bl616_pmtickless: <<<--- [R]:RTC, [R]:2924, [W]:4512, [L]:219
[21:42:36:084][ 4616.908000] [ DEBUG] mi_otn: [21:42:34.908 ] ots: ots_up_rpc_delegate_out_cb:{"id":339542071,"method":"props","params":{"ota_progress":101,"ota_state":"idle"}}
[21:42:36:115][ 4616.925000] [  WARN] Idle Task: bl616_pmtickless: --->>> [10]:On, [H]:2725, [15:mi_otn]
[21:42:36:196][ 4617.012000] [  WARN] Idle Task: bl616_pmtickless: <<<--- [R]:WIFI, [R]:76, [W]:4513, [L]:219
[21:42:36:228][ 4617.045000] [  WARN] Idle Task: bl616_pmtickless: --->>> [10]:On, [H]:2605, [15:mi_otn]
[21:42:37:224][ 4618.035000] [  WARN] Idle Task: bl616_pmtickless: <<<--- [R]:WIFI, [R]:979, [W]:4514, [L]:219
[21:42:37:257][ 4618.070000] [  WARN] Idle Task: bl616_pmtickless: --->>> [10]:On, [H]:1580, [15:mi_otn]
[21:42:38:849][ 4619.670000] [  WARN] Idle Task: bl616_pmtickless: <<<--- [R]:RTC, [R]:1589, [W]:4515, [L]:219
[21:42:38:882][ 4619.693000] [  WARN] Idle Task: bl616_pmtickless: --->>> [10]:On, [H]:1244, [15:mi_otn]
[21:42:39:253][ 4620.088000] [  WARN] Idle Task: bl616_pmtickless: <<<--- [R]:WIFI, [R]:384, [W]:4516, [L]:219
[21:42:39:269][ 4620.101000] [ DEBUG] otu_task: [21:42:38.101 ] otu: [183.84.7.207:8053] talking, len=32
[21:42:39:285][ 4620.107000] [ DEBUG] otu_task: [21:42:38.107 ] otu: event emit[id=14,txt=otu.ntp_ack,ext_len=12]
[21:42:39:285][ 4620.116000] [ DEBUG] otu_task: [21:42:38.116 ] otu: [123.125.102.216:8053] talking, len=32
[21:42:39:301][ 4620.124000] [ DEBUG] otu_task: [21:42:38.124 ] otu: event emit[id=14,txt=otu.ntp_ack,ext_len=12]
[21:42:39:301][ 4620.133000] [ DEBUG] mi_otn: [21:42:38.133 ] otu: otu.ntp_ack[14] happened!
[21:42:39:318][ 4620.140000] [ DEBUG] mi_otn: [21:42:38.139 ] miio_ot: otc_test cloud=[183.84.7.207::8053], cost=457ms
[21:42:39:318][ 4620.149000] [ DEBUG] mi_otn: [21:42:38.149 ] otu: otu.ntp_ack[14] happened!
[21:42:39:333][ 4620.156000] [ DEBUG] mi_otn: [21:42:38.156 ] miio_ot: otc_test cloud=[123.125.102.216::8053], cost=468ms
[21:42:39:350][ 4620.167000] [  WARN] Idle Task: bl616_pmtickless: --->>> [10]:On, [H]:757, [15:mi_otn]
[21:42:40:105][ 4620.944000] [  WARN] Idle Task: bl616_pmtickless: <<<--- [R]:RTC, [R]:766, [W]:4516, [L]:219
[21:42:40:121][ 4620.953000] [  WARN] mi_otn: [21:42:38.953 ] ot: up session[id=339542071] timeout
[21:42:40:121][ 4620.959000] [  WARN] mi_otn: [21:42:38.959 ] miio_info: no "result" in property_ack
[21:42:40:137][ 4620.966000] [  WARN] mi_otn: [21:42:38.966 ] miio_info: props send failed
[21:42:40:153][ 4620.975000] [  WARN] Idle Task: bl616_pmtickless: --->>> [10]:On, [H]:953, [15:mi_otn]
[21:42:41:121][ 4621.948000] [  WARN] Idle Task: bl616_pmtickless: <<<--- [R]:RTC, [R]:962, [W]:4517, [L]:219
[21:42:41:137][ 4621.960000] [  WARN] Idle Task: bl616_pmtickless: --->>> [10]:On, [H]:1704, [15:mi_otn]
[21:42:42:849][ 4623.683000] [  WARN] Idle Task: bl616_pmtickless: <<<--- [R]:RTC, [R]:1713, [W]:4519, [L]:220
[21:42:42:865][ 4623.693000] [ DEBUG] mi_otn: [21:42:41.693 ] ots: ots_up_rpc_delegate_out_cb:{"id":2092302394,"method":"_otc.testip","params":{"testret":[{"ip":"36.156.49.91","port":80,"cost":-1},{"ip":"183.84.7.207","port":8053,"cost":457},{"ip":"120.92.65.237","port":8053,"cost":-1},{"ip":"123.125.102.216","port":8053,"cost":468}]}}
[21:42:42:898][ 4623.728000] [  WARN] Idle Task: bl616_pmtickless: --->>> [10]:On, [H]:3230, [15:mi_otn]
[21:42:42:946][ 4623.781000] [  WARN] Idle Task: bl616_pmtickless: <<<--- [R]:WIFI, [R]:42, [W]:4520, [L]:220
[21:42:42:995][ 4623.817000] [  WARN] Idle Task: bl616_pmtickless: --->>> [10]:On, [H]:3141, [15:mi_otn]
[21:42:46:135][ 4626.978000] [  WARN] Idle Task: bl616_pmtickless: <<<--- [R]:RTC, [R]:3150, [W]:4523, [L]:220
[21:42:46:167][ 4626.988000] [ DEBUG] mi_otn: [21:42:44.988 ] ots: ots_up_rpc_delegate_out_cb:{"id":339542071,"method":"props","params":{"ota_progress":101,"ota_state":"idle"}}
[21:42:46:183][ 4627.009000] [  WARN] Idle Task: bl616_pmtickless: --->>> [10]:On, [H]:714, [15:mi_otn]
[21:42:46:894][ 4627.742000] [  WARN] Idle Task: bl616_pmtickless: <<<--- [R]:RTC, [R]:723, [W]:4523, [L]:220
[21:42:46:926][ 4627.752000] [  WARN] mi_otn: [21:42:45.751 ] ot: up session[id=2092302394] timeout
[21:42:46:926][ 4627.759000] [  WARN] Idle Task: bl616_pmtickless: --->>> [10]:On, [H]:3250, [15:mi_otn]
[21:42:50:184][ 4631.029000] [  WARN] Idle Task: bl616_pmtickless: <<<--- [R]:RTC, [R]:3259, [W]:4527, [L]:220
[21:42:50:200][ 4631.038000] [  WARN] mi_otn: [21:42:49.038 ] ot: up session[id=339542071] timeout
[21:42:50:200][ 4631.043000] [  WARN] mi_otn: [21:42:49.043 ] miio_info: no "result" in property_ack
[21:42:50:200][ 4631.051000] [  WARN] mi_otn: [21:42:49.050 ] miio_info: props send failed
[21:42:50:232][ 4631.060000] [  WARN] Idle Task: bl616_pmtickless: --->>> [10]:On, [H]:947, [15:mi_otn]
[21:42:51:180][ 4632.027000] [  WARN] Idle Task: bl616_pmtickless: <<<--- [R]:RTC, [R]:956, [W]:4527, [L]:220
[21:42:51:196][ 4632.038000] [  WARN] Idle Task: bl616_pmtickless: --->>> [10]:On, [H]:5000, [15:mi_otn]
[21:42:56:213][ 4637.058000] [  WARN] Idle Task: bl616_pmtickless: <<<--- [R]:RTC, [R]:5009, [W]:4532, [L]:220
[21:42:56:213][ 4637.068000] [ DEBUG] mi_otn: [21:42:55.068 ] ots: ots_up_rpc_delegate_out_cb:{"id":339542071,"method":"props","params":{"ota_progress":101,"ota_state":"idle"}}
[21:42:56:245][ 4637.086000] [  WARN] Idle Task: bl616_pmtickless: --->>> [10]:On, [H]:434, [15:mi_otn]
[21:42:56:698][ 4637.540000] [  WARN] Idle Task: bl616_pmtickless: <<<--- [R]:RTC, [R]:443, [W]:4533, [L]:220
[21:42:56:710][ 4637.555000] [ DEBUG] mi_otn: [21:42:55.555 ] miio_ot: st[1775241363], dura[1800]
[21:42:56:729][ 4637.562000] [  WARN] Idle Task: bl616_pmtickless: --->>> [10]:On, [H]:3534, [15:mi_otn]
[21:42:57:390][ 4638.233000] [  WARN] Idle Task: bl616_pmtickless: <<<--- [R]:WIFI, [R]:660, [W]:4534, [L]:220
[21:42:57:422][ 4638.270000] [  WARN] Idle Task: bl616_pmtickless: --->>> [10]:On, [H]:2826, [15:mi_otn]
[21:42:58:422][ 4639.261000] [  WARN] Idle Task: bl616_pmtickless: <<<--- [R]:WIFI, [R]:980, [W]:4535, [L]:220
[21:42:58:422][ 4639.279000] [ DEBUG] ots_task: [21:42:57.279 ] ots: recvd 39Bytes
[21:42:58:422][ 4639.282000] [ DEBUG] ots_task: [21:42:57.282 ] ots: req or ack recvd.
[21:42:58:438][ 4639.289000] [ DEBUG] ots_task: [21:42:57.289 ] ots: {"id":546963509,"result":"ok"}.
[21:42:58:454][ 4639.296000] [ DEBUG] ots_task: [21:42:57.296 ] ots: send_cnt = 6[54], ack_cnt = 1[49,5], costtime = 0[1106,1105]
[21:42:58:454][ 4639.307000] [ DEBUG] ots_task: [21:42:57.306 ] ots: event emit[id=11,txt=ots.keeplive,ext_len=0]
[21:42:58:470][ 4639.317000] [ DEBUG] ots_task: [21:42:57.317 ] ots: recvd 40Bytes
[21:42:58:470][ 4639.321000] [ DEBUG] ots_task: [21:42:57.321 ] ots: req or ack recvd.
[21:42:58:470][ 4639.328000] [ DEBUG] ots_task: [21:42:57.328 ] ots: {"id":1305739318,"result":"ok"}.
[21:42:58:486][ 4639.336000] [ DEBUG] ots_task: [21:42:57.336 ] ots: send_cnt = 6[54], ack_cnt = 2[50,6], costtime = 0[1106,1105]
[21:42:58:503][ 4639.346000] [ DEBUG] ots_task: [21:42:57.346 ] ots: event emit[id=11,txt=ots.keeplive,ext_len=0]
[21:42:58:503][ 4639.356000] [ DEBUG] ots_task: [21:42:57.355 ] ots: recvd 39Bytes
[21:42:58:503][ 4639.362000] [ DEBUG] ots_task: [21:42:57.362 ] ots: req or ack recvd.
[21:42:58:519][ 4639.367000] [ DEBUG] ots_task: [21:42:57.367 ] ots: {"id":339542071,"result":"ok"}.
[21:42:58:519][ 4639.375000] [ DEBUG] ots_task: [21:42:57.375 ] ots: send_cnt = 6[54], ack_cnt = 3[51,6], costtime = 2307[1226,1236]
[21:42:58:535][ 4639.385000] [ DEBUG] ots_task: [21:42:57.385 ] ots: event emit[id=11,txt=ots.keeplive,ext_len=0]
[21:42:58:535][ 4639.395000] [ DEBUG] ots_task: [21:42:57.395 ] ots: recvd 40Bytes
[21:42:58:551][ 4639.400000] [ DEBUG] ots_task: [21:42:57.400 ] ots: req or ack recvd.
[21:42:58:551][ 4639.406000] [ DEBUG] ots_task: [21:42:57.406 ] ots: {"id":2092302394,"result":"ok"}.
[21:42:58:567][ 4639.414000] [ DEBUG] ots_task: [21:42:57.414 ] ots: send_cnt = 6[54], ack_cnt = 4[52,7], costtime = 2307[1226,1236]
[21:42:58:567][ 4639.424000] [ DEBUG] ots_task: [21:42:57.424 ] ots: event emit[id=11,txt=ots.keeplive,ext_len=0]
[21:42:58:583][ 4639.434000] [ DEBUG] ots_task: [21:42:57.434 ] ots: recvd 39Bytes
[21:42:58:583][ 4639.439000] [ DEBUG] ots_task: [21:42:57.439 ] ots: req or ack recvd.
[21:42:58:599][ 4639.446000] [ DEBUG] ots_task: [21:42:57.446 ] ots: {"id":339542071,"result":"ok"}.
[21:42:58:599][ 4639.453000] [ DEBUG] ots_task: [21:42:57.453 ] ots: send_cnt = 6[54], ack_cnt = 5[53,7], costtime = 4692[1341,1351]
[21:42:58:615][ 4639.464000] [ DEBUG] ots_task: [21:42:57.464 ] ots: event emit[id=11,txt=ots.keeplive,ext_len=0]
[21:42:58:615][ 4639.474000] [ DEBUG] ots_task: [21:42:57.473 ] ots: recvd 39Bytes
[21:42:58:631][ 4639.478000] [ DEBUG] ots_task: [21:42:57.478 ] ots: req or ack recvd.
[21:42:58:631][ 4639.485000] [ DEBUG] ots_task: [21:42:57.485 ] ots: {"id":339542071,"result":"ok"}.
[21:42:58:647][ 4639.493000] [ DEBUG] ots_task: [21:42:57.493 ] ots: send_cnt = 6[54], ack_cnt = 6[54,7], costtime = 7117[1449,1458]
[21:42:58:647][ 4639.503000] [ DEBUG] ots_task: [21:42:57.503 ] ots: event emit[id=11,txt=ots.keeplive,ext_len=0]
[21:42:58:663][ 4639.512000] [ DEBUG] mi_otn: [21:42:57.512 ] ots: ots.keeplive[11] happened!
[21:42:58:663][ 4639.519000] [  WARN] mi_otn: [21:42:57.519 ] ot: up session[id=546963509] not found
[21:42:58:679][ 4639.526000] [ DEBUG] mi_otn: [21:42:57.526 ] ots: ots.keeplive[11] happened!
[21:42:58:684][ 4639.534000] [  WARN] mi_otn: [21:42:57.533 ] ot: up session[id=1305739318] not found
[21:42:58:696][ 4639.541000] [ DEBUG] mi_otn: [21:42:57.541 ] ots: ots.keeplive[11] happened!
[21:42:58:696][ 4639.548000] [  INFO] mi_otn: [21:42:57.548 ] miio_info: 0 props left, 0 events left.
[21:42:58:713][ 4639.556000] [ DEBUG] mi_otn: [21:42:57.556 ] ot: event emit[id=5,txt=otn.timerconfig,ext_len=4]
[21:42:58:716][ 4639.565000] [ DEBUG] mi_otn: [21:42:57.565 ] miio_ot: otn.timerconfig[5] happened!
[21:42:58:727][ 4639.572000] [ DEBUG] mi_otn: [21:42:57.572 ] miio_ot: cooldown_time_ms =1800000
[21:42:58:727][ 4639.579000] [ DEBUG] mi_otn: [21:42:57.579 ] miio_ot: otn.timerconfig[5] event finished!
[21:42:58:742][ 4639.588000] [ DEBUG] mi_otn: [21:42:57.587 ] ots: ots.keeplive[11] happened!
[21:42:58:742][ 4639.595000] [  WARN] mi_otn: [21:42:57.595 ] ot: up session[id=2092302394] not found
[21:42:58:742][ 4639.602000] [ DEBUG] mi_otn: [21:42:57.602 ] ots: ots.keeplive[11] happened!
[21:42:58:759][ 4639.609000] [  WARN] mi_otn: [21:42:57.609 ] ot: up session[id=339542071] not found
[21:42:58:759][ 4639.617000] [ DEBUG] mi_otn: [21:42:57.617 ] ots: ots.keeplive[11] happened!
[21:42:58:776][ 4639.624000] [  WARN] mi_otn: [21:42:57.624 ] ot: up session[id=339542071] not found
[21:42:58:790][ 4639.634000] [  WARN] Idle Task: bl616_pmtickless: --->>> [10]:On, [H]:90991, [15:mi_otn]
[21:43:45:822][ 4686.678000] [  WARN] Idle Task: bl616_pmtickless: <<<--- [R]:WIFI, [R]:47033, [W]:4581, [L]:220
[21:43:45:872][ 4686.714000] [  WARN] Idle Task: bl616_pmtickless: --->>> [10]:On, [H]:43912, [15:mi_otn]
[21:44:29:779][ 4730.646000] [  WARN] Idle Task: bl616_pmtickless: <<<--- [R]:RTC, [R]:43921, [W]:4624, [L]:221
[21:44:29:808][ 4730.658000] [  INFO] mi_otn: [21:44:28.658 ] ots: -->kplv sent.
[21:44:29:808][ 4730.664000] [  WARN] Idle Task: bl616_pmtickless: --->>> [10]:On, [H]:2993, [1174644928:]
[21:44:30:683][ 4731.539000] [  WARN] Idle Task: bl616_pmtickless: <<<--- [R]:WIFI, [R]:864, [W]:4625, [L]:221
[21:44:30:685][ 4731.557000] [ DEBUG] ots_task: [21:44:29.556 ] ots: recvd 8Bytes
[21:44:30:685][ 4731.560000] [  INFO] ots_task: [21:44:29.560 ] ots: <--kplv ack.
[21:44:30:700][ 4731.566000] [ DEBUG] ots_task: [21:44:29.566 ] ots: event emit[id=11,txt=ots.keeplive,ext_len=0]
[21:44:30:700][ 4731.575000] [ DEBUG] ots_task: [21:44:29.575 ] ots: keeplive costtime = 913
[21:44:30:731][ 4731.582000] [ DEBUG] mi_otn: [21:44:29.582 ] ots: ots.keeplive[11] happened!
[21:44:30:731][ 4731.591000] [  WARN] Idle Task: bl616_pmtickless: --->>> [10]:On, [H]:90999, [15:mi_otn]
[21:44:34:576][ 4735.432000] [  WARN] Idle Task: bl616_pmtickless: <<<--- [R]:WIFI, [R]:3830, [W]:4629, [L]:222
[21:44:34:608][ 4735.468000] [  WARN] Idle Task: bl616_pmtickless: --->>> [10]:On, [H]:87122, [15:mi_otn]
[21:44:35:589][ 4736.459000] [  WARN] Idle Task: bl616_pmtickless: <<<--- [R]:WIFI, [R]:980, [W]:4630, [L]:222
[21:44:35:621][ 4736.491000] [  WARN] Idle Task: bl616_pmtickless: --->>> [10]:On, [H]:86099, [15:mi_otn]
[21:45:16:358][ 4777.221000] [  WARN] Idle Task: bl616_pmtickless: <<<--- [R]:WIFI, [R]:40719, [W]:4670, [L]:223
[21:45:16:390][ 4777.254000] [  WARN] Idle Task: bl616_pmtickless: --->>> [10]:On, [H]:45336, [15:mi_otn]
[21:45:53:217][ 4814.091000] [  WARN] Idle Task: bl616_pmtickless: <<<--- [R]:WIFI, [R]:36826, [W]:4706, [L]:223
[21:45:53:250][ 4814.126000] [  WARN] Idle Task: bl616_pmtickless: --->>> [10]:On, [H]:8464, [15:mi_otn]
[21:46:01:724][ 4822.610000] [  WARN] Idle Task: bl616_pmtickless: <<<--- [R]:RTC, [R]:8473, [W]:4714, [L]:223
[21:46:01:724][ 4822.622000] [  INFO] mi_otn: [21:46:00.622 ] ots: -->kplv sent.
[21:46:01:756][ 4822.628000] [  WARN] Idle Task: bl616_pmtickless: --->>> [10]:On, [H]:2494, [1174644928:]
[21:46:04:266][ 4825.142000] [  WARN] Idle Task: bl616_pmtickless: <<<--- [R]:RTC, [R]:2503, [W]:4716, [L]:223
[21:46:04:283][ 4825.159000] [  WARN] Idle Task: bl616_pmtickless: --->>> [10]:On, [H]:1493, [1174644928:]
[21:46:05:796][ 4826.672000] [  WARN] Idle Task: bl616_pmtickless: <<<--- [R]:RTC, [R]:1502, [W]:4718, [L]:223
[21:46:05:796][ 4826.686000] [  WARN] Idle Task: bl616_pmtickless: --->>> [10]:On, [H]:2996, [1174644928:]
[21:46:06:526][ 4827.413000] [  WARN] Idle Task: bl616_pmtickless: <<<--- [R]:WIFI, [R]:716, [W]:4719, [L]:223
[21:46:06:528][ 4827.429000] [ DEBUG] ots_task: [21:46:05.429 ] ots: recvd 8Bytes
[21:46:06:542][ 4827.433000] [  INFO] ots_task: [21:46:05.433 ] ots: <--kplv ack.
[21:46:06:542][ 4827.439000] [ DEBUG] ots_task: [21:46:05.439 ] ots: event emit[id=11,txt=ots.keeplive,ext_len=0]
[21:46:06:557][ 4827.448000] [ DEBUG] ots_task: [21:46:05.448 ] ots: keeplive costtime = 4822
[21:46:06:557][ 4827.455000] [ DEBUG] mi_otn: [21:46:05.455 ] ots: ots.keeplive[11] happened!
[21:46:06:573][ 4827.464000] [  WARN] Idle Task: bl616_pmtickless: --->>> [10]:On, [H]:50446, [19:netMonitorTask]
[21:46:11:651][ 4832.536000] [  WARN] Idle Task: bl616_pmtickless: <<<--- [R]:WIFI, [R]:5060, [W]:4724, [L]:223
[21:46:11:686][ 4832.572000] [  WARN] Idle Task: bl616_pmtickless: --->>> [10]:On, [H]:45338, [19:netMonitorTask]
[21:46:47:285][ 4868.177000] [  WARN] Idle Task: bl616_pmtickless: <<<--- [R]:WIFI, [R]:35593, [W]:4759, [L]:224
[21:46:47:317][ 4868.214000] [  WARN] Idle Task: bl616_pmtickless: --->>> [10]:On, [H]:9696, [19:netMonitorTask]
[21:46:50:363][ 4871.252000] [  WARN] Idle Task: bl616_pmtickless: <<<--- [R]:WIFI, [R]:3026, [W]:4762, [L]:224
[21:46:50:395][ 4871.289000] [  WARN] Idle Task: bl616_pmtickless: --->>> [10]:On, [H]:6621, [19:netMonitorTask]
[21:46:55:481][ 4876.374000] [  WARN] Idle Task: bl616_pmtickless: <<<--- [R]:WIFI, [R]:5074, [W]:4767, [L]:224
[21:46:55:513][ 4876.411000] [  WARN] Idle Task: bl616_pmtickless: --->>> [10]:On, [H]:1499, [19:netMonitorTask]
[21:46:57:013][ 4877.931000] [  WARN] Idle Task: bl616_pmtickless: <<<--- [R]:RTC, [R]:1508, [W]:4768, [L]:224
[21:46:57:029][ 4877.942000] [  INFO] netMonitorTask: [21:46:55.942 ] miio_monitor: work time = 4877s, memory left = 111632
[21:46:57:046][ 4877.949000] [ DEBUG] netMonitorTask: [21:46:55.949 ] miio_net: sta offline 0 times in last 600s
[21:46:57:062][ 4877.960000] [  WARN] Idle Task: bl616_pmtickless: --->>> [10]:On, [H]:40503, [15:mi_otn]
[21:47:01:620][ 4882.523000] [  WARN] Idle Task: bl616_pmtickless: <<<--- [R]:WIFI, [R]:4552, [W]:4773, [L]:224
[21:47:01:652][ 4882.558000] [  WARN] Idle Task: bl616_pmtickless: --->>> [10]:On, [H]:35905, [15:mi_otn]
[21:47:08:781][ 4889.694000] [  WARN] Idle Task: bl616_pmtickless: <<<--- [R]:WIFI, [R]:7125, [W]:4780, [L]:224
[21:47:08:829][ 4889.728000] [  WARN] Idle Task: bl616_pmtickless: --->>> [10]:On, [H]:28735, [15:mi_otn]
[21:47:20:058][ 4900.961000] [  WARN] Idle Task: bl616_pmtickless: <<<--- [R]:WIFI, [R]:11222, [W]:4791, [L]:224
[21:47:20:090][ 4900.996000] [  WARN] Idle Task: bl616_pmtickless: --->>> [10]:On, [H]:17467, [15:mi_otn]
[21:47:37:561][ 4918.483000] [  WARN] Idle Task: bl616_pmtickless: <<<--- [R]:RTC, [R]:17476, [W]:4808, [L]:224
[21:47:37:574][ 4918.495000] [  INFO] mi_otn: [21:47:36.495 ] ots: -->kplv sent.
[21:47:37:589][ 4918.501000] [  WARN] Idle Task: bl616_pmtickless: --->>> [10]:On, [H]:2994, [1174644928:]
[21:47:39:508][ 4920.423000] [  WARN] Idle Task: bl616_pmtickless: <<<--- [R]:WIFI, [R]:1911, [W]:4810, [L]:224
[21:47:39:541][ 4920.458000] [  WARN] Idle Task: bl616_pmtickless: --->>> [10]:On, [H]:1037, [1174644928:]
[21:47:40:603][ 4921.515000] [  WARN] Idle Task: bl616_pmtickless: <<<--- [R]:RTC, [R]:1046, [W]:4811, [L]:224
[21:47:40:603][ 4921.528000] [  WARN] Idle Task: bl616_pmtickless: --->>> [10]:On, [H]:5997, [1174644928:]
[21:47:41:553][ 4922.475000] [  WARN] Idle Task: bl616_pmtickless: <<<--- [R]:WIFI, [R]:936, [W]:4812, [L]:224
[21:47:41:553][ 4922.493000] [ DEBUG] ots_task: [21:47:40.492 ] ots: recvd 8Bytes
[21:47:41:569][ 4922.496000] [  INFO] ots_task: [21:47:40.496 ] ots: <--kplv ack.
[21:47:41:569][ 4922.502000] [ DEBUG] ots_task: [21:47:40.502 ] ots: event emit[id=11,txt=ots.keeplive,ext_len=0]
[21:47:41:585][ 4922.511000] [ DEBUG] ots_task: [21:47:40.511 ] ots: keeplive costtime = 4012
[21:47:41:585][ 4922.518000] [ DEBUG] mi_otn: [21:47:40.518 ] ots: ots.keeplive[11] happened!
[21:47:41:602][ 4922.527000] [  WARN] Idle Task: bl616_pmtickless: --->>> [10]:On, [H]:90999, [15:mi_otn]
[21:47:46:686][ 4927.599000] [  WARN] Idle Task: bl616_pmtickless: <<<--- [R]:WIFI, [R]:5061, [W]:4817, [L]:224
[21:47:46:717][ 4927.632000] [  WARN] Idle Task: bl616_pmtickless: --->>> [10]:On, [H]:85895, [15:mi_otn]
[21:48:15:356][ 4956.276000] [  WARN] Idle Task: bl616_pmtickless: <<<--- [R]:WIFI, [R]:28633, [W]:4845, [L]:224
[21:48:15:387][ 4956.310000] [  WARN] Idle Task: bl616_pmtickless: --->>> [10]:On, [H]:57216, [15:mi_otn]
[21:48:48:109][ 4989.050000] [  WARN] Idle Task: bl616_pmtickless: <<<--- [R]:WIFI, [R]:32729, [W]:4877, [L]:224
[21:48:48:141][ 4989.082000] [  WARN] Idle Task: bl616_pmtickless: --->>> [10]:On, [H]:24444, [15:mi_otn]
[21:49:12:596][ 5013.546000] [  WARN] Idle Task: bl616_pmtickless: <<<--- [R]:RTC, [R]:24453, [W]:4900, [L]:224
[21:49:12:612][ 5013.558000] [  INFO] mi_otn: [21:49:11.558 ] ots: -->kplv sent.
[21:49:12:628][ 5013.564000] [  WARN] Idle Task: bl616_pmtickless: --->>> [10]:On, [H]:5993, [1174644928:]
[21:49:13:722][ 5014.659000] [  WARN] Idle Task: bl616_pmtickless: <<<--- [R]:WIFI, [R]:1084, [W]:4902, [L]:224
[21:49:13:722][ 5014.675000] [ DEBUG] ots_task: [21:49:12.675 ] ots: recvd 8Bytes
[21:49:13:722][ 5014.678000] [  INFO] ots_task: [21:49:12.678 ] ots: <--kplv ack.
[21:49:13:738][ 5014.684000] [ DEBUG] ots_task: [21:49:12.684 ] ots: event emit[id=11,txt=ots.keeplive,ext_len=0]
[21:49:13:738][ 5014.693000] [ DEBUG] ots_task: [21:49:12.693 ] ots: keeplive costtime = 1132
[21:49:13:754][ 5014.701000] [ DEBUG] mi_otn: [21:49:12.700 ] ots: ots.keeplive[11] happened!
[21:49:13:770][ 5014.710000] [  WARN] Idle Task: bl616_pmtickless: --->>> [10]:On, [H]:90998, [15:mi_otn]
[21:49:17:817][ 5018.756000] [  WARN] Idle Task: bl616_pmtickless: <<<--- [R]:WIFI, [R]:4035, [W]:4906, [L]:224
[21:49:17:849][ 5018.790000] [  WARN] Idle Task: bl616_pmtickless: --->>> [10]:On, [H]:86918, [15:mi_otn]
[21:49:23:957][ 5024.903000] [  WARN] Idle Task: bl616_pmtickless: <<<--- [R]:WIFI, [R]:6101, [W]:4912, [L]:224
[21:49:23:993][ 5024.937000] [  WARN] Idle Task: bl616_pmtickless: --->>> [10]:On, [H]:80771, [15:mi_otn]
[21:50:18:232][ 5079.184000] [  WARN] Idle Task: bl616_pmtickless: <<<--- [R]:WIFI, [R]:54236, [W]:4965, [L]:224
[21:50:18:264][ 5079.216000] [  WARN] Idle Task: bl616_pmtickless: --->>> [10]:On, [H]:26492, [15:mi_otn]
[21:50:44:752][ 5105.728000] [  WARN] Idle Task: bl616_pmtickless: <<<--- [R]:RTC, [R]:26501, [W]:4991, [L]:225
[21:50:44:778][ 5105.741000] [  INFO] mi_otn: [21:50:43.740 ] ots: -->kplv sent.
[21:50:44:783][ 5105.746000] [  WARN] Idle Task: bl616_pmtickless: --->>> [10]:On, [H]:5994, [1174644928:]
[21:50:45:672][ 5106.637000] [  WARN] Idle Task: bl616_pmtickless: <<<--- [R]:WIFI, [R]:880, [W]:4992, [L]:225
[21:50:45:672][ 5106.653000] [ DEBUG] ots_task: [21:50:44.652 ] ots: recvd 8Bytes
[21:50:45:689][ 5106.656000] [  INFO] ots_task: [21:50:44.656 ] ots: <--kplv ack.
[21:50:45:689][ 5106.662000] [ DEBUG] ots_task: [21:50:44.662 ] ots: event emit[id=11,txt=ots.keeplive,ext_len=0]
[21:50:45:704][ 5106.671000] [ DEBUG] ots_task: [21:50:44.671 ] ots: keeplive costtime = 927
[21:50:45:704][ 5106.678000] [ DEBUG] mi_otn: [21:50:44.678 ] ots: ots.keeplive[11] happened!
[21:50:45:720][ 5106.687000] [  WARN] Idle Task: bl616_pmtickless: --->>> [10]:On, [H]:71272, [19:netMonitorTask]
[21:50:50:789][ 5111.757000] [  WARN] Idle Task: bl616_pmtickless: <<<--- [R]:WIFI, [R]:5058, [W]:4997, [L]:225
[21:50:50:821][ 5111.792000] [  WARN] Idle Task: bl616_pmtickless: --->>> [10]:On, [H]:66167, [19:netMonitorTask]
[21:51:25:618][ 5146.580000] [  WARN] Idle Task: bl616_pmtickless: <<<--- [R]:WIFI, [R]:34776, [W]:5031, [L]:225
[21:51:25:650][ 5146.616000] [  WARN] Idle Task: bl616_pmtickless: --->>> [10]:On, [H]:31343, [19:netMonitorTask]
[21:51:56:999][ 5177.980000] [  WARN] Idle Task: bl616_pmtickless: <<<--- [R]:RTC, [R]:31352, [W]:5061, [L]:225
[21:51:56:999][ 5177.991000] [  INFO] netMonitorTask: [21:51:55.991 ] miio_monitor: work time = 5177s, memory left = 111632
[21:51:57:031][ 5177.998000] [ DEBUG] netMonitorTask: [21:51:55.998 ] miio_net: sta offline 0 times in last 600s
[21:51:57:031][ 5178.009000] [  WARN] Idle Task: bl616_pmtickless: --->>> [10]:On, [H]:19677, [15:mi_otn]
[21:52:16:720][ 5197.706000] [  WARN] Idle Task: bl616_pmtickless: <<<--- [R]:RTC, [R]:19686, [W]:5081, [L]:226
[21:52:16:720][ 5197.719000] [  INFO] mi_otn: [21:52:15.719 ] ots: -->kplv sent.
[21:52:16:736][ 5197.725000] [  WARN] Idle Task: bl616_pmtickless: --->>> [10]:On, [H]:5992, [1174644928:]
[21:52:17:623][ 5198.611000] [  WARN] Idle Task: bl616_pmtickless: <<<--- [R]:WIFI, [R]:875, [W]:5082, [L]:226
[21:52:17:639][ 5198.628000] [ DEBUG] ots_task: [21:52:16.628 ] ots: recvd 8Bytes
[21:52:17:639][ 5198.632000] [  INFO] ots_task: [21:52:16.632 ] ots: <--kplv ack.
[21:52:17:655][ 5198.638000] [ DEBUG] ots_task: [21:52:16.638 ] ots: event emit[id=11,txt=ots.keeplive,ext_len=0]
[21:52:17:655][ 5198.647000] [ DEBUG] ots_task: [21:52:16.647 ] ots: keeplive costtime = 925
[21:52:17:655][ 5198.654000] [ DEBUG] mi_otn: [21:52:16.654 ] ots: ots.keeplive[11] happened!
[21:52:17:688][ 5198.663000] [  WARN] Idle Task: bl616_pmtickless: --->>> [10]:On, [H]:38899, [15:mi_otn]
[21:52:22:746][ 5203.733000] [  WARN] Idle Task: bl616_pmtickless: <<<--- [R]:WIFI, [R]:5059, [W]:5087, [L]:226
[21:52:22:779][ 5203.767000] [  WARN] Idle Task: bl616_pmtickless: --->>> [10]:On, [H]:33795, [15:mi_otn]
[21:52:56:593][ 5237.582000] [  WARN] Idle Task: bl616_pmtickless: <<<--- [R]:RTC, [R]:33804, [W]:5120, [L]:226
[21:52:56:593][ 5237.598000] [ DEBUG] mi_otn: [21:52:55.598 ] miio_ot: st[1775241363], dura[1800]
[21:52:56:609][ 5237.605000] [  WARN] Idle Task: bl616_pmtickless: --->>> [10]:On, [H]:52068, [15:mi_otn]
[21:53:19:074][ 5260.063000] [  WARN] Idle Task: bl616_pmtickless: <<<--- [R]:WIFI, [R]:22447, [W]:5142, [L]:226
[21:53:19:106][ 5260.099000] [  WARN] Idle Task: bl616_pmtickless: --->>> [10]:On, [H]:29574, [15:mi_otn]
[21:53:32:184][ 5273.176000] [  WARN] Idle Task: bl616_pmtickless: <<<--- [R]:WIFI, [R]:13066, [W]:5155, [L]:227
[21:53:32:216][ 5273.206000] [  WARN] Idle Task: bl616_pmtickless: --->>> [10]:On, [H]:16467, [15:mi_otn]
[21:53:48:689][ 5289.693000] [  WARN] Idle Task: bl616_pmtickless: <<<--- [R]:RTC, [R]:16476, [W]:5171, [L]:227
[21:53:48:690][ 5289.705000] [  INFO] mi_otn: [21:53:47.705 ] ots: -->kplv sent.
[21:53:48:706][ 5289.711000] [  WARN] Idle Task: bl616_pmtickless: --->>> [10]:On, [H]:5993, [1174644928:]
[21:53:49:591][ 5290.590000] [  WARN] Idle Task: bl616_pmtickless: <<<--- [R]:WIFI, [R]:868, [W]:5172, [L]:227
[21:53:49:591][ 5290.609000] [ DEBUG] ots_task: [21:53:48.609 ] ots: recvd 8Bytes
[21:53:49:591][ 5290.613000] [  INFO] ots_task: [21:53:48.613 ] ots: <--kplv ack.
[21:53:49:608][ 5290.619000] [ DEBUG] ots_task: [21:53:48.618 ] ots: event emit[id=11,txt=ots.keeplive,ext_len=0]
[21:53:49:608][ 5290.627000] [ DEBUG] ots_task: [21:53:48.627 ] ots: keeplive costtime = 919
[21:53:49:640][ 5290.635000] [ DEBUG] mi_otn: [21:53:48.635 ] ots: ots.keeplive[11] happened!
[21:53:49:640][ 5290.644000] [  WARN] Idle Task: bl616_pmtickless: --->>> [10]:On, [H]:90998, [15:mi_otn]
[21:53:54:701][ 5295.711000] [  WARN] Idle Task: bl616_pmtickless: <<<--- [R]:WIFI, [R]:5056, [W]:5177, [L]:227
[21:53:54:733][ 5295.745000] [  WARN] Idle Task: bl616_pmtickless: --->>> [10]:On, [H]:85897, [15:mi_otn]
[21:54:49:802][ 5350.812000] [  WARN] Idle Task: bl616_pmtickless: <<<--- [R]:WIFI, [R]:55056, [W]:5231, [L]:228
[21:54:49:833][ 5350.844000] [  WARN] Idle Task: bl616_pmtickless: --->>> [10]:On, [H]:30798, [15:mi_otn]
[21:55:20:628][ 5381.662000] [  WARN] Idle Task: bl616_pmtickless: <<<--- [R]:RTC, [R]:30807, [W]:5261, [L]:228
[21:55:20:660][ 5381.675000] [  INFO] mi_otn: [21:55:19.674 ] ots: -->kplv sent.
[21:55:20:660][ 5381.680000] [  WARN] Idle Task: bl616_pmtickless: --->>> [10]:On, [H]:5993, [1174644928:]
[21:55:21:549][ 5382.563000] [  WARN] Idle Task: bl616_pmtickless: <<<--- [R]:WIFI, [R]:872, [W]:5262, [L]:228
[21:55:21:549][ 5382.581000] [ DEBUG] ots_task: [21:55:20.580 ] ots: recvd 8Bytes
[21:55:21:549][ 5382.584000] [  INFO] ots_task: [21:55:20.584 ] ots: <--kplv ack.
[21:55:21:565][ 5382.590000] [ DEBUG] ots_task: [21:55:20.590 ] ots: event emit[id=11,txt=ots.keeplive,ext_len=0]
[21:55:21:565][ 5382.599000] [ DEBUG] ots_task: [21:55:20.599 ] ots: keeplive costtime = 921
[21:55:21:581][ 5382.606000] [ DEBUG] mi_otn: [21:55:20.606 ] ots: ots.keeplive[11] happened!
[21:55:21:597][ 5382.615000] [  WARN] Idle Task: bl616_pmtickless: --->>> [10]:On, [H]:17979, [7:WPA]
[21:55:22:565][ 5383.590000] [  WARN] Idle Task: bl616_pmtickless: <<<--- [R]:WIFI, [R]:964, [W]:5263, [L]:228
[21:55:22:597][ 5383.623000] [  WARN] Idle Task: bl616_pmtickless: --->>> [10]:On, [H]:16971, [7:WPA]
[21:55:26:667][ 5387.688000] [  WARN] Idle Task: bl616_pmtickless: <<<--- [R]:WIFI, [R]:4055, [W]:5267, [L]:228
[21:55:26:700][ 5387.721000] [  WARN] Idle Task: bl616_pmtickless: --->>> [10]:On, [H]:12873, [7:WPA]
[21:55:39:574][ 5400.614000] [  WARN] Idle Task: bl616_pmtickless: <<<--- [R]:RTC, [R]:12882, [W]:5279, [L]:228
[21:55:39:590][ 5400.625000] [  WARN] Idle Task: bl616_pmtickless: --->>> [10]:On, [H]:11182, [20:mi_mcmd]
[21:55:50:793][ 5411.827000] [  WARN] Idle Task: bl616_pmtickless: <<<--- [R]:RTC, [R]:11191, [W]:5290, [L]:228
[21:55:50:808][ 5411.841000] [  WARN] Idle Task: bl616_pmtickless: --->>> [10]:On, [H]:61773, [15:mi_otn]
[21:56:20:929][ 5441.973000] [  WARN] Idle Task: bl616_pmtickless: <<<--- [R]:WIFI, [R]:30121, [W]:5320, [L]:228
[21:56:20:960][ 5442.006000] [  WARN] Idle Task: bl616_pmtickless: --->>> [10]:On, [H]:31608, [15:mi_otn]
[21:56:52:579][ 5473.634000] [  WARN] Idle Task: bl616_pmtickless: <<<--- [R]:RTC, [R]:31617, [W]:5350, [L]:228
[21:56:52:595][ 5473.647000] [  INFO] mi_otn: [21:56:51.647 ] ots: -->kplv sent.
[21:56:52:611][ 5473.653000] [  WARN] Idle Task: bl616_pmtickless: --->>> [10]:On, [H]:4355, [19:netMonitorTask]
[21:56:52:675][ 5473.726000] [  WARN] Idle Task: bl616_pmtickless: <<<--- [R]:WIFI, [R]:61, [W]:5351, [L]:228
[21:56:52:691][ 5473.743000] [ DEBUG] ots_task: [21:56:51.743 ] ots: recvd 8Bytes
[21:56:52:691][ 5473.746000] [  INFO] ots_task: [21:56:51.746 ] ots: <--kplv ack.
[21:56:52:691][ 5473.752000] [ DEBUG] ots_task: [21:56:51.752 ] ots: event emit[id=11,txt=ots.keeplive,ext_len=0]
[21:56:52:706][ 5473.761000] [ DEBUG] ots_task: [21:56:51.761 ] ots: keeplive costtime = 110
[21:56:52:706][ 5473.768000] [ DEBUG] mi_otn: [21:56:51.768 ] ots: ots.keeplive[11] happened!
[21:56:52:738][ 5473.777000] [  WARN] Idle Task: bl616_pmtickless: --->>> [10]:On, [H]:4231, [19:netMonitorTask]
[21:56:56:978][ 5478.029000] [  WARN] Idle Task: bl616_pmtickless: <<<--- [R]:RTC, [R]:4240, [W]:5355, [L]:228
[21:56:56:982][ 5478.040000] [  INFO] netMonitorTask: [21:56:56.040 ] miio_monitor: work time = 5478s, memory left = 111632
[21:56:56:996][ 5478.047000] [ DEBUG] netMonitorTask: [21:56:56.047 ] miio_net: sta offline 0 times in last 600s
[21:56:57:012][ 5478.058000] [  WARN] Idle Task: bl616_pmtickless: --->>> [10]:On, [H]:86718, [15:mi_otn]
[21:56:57:794][ 5478.851000] [  WARN] Idle Task: bl616_pmtickless: <<<--- [R]:WIFI, [R]:782, [W]:5356, [L]:228
[21:56:57:826][ 5478.881000] [  WARN] Idle Task: bl616_pmtickless: --->>> [10]:On, [H]:85895, [15:mi_otn]
[21:57:22:380][ 5503.432000] [  WARN] Idle Task: bl616_pmtickless: <<<--- [R]:WIFI, [R]:24540, [W]:5380, [L]:228
[21:57:22:412][ 5503.463000] [  WARN] Idle Task: bl616_pmtickless: --->>> [10]:On, [H]:61313, [15:mi_otn]
[21:58:21:773][ 5562.834000] [  WARN] Idle Task: bl616_pmtickless: <<<--- [R]:WIFI, [R]:59360, [W]:5438, [L]:228
[21:58:21:789][ 5562.863000] [  WARN] Idle Task: bl616_pmtickless: --->>> [10]:On, [H]:1913, [15:mi_otn]
[21:58:23:723][ 5564.796000] [  WARN] Idle Task: bl616_pmtickless: <<<--- [R]:RTC, [R]:1922, [W]:5439, [L]:228
[21:58:23:723][ 5564.808000] [  INFO] mi_otn: [21:58:22.808 ] ots: -->kplv sent.
[21:58:23:739][ 5564.814000] [  WARN] Idle Task: bl616_pmtickless: --->>> [10]:On, [H]:5993, [1174644928:]
[21:58:23:820][ 5564.885000] [  WARN] Idle Task: bl616_pmtickless: <<<--- [R]:WIFI, [R]:60, [W]:5440, [L]:228
[21:58:23:820][ 5564.901000] [ DEBUG] ots_task: [21:58:22.901 ] ots: recvd 8Bytes
[21:58:23:820][ 5564.905000] [  INFO] ots_task: [21:58:22.905 ] ots: <--kplv ack.
[21:58:23:836][ 5564.911000] [ DEBUG] ots_task: [21:58:22.911 ] ots: event emit[id=11,txt=ots.keeplive,ext_len=0]
[21:58:23:836][ 5564.920000] [ DEBUG] ots_task: [21:58:22.920 ] ots: keeplive costtime = 108
[21:58:23:852][ 5564.927000] [ DEBUG] mi_otn: [21:58:22.927 ] ots: ots.keeplive[11] happened!
[21:58:23:868][ 5564.936000] [  WARN] Idle Task: bl616_pmtickless: --->>> [10]:On, [H]:90999, [15:mi_otn]
[21:58:28:931][ 5570.007000] [  WARN] Idle Task: bl616_pmtickless: <<<--- [R]:WIFI, [R]:5060, [W]:5445, [L]:228
[21:58:28:964][ 5570.041000] [  WARN] Idle Task: bl616_pmtickless: --->>> [10]:On, [H]:85894, [15:mi_otn]
[21:59:19:935][ 5621.011000] [  WARN] Idle Task: bl616_pmtickless: <<<--- [R]:WIFI, [R]:50959, [W]:5496, [L]:233
[21:59:19:967][ 5621.046000] [  WARN] Idle Task: bl616_pmtickless: --->>> [10]:On, [H]:34889, [15:mi_otn]
[21:59:52:500][ 5653.581000] [  WARN] Idle Task: bl616_pmtickless: <<<--- [R]:WIFI, [R]:32524, [W]:5528, [L]:234
[21:59:52:532][ 5653.612000] [  WARN] Idle Task: bl616_pmtickless: --->>> [10]:On, [H]:2323, [15:mi_otn]
[21:59:54:865][ 5655.955000] [  WARN] Idle Task: bl616_pmtickless: <<<--- [R]:RTC, [R]:2332, [W]:5530, [L]:234
[21:59:54:865][ 5655.968000] [  INFO] mi_otn: [21:59:53.968 ] ots: -->kplv sent.
[21:59:54:881][ 5655.974000] [  WARN] Idle Task: bl616_pmtickless: --->>> [10]:On, [H]:5992, [1174644928:]
[21:59:55:573][ 5656.657000] [  WARN] Idle Task: bl616_pmtickless: <<<--- [R]:WIFI, [R]:672, [W]:5531, [L]:234
[21:59:55:573][ 5656.674000] [ DEBUG] ots_task: [21:59:54.674 ] ots: recvd 8Bytes
[21:59:55:573][ 5656.678000] [  INFO] ots_task: [21:59:54.678 ] ots: <--kplv ack.
[21:59:55:589][ 5656.684000] [ DEBUG] ots_task: [21:59:54.683 ] ots: event emit[id=11,txt=ots.keeplive,ext_len=0]
[21:59:55:589][ 5656.693000] [ DEBUG] ots_task: [21:59:54.692 ] ots: keeplive costtime = 722
[21:59:55:605][ 5656.700000] [ DEBUG] mi_otn: [21:59:54.700 ] ots: ots.keeplive[11] happened!
[21:59:55:621][ 5656.709000] [  WARN] Idle Task: bl616_pmtickless: --->>> [10]:On, [H]:90998, [15:mi_otn]
[22:00:00:694][ 5661.778000] [  WARN] Idle Task: bl616_pmtickless: <<<--- [R]:WIFI, [R]:5058, [W]:5536, [L]:234
[22:00:00:724][ 5661.817000] [  WARN] Idle Task: bl616_pmtickless: --->>> [10]:On, [H]:85890, [15:mi_otn]
[22:00:52:916][ 5714.012000] [  WARN] Idle Task: bl616_pmtickless: <<<--- [R]:WIFI, [R]:52184, [W]:5587, [L]:234
[22:00:52:948][ 5714.044000] [  WARN] Idle Task: bl616_pmtickless: --->>> [10]:On, [H]:33663, [15:mi_otn]
[22:01:15:434][ 5736.545000] [  WARN] Idle Task: bl616_pmtickless: <<<--- [R]:WIFI, [R]:22490, [W]:5609, [L]:234
[22:01:15:465][ 5736.575000] [  WARN] Idle Task: bl616_pmtickless: --->>> [10]:On, [H]:11132, [15:mi_otn]
[22:01:20:561][ 5741.668000] [  WARN] Idle Task: bl616_pmtickless: <<<--- [R]:WIFI, [R]:5082, [W]:5614, [L]:234
[22:01:20:593][ 5741.701000] [  WARN] Idle Task: bl616_pmtickless: --->>> [10]:On, [H]:6006, [15:mi_otn]
[22:01:26:604][ 5747.727000] [  WARN] Idle Task: bl616_pmtickless: <<<--- [R]:RTC, [R]:6015, [W]:5619, [L]:234
[22:01:26:620][ 5747.739000] [  INFO] mi_otn: [22:01:25.739 ] ots: -->kplv sent.
[22:01:26:636][ 5747.745000] [  WARN] Idle Task: bl616_pmtickless: --->>> [10]:On, [H]:5993, [1174644928:]
[22:01:26:701][ 5747.818000] [  WARN] Idle Task: bl616_pmtickless: <<<--- [R]:WIFI, [R]:62, [W]:5620, [L]:234
[22:01:26:716][ 5747.836000] [ DEBUG] ots_task: [22:01:25.836 ] ots: recvd 8Bytes
[22:01:26:716][ 5747.840000] [  INFO] ots_task: [22:01:25.839 ] ots: <--kplv ack.
[22:01:26:733][ 5747.845000] [ DEBUG] ots_task: [22:01:25.845 ] ots: event emit[id=11,txt=ots.keeplive,ext_len=0]
[22:01:26:733][ 5747.854000] [ DEBUG] ots_task: [22:01:25.854 ] ots: keeplive costtime = 111
[22:01:26:733][ 5747.862000] [ DEBUG] mi_otn: [22:01:25.862 ] ots: ots.keeplive[11] happened!
[22:01:26:765][ 5747.871000] [  WARN] Idle Task: bl616_pmtickless: --->>> [10]:On, [H]:30186, [19:netMonitorTask]
[22:01:31:825][ 5752.939000] [  WARN] Idle Task: bl616_pmtickless: <<<--- [R]:WIFI, [R]:5057, [W]:5625, [L]:234
[22:01:31:857][ 5752.972000] [  WARN] Idle Task: bl616_pmtickless: --->>> [10]:On, [H]:25085, [19:netMonitorTask]
[22:01:56:943][ 5778.078000] [  WARN] Idle Task: bl616_pmtickless: <<<--- [R]:RTC, [R]:25094, [W]:5649, [L]:235
[22:01:56:959][ 5778.089000] [  INFO] netMonitorTask: [22:01:56.089 ] miio_monitor: work time = 5778s, memory left = 111632
[22:01:56:975][ 5778.096000] [ DEBUG] netMonitorTask: [22:01:56.096 ] miio_net: sta offline 0 times in last 600s
[22:01:56:991][ 5778.108000] [  WARN] Idle Task: bl616_pmtickless: --->>> [10]:On, [H]:59497, [15:mi_otn]
[22:02:22:618][ 5803.739000] [  WARN] Idle Task: bl616_pmtickless: <<<--- [R]:WIFI, [R]:25621, [W]:5675, [L]:236
[22:02:22:647][ 5803.773000] [  WARN] Idle Task: bl616_pmtickless: --->>> [10]:On, [H]:33831, [15:mi_otn]
[22:02:56:497][ 5837.624000] [  WARN] Idle Task: bl616_pmtickless: <<<--- [R]:RTC, [R]:33840, [W]:5708, [L]:237
[22:02:56:497][ 5837.640000] [ DEBUG] mi_otn: [22:02:55.640 ] miio_ot: st[1775241363], dura[1800]
[22:02:56:513][ 5837.647000] [  WARN] Idle Task: bl616_pmtickless: --->>> [10]:On, [H]:1234, [15:mi_otn]
[22:02:57:765][ 5838.901000] [  WARN] Idle Task: bl616_pmtickless: <<<--- [R]:RTC, [R]:1243, [W]:5709, [L]:237
[22:02:57:765][ 5838.914000] [  INFO] mi_otn: [22:02:56.913 ] ots: -->kplv sent.
[22:02:57:781][ 5838.919000] [  WARN] Idle Task: bl616_pmtickless: --->>> [10]:On, [H]:5993, [1174644928:]
[22:02:58:248][ 5839.385000] [  WARN] Idle Task: bl616_pmtickless: <<<--- [R]:WIFI, [R]:455, [W]:5710, [L]:237
[22:02:58:248][ 5839.401000] [ DEBUG] ots_task: [22:02:57.401 ] ots: recvd 8Bytes
[22:02:58:264][ 5839.405000] [  INFO] ots_task: [22:02:57.405 ] ots: <--kplv ack.
[22:02:58:264][ 5839.410000] [ DEBUG] ots_task: [22:02:57.410 ] ots: event emit[id=11,txt=ots.keeplive,ext_len=0]
[22:02:58:281][ 5839.420000] [ DEBUG] ots_task: [22:02:57.419 ] ots: keeplive costtime = 502
[22:02:58:281][ 5839.427000] [ DEBUG] mi_otn: [22:02:57.427 ] ots: ots.keeplive[11] happened!
[22:02:58:297][ 5839.436000] [  WARN] Idle Task: bl616_pmtickless: --->>> [10]:On, [H]:90998, [15:mi_otn]
[22:03:03:371][ 5844.508000] [  WARN] Idle Task: bl616_pmtickless: <<<--- [R]:WIFI, [R]:5061, [W]:5715, [L]:237
[22:03:03:404][ 5844.540000] [  WARN] Idle Task: bl616_pmtickless: --->>> [10]:On, [H]:85894, [15:mi_otn]
[22:03:28:772][ 5869.908000] [  WARN] Idle Task: bl616_pmtickless: <<<--- [R]:WIFI, [R]:25357, [W]:5740, [L]:238
[22:03:28:788][ 5869.938000] [  WARN] Idle Task: bl616_pmtickless: --->>> [10]:On, [H]:60496, [15:mi_otn]
[22:03:31:838][ 5872.981000] [  WARN] Idle Task: bl616_pmtickless: <<<--- [R]:WIFI, [R]:3032, [W]:5743, [L]:238
[22:03:31:870][ 5873.010000] [  WARN] Idle Task: bl616_pmtickless: --->>> [10]:On, [H]:57424, [15:mi_otn]
[22:03:32:865][ 5874.006000] [  WARN] Idle Task: bl616_pmtickless: <<<--- [R]:WIFI, [R]:985, [W]:5744, [L]:238
[22:03:32:897][ 5874.041000] [  WARN] Idle Task: bl616_pmtickless: --->>> [10]:On, [H]:56393, [15:mi_otn]
[22:03:35:938][ 5877.082000] [  WARN] Idle Task: bl616_pmtickless: <<<--- [R]:WIFI, [R]:3030, [W]:5747, [L]:238
[22:03:35:970][ 5877.115000] [  WARN] Idle Task: bl616_pmtickless: --->>> [10]:On, [H]:53319, [15:mi_otn]
[22:03:36:952][ 5878.109000] [  WARN] Idle Task: bl616_pmtickless: <<<--- [R]:WIFI, [R]:982, [W]:5748, [L]:238
[22:03:36:984][ 5878.138000] [  WARN] Idle Task: bl616_pmtickless: --->>> [10]:On, [H]:52296, [15:mi_otn]
[22:03:41:468][ 5882.616000] [  WARN] Idle Task: bl616_pmtickless: <<<--- [R]:WIFI, [R]:4467, [W]:5753, [L]:240
[22:03:41:502][ 5882.647000] [  WARN] Idle Task: bl616_pmtickless: --->>> [10]:On, [H]:47787, [15:mi_otn]
[22:03:42:482][ 5883.643000] [  WARN] Idle Task: bl616_pmtickless: <<<--- [R]:WIFI, [R]:985, [W]:5754, [L]:240
[22:03:42:513][ 5883.676000] [  WARN] Idle Task: bl616_pmtickless: --->>> [10]:On, [H]:46758, [15:mi_otn]
[22:03:50:677][ 5891.838000] [  WARN] Idle Task: bl616_pmtickless: <<<--- [R]:WIFI, [R]:8151, [W]:5762, [L]:240
[22:03:50:708][ 5891.869000] [  WARN] Idle Task: bl616_pmtickless: --->>> [10]:On, [H]:38565, [15:mi_otn]
[22:04:03:987][ 5905.155000] [  WARN] Idle Task: bl616_pmtickless: <<<--- [R]:WIFI, [R]:13275, [W]:5775, [L]:240
[22:04:04:019][ 5905.188000] [  WARN] Idle Task: bl616_pmtickless: --->>> [10]:On, [H]:25246, [15:mi_otn]
[22:04:25:287][ 5926.458000] [  WARN] Idle Task: bl616_pmtickless: <<<--- [R]:WIFI, [R]:21259, [W]:5796, [L]:241
[22:04:25:319][ 5926.487000] [  WARN] Idle Task: bl616_pmtickless: --->>> [10]:On, [H]:3947, [15:mi_otn]
[22:04:29:280][ 5930.454000] [  WARN] Idle Task: bl616_pmtickless: <<<--- [R]:RTC, [R]:3956, [W]:5799, [L]:241
[22:04:29:280][ 5930.466000] [  INFO] mi_otn: [22:04:28.466 ] ots: -->kplv sent.
[22:04:29:297][ 5930.472000] [  WARN] Idle Task: bl616_pmtickless: --->>> [10]:On, [H]:5993, [1174644928:]
[22:04:30:204][ 5931.378000] [  WARN] Idle Task: bl616_pmtickless: <<<--- [R]:WIFI, [R]:895, [W]:5801, [L]:242
[22:04:30:220][ 5931.397000] [ DEBUG] ots_task: [22:04:29.396 ] ots: recvd 8Bytes
[22:04:30:220][ 5931.401000] [  INFO] ots_task: [22:04:29.400 ] ots: <--kplv ack.
[22:04:30:220][ 5931.406000] [ DEBUG] ots_task: [22:04:29.406 ] ots: event emit[id=11,txt=ots.keeplive,ext_len=0]
[22:04:30:236][ 5931.415000] [ DEBUG] ots_task: [22:04:29.415 ] ots: keeplive costtime = 946
[22:04:30:236][ 5931.423000] [ DEBUG] mi_otn: [22:04:29.423 ] ots: ots.keeplive[11] happened!
[22:04:30:269][ 5931.432000] [  WARN] Idle Task: bl616_pmtickless: --->>> [10]:On, [H]:90998, [15:mi_otn]
[22:04:35:327][ 5936.501000] [  WARN] Idle Task: bl616_pmtickless: <<<--- [R]:WIFI, [R]:5058, [W]:5806, [L]:242
[22:04:35:359][ 5936.537000] [  WARN] Idle Task: bl616_pmtickless: --->>> [10]:On, [H]:85893, [15:mi_otn]
[22:04:36:353][ 5937.528000] [  WARN] Idle Task: bl616_pmtickless: <<<--- [R]:WIFI, [R]:980, [W]:5807, [L]:242
[22:04:36:385][ 5937.559000] [  WARN] Idle Task: bl616_pmtickless: --->>> [10]:On, [H]:84871, [15:mi_otn]
[22:04:37:379][ 5938.553000] [  WARN] Idle Task: bl616_pmtickless: <<<--- [R]:WIFI, [R]:983, [W]:5808, [L]:242
[22:04:37:411][ 5938.581000] [  WARN] Idle Task: bl616_pmtickless: --->>> [10]:On, [H]:83849, [15:mi_otn]
[22:05:08:908][ 5970.098000] [  WARN] Idle Task: bl616_pmtickless: <<<--- [R]:WIFI, [R]:31506, [W]:5839, [L]:243
[22:05:08:940][ 5970.127000] [  WARN] Idle Task: bl616_pmtickless: --->>> [10]:On, [H]:52303, [15:mi_otn]
[22:05:54:169][ 6015.367000] [  WARN] Idle Task: bl616_pmtickless: <<<--- [R]:WIFI, [R]:45229, [W]:5884, [L]:247
[22:05:54:202][ 6015.396000] [  WARN] Idle Task: bl616_pmtickless: --->>> [10]:On, [H]:7034, [15:mi_otn]
[22:06:01:257][ 6022.450000] [  WARN] Idle Task: bl616_pmtickless: <<<--- [R]:RTC, [R]:7043, [W]:5891, [L]:248
[22:06:01:273][ 6022.462000] [  INFO] mi_otn: [22:06:00.462 ] ots: -->kplv sent.
[22:06:01:273][ 6022.468000] [  WARN] Idle Task: bl616_pmtickless: --->>> [10]:On, [H]:5993, [1174644928:]
[22:06:07:288][ 6028.481000] [  WARN] Idle Task: bl616_pmtickless: <<<--- [R]:RTC, [R]:6002, [W]:5897, [L]:248
[22:06:07:304][ 6028.497000] [  WARN] Idle Task: bl616_pmtickless: --->>> [10]:On, [H]:11994, [1174644928:]
[22:06:19:317][ 6040.512000] [  WARN] Idle Task: bl616_pmtickless: <<<--- [R]:RTC, [R]:12003, [W]:5909, [L]:250
[22:06:19:333][ 6040.526000] [  WARN] Idle Task: bl616_pmtickless: --->>> [10]:On, [H]:8949, [15:mi_otn]
[22:06:20:188][ 6041.387000] [  WARN] Idle Task: bl616_pmtickless: <<<--- [R]:WIFI, [R]:851, [W]:5910, [L]:250
[22:06:20:188][ 6041.404000] [ DEBUG] ots_task: [22:06:19.403 ] ots: recvd 8Bytes
[22:06:20:204][ 6041.407000] [  INFO] ots_task: [22:06:19.407 ] ots: <--kplv ack.
[22:06:20:204][ 6041.413000] [ DEBUG] ots_task: [22:06:19.413 ] ots: event emit[id=11,txt=ots.keeplive,ext_len=0]
[22:06:20:220][ 6041.422000] [ DEBUG] ots_task: [22:06:19.422 ] ots: keeplive costtime = 18957
[22:06:20:236][ 6041.430000] [ DEBUG] mi_otn: [22:06:19.430 ] ots: ots.keeplive[11] happened!
[22:06:20:236][ 6041.439000] [  WARN] Idle Task: bl616_pmtickless: --->>> [10]:On, [H]:36667, [19:netMonitorTask]
[22:06:26:130][ 6047.329000] [  WARN] Idle Task: bl616_pmtickless: <<<--- [R]:WIFI, [R]:5879, [W]:5916, [L]:251
[22:06:26:162][ 6047.358000] [  WARN] Idle Task: bl616_pmtickless: --->>> [10]:On, [H]:30748, [19:netMonitorTask]
[22:06:32:272][ 6053.476000] [  WARN] Idle Task: bl616_pmtickless: <<<--- [R]:WIFI, [R]:6106, [W]:5922, [L]:251
[22:06:32:309][ 6053.504000] [  WARN] Idle Task: bl616_pmtickless: --->>> [10]:On, [H]:24602, [19:netMonitorTask]
[22:06:56:900][ 6078.127000] [  WARN] Idle Task: bl616_pmtickless: <<<--- [R]:RTC, [R]:24611, [W]:5947, [L]:256
[22:06:56:916][ 6078.138000] [  INFO] netMonitorTask: [22:06:56.138 ] miio_monitor: work time = 6078s, memory left = 111632
[22:06:56:932][ 6078.145000] [ DEBUG] netMonitorTask: [22:06:56.145 ] miio_net: sta offline 0 times in last 600s
[22:06:56:932][ 6078.154000] [  WARN] Idle Task: bl616_pmtickless: <<<--- exit: ringbuffer not empty
[22:06:56:948][ 6078.166000] [  WARN] Idle Task: bl616_pmtickless: --->>> [10]:On, [H]:54271, [15:mi_otn]
[22:07:24:604][ 6105.815000] [  WARN] Idle Task: bl616_pmtickless: <<<--- [R]:WIFI, [R]:27638, [W]:5975, [L]:260
[22:07:24:620][ 6105.843000] [  WARN] Idle Task: bl616_pmtickless: --->>> [10]:On, [H]:26594, [15:mi_otn]
[22:07:51:222][ 6132.457000] [  WARN] Idle Task: bl616_pmtickless: <<<--- [R]:RTC, [R]:26603, [W]:6001, [L]:262
[22:07:51:254][ 6132.469000] [  INFO] mi_otn: [22:07:50.469 ] ots: -->kplv sent.
[22:07:51:254][ 6132.475000] [  WARN] Idle Task: bl616_pmtickless: --->>> [10]:On, [H]:21014, [0:]
[22:07:51:835][ 6133.062000] [  WARN] Idle Task: bl616_pmtickless: <<<--- [R]:WIFI, [R]:576, [W]:6002, [L]:262
[22:07:51:835][ 6133.076000] [ DEBUG] ots_task: [22:07:51.076 ] ots: recvd 8Bytes
[22:07:51:851][ 6133.080000] [  INFO] ots_task: [22:07:51.080 ] ots: <--kplv ack.
[22:07:51:851][ 6133.086000] [ DEBUG] ots_task: [22:07:51.085 ] ots: event emit[id=11,txt=ots.keeplive,ext_len=0]
[22:07:51:867][ 6133.095000] [ DEBUG] ots_task: [22:07:51.094 ] ots: keeplive costtime = 622
[22:07:51:867][ 6133.102000] [ DEBUG] mi_otn: [22:07:51.102 ] ots: ots.keeplive[11] happened!
[22:07:51:883][ 6133.111000] [  WARN] Idle Task: bl616_pmtickless: --->>> [10]:On, [H]:90998, [15:mi_otn]
[22:07:56:950][ 6138.180000] [  WARN] Idle Task: bl616_pmtickless: <<<--- [R]:WIFI, [R]:5058, [W]:6007, [L]:262
[22:07:56:998][ 6138.217000] [  WARN] Idle Task: bl616_pmtickless: --->>> [10]:On, [H]:85892, [15:mi_otn]
[22:07:57:981][ 6139.210000] [  WARN] Idle Task: bl616_pmtickless: <<<--- [R]:WIFI, [R]:982, [W]:6008, [L]:262
[22:07:58:013][ 6139.244000] [  WARN] Idle Task: bl616_pmtickless: --->>> [10]:On, [H]:84866, [15:mi_otn]
[22:08:34:640][ 6175.874000] [  WARN] Idle Task: bl616_pmtickless: <<<--- [R]:WIFI, [R]:36619, [W]:6044, [L]:263
[22:08:34:673][ 6175.908000] [  WARN] Idle Task: bl616_pmtickless: --->>> [10]:On, [H]:48201, [15:mi_otn]
[22:09:22:879][ 6224.129000] [  WARN] Idle Task: bl616_pmtickless: <<<--- [R]:RTC, [R]:48210, [W]:6091, [L]:266
[22:09:22:907][ 6224.142000] [  INFO] mi_otn: [22:09:22.141 ] ots: -->kplv sent.
[22:09:22:907][ 6224.148000] [  WARN] Idle Task: bl616_pmtickless: --->>> [10]:On, [H]:23992, [1174644928:]
[22:09:23:179][ 6224.422000] [  WARN] Idle Task: bl616_pmtickless: <<<--- [R]:WIFI, [R]:263, [W]:6092, [L]:266
[22:09:23:179][ 6224.437000] [ DEBUG] ots_task: [22:09:22.437 ] ots: recvd 8Bytes
[22:09:23:179][ 6224.441000] [  INFO] ots_task: [22:09:22.440 ] ots: <--kplv ack.
[22:09:23:206][ 6224.446000] [ DEBUG] ots_task: [22:09:22.446 ] ots: event emit[id=11,txt=ots.keeplive,ext_len=0]
[22:09:23:206][ 6224.455000] [ DEBUG] ots_task: [22:09:22.455 ] ots: keeplive costtime = 310
[22:09:23:212][ 6224.463000] [ DEBUG] mi_otn: [22:09:22.463 ] ots: ots.keeplive[11] happened!
[22:09:23:227][ 6224.472000] [  WARN] Idle Task: bl616_pmtickless: --->>> [10]:On, [H]:90998, [15:mi_otn]
[22:09:25:024][ 6226.267000] [  WARN] Idle Task: bl616_pmtickless: <<<--- [R]:WIFI, [R]:1784, [W]:6094, [L]:267
[22:09:25:056][ 6226.304000] [  WARN] Idle Task: bl616_pmtickless: --->>> [10]:On, [H]:89166, [15:mi_otn]
[22:09:28:911][ 6230.159000] [  WARN] Idle Task: bl616_pmtickless: <<<--- [R]:WIFI, [R]:3844, [W]:6098, [L]:268
[22:09:28:941][ 6230.195000] [  WARN] Idle Task: bl616_pmtickless: --->>> [10]:On, [H]:85275, [15:mi_otn]
[22:09:29:928][ 6231.186000] [  WARN] Idle Task: bl616_pmtickless: <<<--- [R]:WIFI, [R]:979, [W]:6099, [L]:268
[22:09:29:975][ 6231.223000] [  WARN] Idle Task: bl616_pmtickless: --->>> [10]:On, [H]:84247, [15:mi_otn]
[22:09:30:959][ 6232.211000] [  WARN] Idle Task: bl616_pmtickless: <<<--- [R]:WIFI, [R]:977, [W]:6100, [L]:268
[22:09:30:991][ 6232.243000] [  WARN] Idle Task: bl616_pmtickless: --->>> [10]:On, [H]:83227, [15:mi_otn]
[22:10:25:027][ 6286.287000] [  WARN] Idle Task: bl616_pmtickless: <<<--- [R]:WIFI, [R]:54033, [W]:6153, [L]:269
[22:10:25:059][ 6286.317000] [  WARN] Idle Task: bl616_pmtickless: --->>> [10]:On, [H]:29153, [15:mi_otn]
[22:10:31:997][ 6293.253000] [  WARN] Idle Task: bl616_pmtickless: <<<--- [R]:WIFI, [R]:6925, [W]:6160, [L]:270
[22:10:32:013][ 6293.282000] [  WARN] Idle Task: bl616_pmtickless: --->>> [10]:On, [H]:22188, [15:mi_otn]
[22:10:54:230][ 6315.490000] [  WARN] Idle Task: bl616_pmtickless: <<<--- [R]:RTC, [R]:22197, [W]:6181, [L]:271
[22:10:54:230][ 6315.503000] [  INFO] mi_otn: [22:10:53.503 ] ots: -->kplv sent.
[22:10:54:247][ 6315.509000] [  WARN] Idle Task: bl616_pmtickless: --->>> [10]:On, [H]:23993, [1174644928:]
[22:10:54:311][ 6315.584000] [  WARN] Idle Task: bl616_pmtickless: <<<--- [R]:WIFI, [R]:64, [W]:6182, [L]:271
[22:10:54:311][ 6315.598000] [ DEBUG] ots_task: [22:10:53.598 ] ots: recvd 8Bytes
[22:10:54:327][ 6315.602000] [  INFO] ots_task: [22:10:53.602 ] ots: <--kplv ack.
[22:10:54:327][ 6315.608000] [ DEBUG] ots_task: [22:10:53.607 ] ots: event emit[id=11,txt=ots.keeplive,ext_len=0]
[22:10:54:343][ 6315.617000] [ DEBUG] ots_task: [22:10:53.616 ] ots: keeplive costtime = 110
[22:10:54:343][ 6315.624000] [ DEBUG] mi_otn: [22:10:53.624 ] ots: ots.keeplive[11] happened!
[22:10:54:358][ 6315.633000] [  WARN] Idle Task: bl616_pmtickless: --->>> [10]:On, [H]:59644, [15:mi_otn]
[22:10:55:340][ 6316.610000] [  WARN] Idle Task: bl616_pmtickless: <<<--- [R]:WIFI, [R]:966, [W]:6183, [L]:271
[22:10:55:372][ 6316.640000] [  WARN] Idle Task: bl616_pmtickless: --->>> [10]:On, [H]:58637, [15:mi_otn]
[22:10:58:415][ 6319.685000] [  WARN] Idle Task: bl616_pmtickless: <<<--- [R]:WIFI, [R]:3034, [W]:6186, [L]:271
[22:10:58:431][ 6319.712000] [  WARN] Idle Task: bl616_pmtickless: --->>> [10]:On, [H]:55565, [15:mi_otn]
[22:10:59:427][ 6320.708000] [  WARN] Idle Task: bl616_pmtickless: <<<--- [R]:WIFI, [R]:985, [W]:6187, [L]:271
[22:10:59:475][ 6320.745000] [  WARN] Idle Task: bl616_pmtickless: --->>> [10]:On, [H]:54532, [15:mi_otn]
[22:11:04:348][ 6325.628000] [  WARN] Idle Task: bl616_pmtickless: <<<--- [R]:WIFI, [R]:4872, [W]:6192, [L]:272
[22:11:04:383][ 6325.660000] [  WARN] Idle Task: bl616_pmtickless: --->>> [10]:On, [H]:49617, [15:mi_otn]
[22:11:54:001][ 6375.297000] [  WARN] Idle Task: bl616_pmtickless: <<<--- [R]:RTC, [R]:49626, [W]:6240, [L]:274
[22:11:54:001][ 6375.310000] [NOTICE] mi_otn: [22:11:53.310 ] ots: -->sync sent.
[22:11:54:033][ 6375.316000] [  WARN] Idle Task: bl616_pmtickless: --->>> [10]:On, [H]:2839, [19:netMonitorTask]
[22:11:54:113][ 6375.405000] [  WARN] Idle Task: bl616_pmtickless: <<<--- [R]:WIFI, [R]:77, [W]:6241, [L]:274
[22:11:54:129][ 6375.428000] [ DEBUG] ots_task: [22:11:53.428 ] ots: recvd 24Bytes
[22:11:54:129][ 6375.431000] [NOTICE] ots_task: [22:11:53.431 ] ots: <--sync ack.
[22:11:54:145][ 6375.437000] [ DEBUG] ots_task: [22:11:53.437 ] ots: sync costtime = 123
[22:11:54:161][ 6375.447000] [  WARN] Idle Task: bl616_pmtickless: --->>> [10]:On, [H]:2708, [19:netMonitorTask]
[22:11:56:874][ 6378.175000] [  WARN] Idle Task: bl616_pmtickless: <<<--- [R]:RTC, [R]:2717, [W]:6243, [L]:274
[22:11:56:890][ 6378.186000] [  INFO] netMonitorTask: [22:11:56.186 ] miio_monitor: work time = 6378s, memory left = 111632
[22:11:56:890][ 6378.193000] [ DEBUG] netMonitorTask: [22:11:56.193 ] miio_net: sta offline 0 times in last 600s
[22:11:56:907][ 6378.204000] [  WARN] Idle Task: bl616_pmtickless: --->>> [10]:On, [H]:28435, [15:mi_otn]
[22:11:59:233][ 6380.529000] [  WARN] Idle Task: bl616_pmtickless: <<<--- [R]:WIFI, [R]:2314, [W]:6246, [L]:274
[22:11:59:265][ 6380.566000] [  WARN] Idle Task: bl616_pmtickless: --->>> [10]:On, [H]:26073, [15:mi_otn]
[22:12:25:350][ 6406.659000] [  WARN] Idle Task: bl616_pmtickless: <<<--- [R]:RTC, [R]:26082, [W]:6271, [L]:275
[22:12:25:350][ 6406.672000] [  INFO] mi_otn: [22:12:24.671 ] ots: -->kplv sent.
[22:12:25:382][ 6406.678000] [  WARN] Idle Task: bl616_pmtickless: --->>> [10]:On, [H]:177, [15:mi_otn]
[22:12:25:556][ 6406.875000] [  WARN] Idle Task: bl616_pmtickless: <<<--- [R]:RTC, [R]:186, [W]:6271, [L]:275
[22:12:25:574][ 6406.886000] [  INFO] mi_otn: [22:12:24.886 ] miio_instance: miio_info_kvs_hook_default called
[22:12:25:588][ 6406.896000] [ DEBUG] mi_otn: [22:12:24.896 ] miio_net: miio_net_info_kvs_hook called
[22:12:25:594][ 6406.903000] [NOTICE] mi_otn: [22:12:24.903 ] miio_ot: up _otc.info:{"id":1181286462,"method":"_otc.info","params":{"life":6406,"model":"xiaomi.dev.bl3","token":"69aa************************aee4","ipflag":1,"fw_ver":"1.0.3","miio_ver":"0.1.0","hw_ver":"BL616-BL3","chip_ver":1,"mmfree":110248,"mac":"C4:93:BB:AD:C7:FF","wifi_fw_ver":"WifiVer.N\/A","ap":{"ssid":"Xiaomi_be3600","bssid":"42:EE:97:F0:4C:60","rssi":-24,"primary":1},"netif":{"localIp":"192.168.3.70","mask":"255.255.255.0","gw":"192.168.3.1"},"uid":1205295674}}
[22:12:25:635][ 6406.947000] [  INFO] mi_otn: [22:12:24.946 ] miio_ot: -->info(ots).
[22:12:25:652][ 6406.953000] [ DEBUG] mi_otn: [22:12:24.953 ] ots: ots_up_rpc_delegate_out_cb:{"id":1181286462,"method":"_otc.info","params":{"life":6406,"model":"xiaomi.dev.bl3","token":"69aa************************aee4","ipflag":1,"fw_ver":"1.0.3","miio_ver":"0.1.0","hw_ver":"BL616-BL3","chip_ver":1,"mmfree":110248,"mac":"C4:93:BB:AD:C7:FF","wifi_fw_ver":"WifiVer.N\/A","ap":{"ssid":"Xiaomi_be3600","bssid":"42:EE:97:F0:4C:60","rssi":-24,"primary":1},"netif":{"localIp":"192.168.3.70","mask":"255.255.255.0","gw":"192.168.3.1"},"uid":1205295674}}
[22:12:25:697][ 6407.004000] [ DEBUG] ots_task: [22:12:25.004 ] ots: recvd 8Bytes
[22:12:25:701][ 6407.007000] [  INFO] ots_task: [22:12:25.007 ] ots: <--kplv ack.
[22:12:25:701][ 6407.013000] [ DEBUG] ots_task: [22:12:25.013 ] ots: event emit[id=11,txt=ots.keeplive,ext_len=0]
[22:12:25:716][ 6407.022000] [ DEBUG] ots_task: [22:12:25.022 ] ots: keeplive costtime = 347
[22:12:25:716][ 6407.029000] [ DEBUG] mi_otn: [22:12:25.029 ] ots: ots.keeplive[11] happened!
[22:12:25:732][ 6407.038000] [  WARN] Idle Task: bl616_pmtickless: --->>> [10]:On, [H]:3966, [15:mi_otn]
[22:12:26:685][ 6407.984000] [  WARN] Idle Task: bl616_pmtickless: <<<--- [R]:WIFI, [R]:935, [W]:6272, [L]:275
[22:12:26:685][ 6408.002000] [ DEBUG] ots_task: [22:12:26.002 ] ots: recvd 40Bytes
[22:12:26:702][ 6408.006000] [ DEBUG] ots_task: [22:12:26.006 ] ots: req or ack recvd.
[22:12:26:702][ 6408.012000] [ DEBUG] ots_task: [22:12:26.012 ] ots: {"id":1181286462,"result":"ok"}.
[22:12:26:718][ 6408.020000] [ DEBUG] ots_task: [22:12:26.020 ] ots: send_cnt = 7[55], ack_cnt = 7[55,7], costtime = 8184[1410,1406]
[22:12:26:718][ 6408.030000] [ DEBUG] ots_task: [22:12:26.030 ] ots: event emit[id=11,txt=ots.keeplive,ext_len=0]
[22:12:26:734][ 6408.040000] [ DEBUG] mi_otn: [22:12:26.040 ] ots: ots.keeplive[11] happened!
[22:12:26:734][ 6408.046000] [  INFO] mi_otn: [22:12:26.046 ] miio_ot: <--info ack(ots).
[22:12:26:750][ 6408.053000] [ DEBUG] mi_otn: [22:12:26.053 ] miio_net: miio_net_statistics_kvs_hook called
[22:12:26:750][ 6408.063000] [ DEBUG] mi_otn: [22:12:26.063 ] ots: ots_up_rpc_delegate_out_cb:{"id":901840959,"method":"_otc.ncinfo","params":{"miio_ver":"0.1.0","miio_times":[6378,148,177,6053],"ap":{"ssid":"Xiaomi_be3600","connect_count":3,"repeaters":[{"bssid":"42:EE:97:F0:4C:60","rssi":-24,"primary":1,"active":1}]},"ot_stat":[4,3,0],"ots_stat":[4,0,0,2745,1410,1406,55,55,7,0,0,0,0]}}
[22:12:26:781][ 6408.098000] [ DEBUG] mi_otn: [22:12:26.098 ] ots: ots_up_rpc_delegate_out_cb:{"id":2089549888,"method":"_otc.ncstat","params":{"timestamp":1775223745,"proto":2,"otip":"202.69.4.3","otport":443,"sendcnt":7,"ackcnt":7,"ackcnt_timeout":3,"costtime":8184,"rpc":0,"rpcack":0,"rpcack_costtime":0,"dns":0,"keeplive_interval":91,"rpc_local":0,"rpcack_local":0}}
[22:12:26:829][ 6408.132000] [  WARN] Idle Task: bl616_pmtickless: --->>> [10]:On, [H]:3787, [15:mi_otn]
[22:12:27:799][ 6409.110000] [  WARN] Idle Task: bl616_pmtickless: <<<--- [R]:WIFI, [R]:967, [W]:6273, [L]:275
[22:12:27:815][ 6409.127000] [ DEBUG] ots_task: [22:12:27.127 ] ots: recvd 39Bytes
[22:12:27:815][ 6409.131000] [ DEBUG] ots_task: [22:12:27.130 ] ots: req or ack recvd.
[22:12:27:831][ 6409.137000] [ DEBUG] ots_task: [22:12:27.137 ] ots: {"id":901840959,"result":"ok"}.
[22:12:27:831][ 6409.145000] [ DEBUG] ots_task: [22:12:27.144 ] ots: send_cnt = 2[57], ack_cnt = 1[56,7], costtime = 1081[1377,1374]
[22:12:27:847][ 6409.155000] [ DEBUG] ots_task: [22:12:27.155 ] ots: event emit[id=11,txt=ots.keeplive,ext_len=0]
[22:12:27:847][ 6409.165000] [ DEBUG] ots_task: [22:12:27.165 ] ots: recvd 40Bytes
[22:12:27:847][ 6409.170000] [ DEBUG] ots_task: [22:12:27.170 ] ots: req or ack recvd.
[22:12:27:863][ 6409.176000] [ DEBUG] ots_task: [22:12:27.176 ] ots: {"id":2089549888,"result":"ok"}.
[22:12:27:879][ 6409.184000] [ DEBUG] ots_task: [22:12:27.184 ] ots: send_cnt = 2[57], ack_cnt = 2[57,7], costtime = 2168[1348,1345]
[22:12:27:879][ 6409.194000] [ DEBUG] ots_task: [22:12:27.194 ] ots: event emit[id=11,txt=ots.keeplive,ext_len=0]
[22:12:27:895][ 6409.203000] [ DEBUG] mi_otn: [22:12:27.203 ] ots: ots.keeplive[11] happened!
[22:12:27:895][ 6409.210000] [ DEBUG] mi_otn: [22:12:27.210 ] ots: ots.keeplive[11] happened!
[22:12:27:911][ 6409.221000] [  WARN] Idle Task: bl616_pmtickless: --->>> [10]:On, [H]:2698, [15:mi_otn]
[22:12:30:624][ 6411.939000] [  WARN] Idle Task: bl616_pmtickless: <<<--- [R]:RTC, [R]:2707, [W]:6275, [L]:275
[22:12:30:624][ 6411.948000] [ DEBUG] mi_otn: [22:12:29.948 ] ot: event emit[id=5,txt=otn.timerconfig,ext_len=4]
[22:12:30:648][ 6411.954000] [ DEBUG] mi_otn: [22:12:29.954 ] ot: event emit[id=5,txt=otn.timerconfig,ext_len=4]
[22:12:30:660][ 6411.963000] [ DEBUG] mi_otn: [22:12:29.963 ] miio_ot: otn.timerconfig[5] happened!
[22:12:30:660][ 6411.970000] [ DEBUG] mi_otn: [22:12:29.970 ] miio_ot: cooldown_time_ms =5000
[22:12:30:671][ 6411.977000] [ DEBUG] mi_otn: [22:12:29.977 ] miio_ot: otn.timerconfig[5] event finished!
[22:12:30:671][ 6411.985000] [ DEBUG] mi_otn: [22:12:29.985 ] miio_ot: otn.timerconfig[5] happened!
[22:12:30:671][ 6411.993000] [ DEBUG] mi_otn: [22:12:29.993 ] miio_ot: otn.timerconfig[5] event finished!
[22:12:30:703][ 6412.003000] [  WARN] Idle Task: bl616_pmtickless: --->>> [10]:On, [H]:4968, [15:mi_otn]
[22:12:35:665][ 6416.991000] [  WARN] Idle Task: bl616_pmtickless: <<<--- [R]:RTC, [R]:4977, [W]:6279, [L]:275
[22:12:35:698][ 6417.001000] [ DEBUG] mi_otn: [22:12:35.001 ] ots: ots_up_rpc_delegate_out_cb:{"id":858456129,"method":"props","params":{"ota_progress":101,"ota_state":"idle"}}
[22:12:35:713][ 6417.019000] [  WARN] Idle Task: bl616_pmtickless: --->>> [10]:On, [H]:2676, [15:mi_otn]
[22:12:35:793][ 6417.105000] [  WARN] Idle Task: bl616_pmtickless: <<<--- [R]:WIFI, [R]:75, [W]:6280, [L]:275
[22:12:35:793][ 6417.124000] [ DEBUG] ots_task: [22:12:35.123 ] ots: recvd 39Bytes
[22:12:35:809][ 6417.127000] [ DEBUG] ots_task: [22:12:35.127 ] ots: req or ack recvd.
[22:12:35:809][ 6417.134000] [ DEBUG] ots_task: [22:12:35.134 ] ots: {"id":858456129,"result":"ok"}.
[22:12:35:825][ 6417.141000] [ DEBUG] ots_task: [22:12:35.141 ] ots: send_cnt = 3[58], ack_cnt = 3[58,7], costtime = 2308[1227,1216]
[22:12:35:841][ 6417.152000] [ DEBUG] ots_task: [22:12:35.152 ] ots: event emit[id=11,txt=ots.keeplive,ext_len=0]
[22:12:35:841][ 6417.161000] [ DEBUG] mi_otn: [22:12:35.161 ] ots: ots.keeplive[11] happened!
[22:12:35:841][ 6417.168000] [  INFO] mi_otn: [22:12:35.168 ] miio_info: 0 props left, 0 events left.
[22:12:35:857][ 6417.175000] [ DEBUG] mi_otn: [22:12:35.175 ] ot: event emit[id=5,txt=otn.timerconfig,ext_len=4]
[22:12:35:857][ 6417.184000] [ DEBUG] mi_otn: [22:12:35.184 ] miio_ot: otn.timerconfig[5] happened!
[22:12:35:873][ 6417.191000] [ DEBUG] mi_otn: [22:12:35.191 ] miio_ot: cooldown_time_ms =1800000
[22:12:35:873][ 6417.199000] [ DEBUG] mi_otn: [22:12:35.199 ] miio_ot: otn.timerconfig[5] event finished!
[22:12:35:905][ 6417.209000] [  WARN] Idle Task: bl616_pmtickless: --->>> [10]:On, [H]:2486, [15:mi_otn]
[22:12:38:409][ 6419.715000] [  WARN] Idle Task: bl616_pmtickless: <<<--- [R]:RTC, [R]:2495, [W]:6282, [L]:275
[22:12:38:409][ 6419.726000] [  WARN] Idle Task: bl616_pmtickless: --->>> [10]:On, [H]:3969, [15:mi_otn]
[22:12:42:384][ 6423.715000] [  WARN] Idle Task: bl616_pmtickless: <<<--- [R]:RTC, [R]:3978, [W]:6286, [L]:275
[22:12:42:416][ 6423.725000] [ DEBUG] mi_otn: [22:12:41.725 ] ots: ots_up_rpc_delegate_out_cb:{"id":567279683,"method":"_otc.testip","params":{"testret":[]}}
[22:12:42:432][ 6423.745000] [  WARN] Idle Task: bl616_pmtickless: --->>> [10]:On, [H]:3994, [15:mi_otn]
[22:12:43:060][ 6424.382000] [  WARN] Idle Task: bl616_pmtickless: <<<--- [R]:WIFI, [R]:626, [W]:6287, [L]:275
[22:12:43:076][ 6424.400000] [ DEBUG] ots_task: [22:12:42.400 ] ots: recvd 39Bytes
[22:12:43:076][ 6424.404000] [ DEBUG] ots_task: [22:12:42.404 ] ots: req or ack recvd.
[22:12:43:092][ 6424.411000] [ DEBUG] ots_task: [22:12:42.410 ] ots: {"id":567279683,"result":"ok"}.
[22:12:43:092][ 6424.418000] [ DEBUG] ots_task: [22:12:42.418 ] ots: send_cnt = 4[59], ack_cnt = 4[59,7], costtime = 3001[1173,1168]
[22:12:43:108][ 6424.428000] [ DEBUG] ots_task: [22:12:42.428 ] ots: event emit[id=11,txt=ots.keeplive,ext_len=0]
[22:12:43:108][ 6424.438000] [ DEBUG] mi_otn: [22:12:42.438 ] ots: ots.keeplive[11] happened!
[22:12:43:124][ 6424.447000] [  WARN] Idle Task: bl616_pmtickless: --->>> [10]:On, [H]:13200, [15:mi_otn]
[22:12:45:115][ 6426.431000] [  WARN] Idle Task: bl616_pmtickless: <<<--- [R]:WIFI, [R]:1973, [W]:6289, [L]:275
[22:12:45:147][ 6426.459000] [  WARN] Idle Task: bl616_pmtickless: --->>> [10]:On, [H]:11189, [15:mi_otn]
[22:12:56:342][ 6437.668000] [  WARN] Idle Task: bl616_pmtickless: <<<--- [R]:RTC, [R]:11198, [W]:6299, [L]:275
[22:12:56:342][ 6437.683000] [ DEBUG] mi_otn: [22:12:55.683 ] miio_ot: st[1775241363], dura[1800]
[22:12:56:374][ 6437.690000] [  WARN] Idle Task: bl616_pmtickless: --->>> [10]:On, [H]:77766, [15:mi_otn]
[22:13:25:971][ 6467.298000] [  WARN] Idle Task: bl616_pmtickless: <<<--- [R]:WIFI, [R]:29596, [W]:6329, [L]:276
[22:13:26:002][ 6467.326000] [  WARN] Idle Task: bl616_pmtickless: --->>> [10]:On, [H]:48131, [15:mi_otn]
[22:13:35:179][ 6476.517000] [  WARN] Idle Task: bl616_pmtickless: <<<--- [R]:WIFI, [R]:9180, [W]:6338, [L]:276
[22:13:35:211][ 6476.545000] [  WARN] Idle Task: bl616_pmtickless: --->>> [10]:On, [H]:38912, [15:mi_otn]
[22:13:36:209][ 6477.543000] [  WARN] Idle Task: bl616_pmtickless: <<<--- [R]:WIFI, [R]:987, [W]:6339, [L]:276
[22:13:36:245][ 6477.571000] [  WARN] Idle Task: bl616_pmtickless: --->>> [10]:On, [H]:37885, [15:mi_otn]
[22:13:39:290][ 6480.617000] [  WARN] Idle Task: bl616_pmtickless: <<<--- [R]:WIFI, [R]:3035, [W]:6342, [L]:276
[22:13:39:327][ 6480.650000] [  WARN] Idle Task: bl616_pmtickless: --->>> [10]:On, [H]:34806, [15:mi_otn]
[22:13:42:347][ 6483.691000] [  WARN] Idle Task: bl616_pmtickless: <<<--- [R]:WIFI, [R]:3030, [W]:6345, [L]:276
[22:13:42:378][ 6483.720000] [  WARN] Idle Task: bl616_pmtickless: --->>> [10]:On, [H]:31736, [15:mi_otn]
[22:14:14:123][ 6515.476000] [  WARN] Idle Task: bl616_pmtickless: <<<--- [R]:RTC, [R]:31745, [W]:6376, [L]:276
[22:14:14:139][ 6515.488000] [  INFO] mi_otn: [22:14:13.488 ] ots: -->kplv sent.
[22:14:14:157][ 6515.494000] [  WARN] Idle Task: bl616_pmtickless: --->>> [10]:On, [H]:23993, [1174644928:]
[22:14:15:117][ 6516.465000] [  WARN] Idle Task: bl616_pmtickless: <<<--- [R]:WIFI, [R]:960, [W]:6377, [L]:276
[22:14:15:133][ 6516.487000] [ DEBUG] ots_task: [22:14:14.487 ] ots: recvd 8Bytes
[22:14:15:133][ 6516.491000] [  INFO] ots_task: [22:14:14.491 ] ots: <--kplv ack.
[22:14:15:150][ 6516.497000] [ DEBUG] ots_task: [22:14:14.497 ] ots: event emit[id=11,txt=ots.keeplive,ext_len=0]
[22:14:15:159][ 6516.506000] [ DEBUG] ots_task: [22:14:14.506 ] ots: keeplive costtime = 1015
[22:14:15:165][ 6516.513000] [ DEBUG] mi_otn: [22:14:14.513 ] ots: ots.keeplive[11] happened!
[22:14:15:181][ 6516.522000] [  WARN] Idle Task: bl616_pmtickless: --->>> [10]:On, [H]:90999, [15:mi_otn]
[22:14:20:247][ 6521.589000] [  WARN] Idle Task: bl616_pmtickless: <<<--- [R]:WIFI, [R]:5056, [W]:6382, [L]:276
[22:14:20:279][ 6521.622000] [  WARN] Idle Task: bl616_pmtickless: --->>> [10]:On, [H]:85899, [15:mi_otn]
[22:14:49:931][ 6551.290000] [  WARN] Idle Task: bl616_pmtickless: <<<--- [R]:WIFI, [R]:29657, [W]:6411, [L]:276
[22:14:49:963][ 6551.320000] [  WARN] Idle Task: bl616_pmtickless: --->>> [10]:On, [H]:56201, [15:mi_otn]
[22:15:26:804][ 6588.163000] [  WARN] Idle Task: bl616_pmtickless: <<<--- [R]:WIFI, [R]:36832, [W]:6447, [L]:276
[22:15:26:836][ 6588.192000] [  WARN] Idle Task: bl616_pmtickless: --->>> [10]:On, [H]:19329, [15:mi_otn]
[22:15:46:173][ 6607.541000] [  WARN] Idle Task: bl616_pmtickless: <<<--- [R]:RTC, [R]:19338, [W]:6465, [L]:276
[22:15:46:173][ 6607.554000] [  INFO] mi_otn: [22:15:45.553 ] ots: -->kplv sent.
[22:15:46:188][ 6607.559000] [  WARN] Idle Task: bl616_pmtickless: --->>> [10]:On, [H]:23993, [1174644928:]
[22:15:46:252][ 6607.623000] [  WARN] Idle Task: bl616_pmtickless: <<<--- [R]:WIFI, [R]:52, [W]:6466, [L]:276
[22:15:46:268][ 6607.639000] [ DEBUG] ots_task: [22:15:45.639 ] ots: recvd 8Bytes
[22:15:46:268][ 6607.643000] [  INFO] ots_task: [22:15:45.643 ] ots: <--kplv ack.
[22:15:46:283][ 6607.649000] [ DEBUG] ots_task: [22:15:45.649 ] ots: event emit[id=11,txt=ots.keeplive,ext_len=0]
[22:15:46:283][ 6607.658000] [ DEBUG] ots_task: [22:15:45.658 ] ots: keeplive costtime = 101
[22:15:46:283][ 6607.665000] [ DEBUG] mi_otn: [22:15:45.665 ] ots: ots.keeplive[11] happened!
[22:15:46:315][ 6607.674000] [  WARN] Idle Task: bl616_pmtickless: --->>> [10]:On, [H]:70529, [19:netMonitorTask]
[22:15:47:279][ 6608.649000] [  WARN] Idle Task: bl616_pmtickless: <<<--- [R]:WIFI, [R]:963, [W]:6467, [L]:276
[22:15:47:327][ 6608.689000] [  WARN] Idle Task: bl616_pmtickless: --->>> [10]:On, [H]:69514, [19:netMonitorTask]
[22:15:51:374][ 6612.749000] [  WARN] Idle Task: bl616_pmtickless: <<<--- [R]:WIFI, [R]:4048, [W]:6471, [L]:276
[22:15:51:424][ 6612.788000] [  WARN] Idle Task: bl616_pmtickless: --->>> [10]:On, [H]:65415, [19:netMonitorTask]
[22:16:27:219][ 6648.596000] [  WARN] Idle Task: bl616_pmtickless: <<<--- [R]:WIFI, [R]:35796, [W]:6506, [L]:276
[22:16:27:251][ 6648.627000] [  WARN] Idle Task: bl616_pmtickless: --->>> [10]:On, [H]:29576, [19:netMonitorTask]
[22:16:52:830][ 6674.202000] [  WARN] Idle Task: bl616_pmtickless: <<<--- [R]:WIFI, [R]:25563, [W]:6531, [L]:276
[22:16:52:846][ 6674.233000] [  WARN] Idle Task: bl616_pmtickless: --->>> [10]:On, [H]:3970, [19:netMonitorTask]
[22:16:56:835][ 6678.224000] [  WARN] Idle Task: bl616_pmtickless: <<<--- [R]:RTC, [R]:3979, [W]:6534, [L]:276
[22:16:56:835][ 6678.235000] [  INFO] netMonitorTask: [22:16:56.235 ] miio_monitor: work time = 6678s, memory left = 111632
[22:16:56:851][ 6678.242000] [ DEBUG] netMonitorTask: [22:16:56.242 ] miio_net: sta offline 0 times in last 600s
[22:16:56:867][ 6678.253000] [  WARN] Idle Task: bl616_pmtickless: --->>> [10]:On, [H]:20419, [15:mi_otn]
[22:16:59:989][ 6681.373000] [  WARN] Idle Task: bl616_pmtickless: <<<--- [R]:WIFI, [R]:3109, [W]:6538, [L]:276
[22:17:00:023][ 6681.404000] [  WARN] Idle Task: bl616_pmtickless: --->>> [10]:On, [H]:17268, [15:mi_otn]
[22:17:03:064][ 6684.444000] [  WARN] Idle Task: bl616_pmtickless: <<<--- [R]:WIFI, [R]:3029, [W]:6541, [L]:276
[22:17:03:096][ 6684.475000] [  WARN] Idle Task: bl616_pmtickless: --->>> [10]:On, [H]:14198, [15:mi_otn]
[22:17:07:165][ 6688.546000] [  WARN] Idle Task: bl616_pmtickless: <<<--- [R]:WIFI, [R]:4060, [W]:6545, [L]:276
[22:17:07:181][ 6688.575000] [  WARN] Idle Task: bl616_pmtickless: --->>> [10]:On, [H]:10097, [15:mi_otn]
[22:17:12:277][ 6693.668000] [  WARN] Idle Task: bl616_pmtickless: <<<--- [R]:WIFI, [R]:5082, [W]:6550, [L]:276
[22:17:12:310][ 6693.696000] [  WARN] Idle Task: bl616_pmtickless: --->>> [10]:On, [H]:4976, [15:mi_otn]
[22:17:17:299][ 6698.692000] [  WARN] Idle Task: bl616_pmtickless: <<<--- [R]:RTC, [R]:4985, [W]:6554, [L]:276
[22:17:17:299][ 6698.704000] [  INFO] mi_otn: [22:17:16.704 ] ots: -->kplv sent.
[22:17:17:312][ 6698.710000] [  WARN] Idle Task: bl616_pmtickless: --->>> [10]:On, [H]:23993, [1174644928:]
[22:17:17:392][ 6698.793000] [  WARN] Idle Task: bl616_pmtickless: <<<--- [R]:WIFI, [R]:72, [W]:6555, [L]:276
[22:17:17:392][ 6698.807000] [ DEBUG] ots_task: [22:17:16.807 ] ots: recvd 8Bytes
[22:17:17:408][ 6698.811000] [  INFO] ots_task: [22:17:16.811 ] ots: <--kplv ack.
[22:17:17:408][ 6698.817000] [ DEBUG] ots_task: [22:17:16.817 ] ots: event emit[id=11,txt=ots.keeplive,ext_len=0]
[22:17:17:425][ 6698.826000] [ DEBUG] ots_task: [22:17:16.826 ] ots: keeplive costtime = 119
[22:17:17:425][ 6698.833000] [ DEBUG] mi_otn: [22:17:16.833 ] ots: ots.keeplive[11] happened!
[22:17:17:441][ 6698.842000] [  WARN] Idle Task: bl616_pmtickless: --->>> [10]:On, [H]:90999, [15:mi_otn]
[22:17:19:447][ 6700.841000] [  WARN] Idle Task: bl616_pmtickless: <<<--- [R]:WIFI, [R]:1988, [W]:6557, [L]:276
[22:17:19:479][ 6700.878000] [  WARN] Idle Task: bl616_pmtickless: --->>> [10]:On, [H]:88963, [15:mi_otn]
[22:17:22:516][ 6703.915000] [  WARN] Idle Task: bl616_pmtickless: <<<--- [R]:WIFI, [R]:3026, [W]:6560, [L]:276
[22:17:22:548][ 6703.955000] [  WARN] Idle Task: bl616_pmtickless: --->>> [10]:On, [H]:85886, [15:mi_otn]
[22:17:31:728][ 6713.136000] [  WARN] Idle Task: bl616_pmtickless: <<<--- [R]:WIFI, [R]:9170, [W]:6569, [L]:276
[22:17:31:775][ 6713.175000] [  WARN] Idle Task: bl616_pmtickless: --->>> [10]:On, [H]:76666, [15:mi_otn]
[22:17:51:196][ 6732.597000] [  WARN] Idle Task: bl616_pmtickless: <<<--- [R]:WIFI, [R]:19411, [W]:6588, [L]:276
[22:17:51:228][ 6732.633000] [  WARN] Idle Task: bl616_pmtickless: --->>> [10]:On, [H]:57208, [15:mi_otn]
[22:18:28:047][ 6769.468000] [  WARN] Idle Task: bl616_pmtickless: <<<--- [R]:WIFI, [R]:36824, [W]:6624, [L]:276
[22:18:28:094][ 6769.503000] [  WARN] Idle Task: bl616_pmtickless: --->>> [10]:On, [H]:20338, [15:mi_otn]
[22:18:36:036][ 6777.458000] [  WARN] Idle Task: bl616_pmtickless: <<<--- [R]:WIFI, [R]:7944, [W]:6632, [L]:277
[22:18:36:068][ 6777.489000] [  WARN] Idle Task: bl616_pmtickless: --->>> [10]:On, [H]:12352, [15:mi_otn]
[22:18:37:065][ 6778.483000] [  WARN] Idle Task: bl616_pmtickless: <<<--- [R]:WIFI, [R]:983, [W]:6633, [L]:277
[22:18:37:097][ 6778.514000] [  WARN] Idle Task: bl616_pmtickless: --->>> [10]:On, [H]:11327, [15:mi_otn]
[22:18:40:131][ 6781.558000] [  WARN] Idle Task: bl616_pmtickless: <<<--- [R]:WIFI, [R]:3033, [W]:6636, [L]:277
[22:18:40:165][ 6781.588000] [  WARN] Idle Task: bl616_pmtickless: --->>> [10]:On, [H]:8253, [15:mi_otn]
[22:18:44:240][ 6785.656000] [  WARN] Idle Task: bl616_pmtickless: <<<--- [R]:WIFI, [R]:4057, [W]:6640, [L]:277
[22:18:44:258][ 6785.685000] [  WARN] Idle Task: bl616_pmtickless: --->>> [10]:On, [H]:4156, [15:mi_otn]
[22:18:48:420][ 6789.861000] [  WARN] Idle Task: bl616_pmtickless: <<<--- [R]:RTC, [R]:4165, [W]:6644, [L]:277
[22:18:48:452][ 6789.873000] [  INFO] mi_otn: [22:18:47.873 ] ots: -->kplv sent.
[22:18:48:452][ 6789.879000] [  WARN] Idle Task: bl616_pmtickless: --->>> [10]:On, [H]:23993, [1174644928:]
[22:18:49:351][ 6790.778000] [  WARN] Idle Task: bl616_pmtickless: <<<--- [R]:WIFI, [R]:888, [W]:6645, [L]:277
[22:18:49:351][ 6790.798000] [ DEBUG] ots_task: [22:18:48.798 ] ots: recvd 8Bytes
[22:18:49:367][ 6790.801000] [  INFO] ots_task: [22:18:48.801 ] ots: <--kplv ack.
[22:18:49:367][ 6790.807000] [ DEBUG] ots_task: [22:18:48.807 ] ots: event emit[id=11,txt=ots.keeplive,ext_len=0]
[22:18:49:383][ 6790.816000] [ DEBUG] ots_task: [22:18:48.816 ] ots: keeplive costtime = 940
[22:18:49:383][ 6790.823000] [ DEBUG] mi_otn: [22:18:48.823 ] ots: ots.keeplive[11] happened!
[22:18:49:399][ 6790.833000] [  WARN] Idle Task: bl616_pmtickless: --->>> [10]:On, [H]:90998, [15:mi_otn]
[22:18:54:473][ 6795.904000] [  WARN] Idle Task: bl616_pmtickless: <<<--- [R]:WIFI, [R]:5060, [W]:6650, [L]:277
[22:18:54:505][ 6795.934000] [  WARN] Idle Task: bl616_pmtickless: --->>> [10]:On, [H]:85897, [15:mi_otn]
[22:19:28:673][ 6830.111000] [  WARN] Idle Task: bl616_pmtickless: <<<--- [R]:WIFI, [R]:34166, [W]:6684, [L]:279
[22:19:28:706][ 6830.143000] [  WARN] Idle Task: bl616_pmtickless: --->>> [10]:On, [H]:51688, [15:mi_otn]
[22:19:34:822][ 6836.258000] [  WARN] Idle Task: bl616_pmtickless: <<<--- [R]:WIFI, [R]:6104, [W]:6690, [L]:279
[22:19:34:855][ 6836.295000] [  WARN] Idle Task: bl616_pmtickless: --->>> [10]:On, [H]:45536, [15:mi_otn]
[22:20:20:390][ 6881.851000] [  WARN] Idle Task: bl616_pmtickless: <<<--- [R]:RTC, [R]:45545, [W]:6734, [L]:280
[22:20:20:422][ 6881.864000] [  INFO] mi_otn: [22:20:19.863 ] ots: -->kplv sent.
[22:20:20:422][ 6881.869000] [  WARN] Idle Task: bl616_pmtickless: --->>> [10]:On, [H]:23993, [1174644928:]
[22:20:20:696][ 6882.141000] [  WARN] Idle Task: bl616_pmtickless: <<<--- [R]:WIFI, [R]:260, [W]:6735, [L]:280
[22:20:20:700][ 6882.159000] [ DEBUG] ots_task: [22:20:20.158 ] ots: recvd 8Bytes
[22:20:20:712][ 6882.162000] [  INFO] ots_task: [22:20:20.162 ] ots: <--kplv ack.
[22:20:20:712][ 6882.168000] [ DEBUG] ots_task: [22:20:20.168 ] ots: event emit[id=11,txt=ots.keeplive,ext_len=0]
[22:20:20:712][ 6882.177000] [ DEBUG] ots_task: [22:20:20.177 ] ots: keeplive costtime = 310
[22:20:20:744][ 6882.184000] [ DEBUG] mi_otn: [22:20:20.184 ] ots: ots.keeplive[11] happened!
[22:20:20:744][ 6882.193000] [  WARN] Idle Task: bl616_pmtickless: --->>> [10]:On, [H]:90999, [15:mi_otn]
[22:20:25:816][ 6887.262000] [  WARN] Idle Task: bl616_pmtickless: <<<--- [R]:WIFI, [R]:5058, [W]:6740, [L]:280
[22:20:25:848][ 6887.291000] [  WARN] Idle Task: bl616_pmtickless: --->>> [10]:On, [H]:85901, [15:mi_otn]
[22:21:00:218][ 6921.677000] [  WARN] Idle Task: bl616_pmtickless: <<<--- [R]:WIFI, [R]:34375, [W]:6774, [L]:282
[22:21:00:249][ 6921.705000] [  WARN] Idle Task: bl616_pmtickless: --->>> [10]:On, [H]:51488, [15:mi_otn]
[22:21:41:188][ 6962.642000] [  WARN] Idle Task: bl616_pmtickless: <<<--- [R]:WIFI, [R]:40926, [W]:6814, [L]:282
[22:21:41:220][ 6962.677000] [  WARN] Idle Task: bl616_pmtickless: --->>> [10]:On, [H]:10515, [15:mi_otn]
[22:21:51:741][ 6973.212000] [  WARN] Idle Task: bl616_pmtickless: <<<--- [R]:RTC, [R]:10524, [W]:6824, [L]:282
[22:21:51:741][ 6973.225000] [  INFO] mi_otn: [22:21:51.224 ] ots: -->kplv sent.
[22:21:51:773][ 6973.230000] [  WARN] Idle Task: bl616_pmtickless: --->>> [10]:On, [H]:5022, [19:netMonitorTask]
[22:21:52:452][ 6973.911000] [  WARN] Idle Task: bl616_pmtickless: <<<--- [R]:WIFI, [R]:669, [W]:6825, [L]:282
[22:21:52:452][ 6973.930000] [ DEBUG] ots_task: [22:21:51.930 ] ots: recvd 8Bytes
[22:21:52:452][ 6973.933000] [  INFO] ots_task: [22:21:51.933 ] ots: <--kplv ack.
[22:21:52:477][ 6973.939000] [ DEBUG] ots_task: [22:21:51.939 ] ots: event emit[id=11,txt=ots.keeplive,ext_len=0]
[22:21:52:477][ 6973.948000] [ DEBUG] ots_task: [22:21:51.948 ] ots: keeplive costtime = 720
[22:21:52:483][ 6973.955000] [ DEBUG] mi_otn: [22:21:51.955 ] ots: ots.keeplive[11] happened!
[22:21:52:499][ 6973.964000] [  WARN] Idle Task: bl616_pmtickless: --->>> [10]:On, [H]:4288, [19:netMonitorTask]
[22:21:56:796][ 6978.273000] [  WARN] Idle Task: bl616_pmtickless: <<<--- [R]:RTC, [R]:4297, [W]:6829, [L]:282
[22:21:56:796][ 6978.284000] [  INFO] netMonitorTask: [22:21:56.284 ] miio_monitor: work time = 6978s, memory left = 111632
[22:21:56:813][ 6978.291000] [ DEBUG] netMonitorTask: [22:21:56.291 ] miio_net: sta offline 0 times in last 600s
[22:21:56:829][ 6978.302000] [  WARN] Idle Task: bl616_pmtickless: --->>> [10]:On, [H]:59388, [15:mi_otn]
[22:21:57:572][ 6979.038000] [  WARN] Idle Task: bl616_pmtickless: <<<--- [R]:WIFI, [R]:725, [W]:6830, [L]:282
[22:21:57:604][ 6979.068000] [  WARN] Idle Task: bl616_pmtickless: --->>> [10]:On, [H]:58622, [15:mi_otn]
[22:22:29:310][ 7010.788000] [  WARN] Idle Task: bl616_pmtickless: <<<--- [R]:WIFI, [R]:31709, [W]:6861, [L]:282
[22:22:29:342][ 7010.819000] [  WARN] Idle Task: bl616_pmtickless: --->>> [10]:On, [H]:26871, [15:mi_otn]
[22:22:56:234][ 7037.710000] [  WARN] Idle Task: bl616_pmtickless: <<<--- [R]:RTC, [R]:26880, [W]:6887, [L]:282
[22:22:56:234][ 7037.726000] [ DEBUG] mi_otn: [22:22:55.725 ] miio_ot: st[1775241363], dura[1800]
[22:22:56:250][ 7037.733000] [  WARN] Idle Task: bl616_pmtickless: --->>> [10]:On, [H]:27241, [15:mi_otn]
[22:23:23:502][ 7064.994000] [  WARN] Idle Task: bl616_pmtickless: <<<--- [R]:RTC, [R]:27250, [W]:6913, [L]:282
[22:23:23:515][ 7065.006000] [  INFO] mi_otn: [22:23:23.006 ] ots: -->kplv sent.
[22:23:23:531][ 7065.014000] [  WARN] Idle Task: bl616_pmtickless: --->>> [10]:On, [H]:14038, [0:]
[22:23:23:579][ 7065.073000] [  WARN] Idle Task: bl616_pmtickless: <<<--- [R]:WIFI, [R]:49, [W]:6914, [L]:282
[22:23:23:597][ 7065.090000] [ DEBUG] ots_task: [22:23:23.090 ] ots: recvd 8Bytes
[22:23:23:597][ 7065.094000] [  INFO] ots_task: [22:23:23.094 ] ots: <--kplv ack.
[22:23:23:597][ 7065.100000] [ DEBUG] ots_task: [22:23:23.100 ] ots: event emit[id=11,txt=ots.keeplive,ext_len=0]
[22:23:23:611][ 7065.109000] [ DEBUG] ots_task: [22:23:23.109 ] ots: keeplive costtime = 100
[22:23:23:611][ 7065.116000] [ DEBUG] mi_otn: [22:23:23.116 ] ots: ots.keeplive[11] happened!
[22:23:23:627][ 7065.125000] [  WARN] Idle Task: bl616_pmtickless: --->>> [10]:On, [H]:90998, [15:mi_otn]
[22:23:28:713][ 7070.196000] [  WARN] Idle Task: bl616_pmtickless: <<<--- [R]:WIFI, [R]:5060, [W]:6919, [L]:282
[22:23:28:728][ 7070.225000] [  WARN] Idle Task: bl616_pmtickless: --->>> [10]:On, [H]:85898, [15:mi_otn]
[22:23:40:781][ 7082.281000] [  WARN] Idle Task: bl616_pmtickless: <<<--- [R]:WIFI, [R]:12045, [W]:6931, [L]:283
[22:23:40:813][ 7082.316000] [  WARN] Idle Task: bl616_pmtickless: --->>> [10]:On, [H]:73807, [15:mi_otn]
[22:24:29:938][ 7131.440000] [  WARN] Idle Task: bl616_pmtickless: <<<--- [R]:WIFI, [R]:49113, [W]:6979, [L]:283
[22:24:29:970][ 7131.480000] [  WARN] Idle Task: bl616_pmtickless: --->>> [10]:On, [H]:24643, [15:mi_otn]
[22:24:54:634][ 7156.143000] [  WARN] Idle Task: bl616_pmtickless: <<<--- [R]:RTC, [R]:24652, [W]:7003, [L]:283
[22:24:54:634][ 7156.156000] [  INFO] mi_otn: [22:24:54.156 ] ots: -->kplv sent.
[22:24:54:650][ 7156.162000] [  WARN] Idle Task: bl616_pmtickless: --->>> [10]:On, [H]:23993, [1174644928:]
[22:24:55:533][ 7157.050000] [  WARN] Idle Task: bl616_pmtickless: <<<--- [R]:WIFI, [R]:877, [W]:7004, [L]:283
[22:24:55:549][ 7157.065000] [ DEBUG] ots_task: [22:24:55.065 ] ots: recvd 8Bytes
[22:24:55:549][ 7157.069000] [  INFO] ots_task: [22:24:55.069 ] ots: <--kplv ack.
[22:24:55:565][ 7157.075000] [ DEBUG] ots_task: [22:24:55.075 ] ots: event emit[id=11,txt=ots.keeplive,ext_len=0]
[22:24:55:565][ 7157.084000] [ DEBUG] ots_task: [22:24:55.084 ] ots: keeplive costtime = 925
[22:24:55:565][ 7157.091000] [ DEBUG] mi_otn: [22:24:55.091 ] ots: ots.keeplive[11] happened!
[22:24:55:596][ 7157.100000] [  WARN] Idle Task: bl616_pmtickless: --->>> [10]:On, [H]:43523, [7:WPA]
[22:25:00:664][ 7162.173000] [  WARN] Idle Task: bl616_pmtickless: <<<--- [R]:WIFI, [R]:5062, [W]:7009, [L]:283
[22:25:00:696][ 7162.208000] [  WARN] Idle Task: bl616_pmtickless: --->>> [10]:On, [H]:38415, [7:WPA]
[22:25:39:125][ 7200.643000] [  WARN] Idle Task: bl616_pmtickless: <<<--- [R]:RTC, [R]:38424, [W]:7046, [L]:285
[22:25:39:141][ 7200.654000] [  WARN] Idle Task: bl616_pmtickless: --->>> [10]:On, [H]:11186, [20:mi_mcmd]
[22:25:47:450][ 7208.979000] [  WARN] Idle Task: bl616_pmtickless: <<<--- [R]:WIFI, [R]:8314, [W]:7055, [L]:285
[22:25:47:482][ 7209.009000] [  WARN] Idle Task: bl616_pmtickless: --->>> [10]:On, [H]:2831, [20:mi_mcmd]
[22:25:50:357][ 7211.860000] [  WARN] Idle Task: bl616_pmtickless: <<<--- [R]:RTC, [R]:2840, [W]:7057, [L]:285
[22:25:50:357][ 7211.873000] [  WARN] Idle Task: bl616_pmtickless: --->>> [10]:On, [H]:36225, [15:mi_otn]
[22:26:26:581][ 7248.118000] [  WARN] Idle Task: bl616_pmtickless: <<<--- [R]:RTC, [R]:36234, [W]:7093, [L]:285
[22:26:26:581][ 7248.131000] [  INFO] mi_otn: [22:26:26.131 ] ots: -->kplv sent.
[22:26:26:613][ 7248.137000] [  WARN] Idle Task: bl616_pmtickless: --->>> [10]:On, [H]:23993, [1174644928:]
[22:26:27:387][ 7248.923000] [  WARN] Idle Task: bl616_pmtickless: <<<--- [R]:WIFI, [R]:775, [W]:7094, [L]:285
[22:26:27:403][ 7248.941000] [ DEBUG] ots_task: [22:26:26.941 ] ots: recvd 8Bytes
[22:26:27:405][ 7248.945000] [  INFO] ots_task: [22:26:26.945 ] ots: <--kplv ack.
[22:26:27:416][ 7248.951000] [ DEBUG] ots_task: [22:26:26.951 ] ots: event emit[id=11,txt=ots.keeplive,ext_len=0]
[22:26:27:419][ 7248.960000] [ DEBUG] ots_task: [22:26:26.960 ] ots: keeplive costtime = 825
[22:26:27:419][ 7248.967000] [ DEBUG] mi_otn: [22:26:26.967 ] ots: ots.keeplive[11] happened!
[22:26:27:452][ 7248.976000] [  WARN] Idle Task: bl616_pmtickless: --->>> [10]:On, [H]:29325, [19:netMonitorTask]
[22:26:32:511][ 7254.049000] [  WARN] Idle Task: bl616_pmtickless: <<<--- [R]:WIFI, [R]:5061, [W]:7099, [L]:285
[22:26:32:544][ 7254.081000] [  WARN] Idle Task: bl616_pmtickless: --->>> [10]:On, [H]:24220, [19:netMonitorTask]
[22:26:33:541][ 7255.072000] [  WARN] Idle Task: bl616_pmtickless: <<<--- [R]:WIFI, [R]:979, [W]:7100, [L]:285
[22:26:33:573][ 7255.103000] [  WARN] Idle Task: bl616_pmtickless: --->>> [10]:On, [H]:23198, [19:netMonitorTask]
[22:26:56:774][ 7278.321000] [  WARN] Idle Task: bl616_pmtickless: <<<--- [R]:RTC, [R]:23207, [W]:7122, [L]:285
[22:26:56:774][ 7278.333000] [  INFO] netMonitorTask: [22:26:56.332 ] miio_monitor: work time = 7278s, memory left = 111632
[22:26:56:789][ 7278.340000] [ DEBUG] netMonitorTask: [22:26:56.340 ] miio_net: sta offline 0 times in last 600s
[22:26:56:805][ 7278.351000] [  WARN] Idle Task: bl616_pmtickless: --->>> [10]:On, [H]:61623, [15:mi_otn]
[22:27:30:677][ 7312.225000] [  WARN] Idle Task: bl616_pmtickless: <<<--- [R]:WIFI, [R]:33863, [W]:7156, [L]:286
[22:27:30:710][ 7312.253000] [  WARN] Idle Task: bl616_pmtickless: --->>> [10]:On, [H]:27721, [15:mi_otn]
[22:27:39:899][ 7321.444000] [  WARN] Idle Task: bl616_pmtickless: <<<--- [R]:WIFI, [R]:9180, [W]:7165, [L]:286
[22:27:39:928][ 7321.472000] [  WARN] Idle Task: bl616_pmtickless: --->>> [10]:On, [H]:18502, [15:mi_otn]
[22:27:58:433][ 7339.994000] [  WARN] Idle Task: bl616_pmtickless: <<<--- [R]:RTC, [R]:18511, [W]:7183, [L]:286
[22:27:58:438][ 7340.007000] [  INFO] mi_otn: [22:27:58.007 ] ots: -->kplv sent.
[22:27:58:466][ 7340.013000] [  WARN] Idle Task: bl616_pmtickless: --->>> [10]:On, [H]:23993, [1174644928:]
[22:27:59:352][ 7340.905000] [  WARN] Idle Task: bl616_pmtickless: <<<--- [R]:WIFI, [R]:881, [W]:7184, [L]:286
[22:27:59:352][ 7340.923000] [ DEBUG] ots_task: [22:27:58.923 ] ots: recvd 8Bytes
[22:27:59:352][ 7340.926000] [  INFO] ots_task: [22:27:58.926 ] ots: <--kplv ack.
[22:27:59:368][ 7340.932000] [ DEBUG] ots_task: [22:27:58.932 ] ots: event emit[id=11,txt=ots.keeplive,ext_len=0]
[22:27:59:368][ 7340.941000] [ DEBUG] ots_task: [22:27:58.941 ] ots: keeplive costtime = 931
[22:27:59:399][ 7340.948000] [ DEBUG] mi_otn: [22:27:58.948 ] ots: ots.keeplive[11] happened!
[22:27:59:399][ 7340.957000] [  WARN] Idle Task: bl616_pmtickless: --->>> [10]:On, [H]:90999, [15:mi_otn]
[22:28:04:676][ 7346.231000] [  WARN] Idle Task: bl616_pmtickless: <<<--- [R]:WIFI, [R]:5263, [W]:7190, [L]:289
[22:28:04:709][ 7346.268000] [  WARN] Idle Task: bl616_pmtickless: --->>> [10]:On, [H]:85688, [15:mi_otn]
[22:28:39:694][ 7381.258000] [  WARN] Idle Task: bl616_pmtickless: <<<--- [R]:WIFI, [R]:34979, [W]:7225, [L]:292
[22:28:39:722][ 7381.289000] [  WARN] Idle Task: bl616_pmtickless: --->>> [10]:On, [H]:50667, [15:mi_otn]
[22:28:40:719][ 7382.288000] [  WARN] Idle Task: bl616_pmtickless: <<<--- [R]:WIFI, [R]:988, [W]:7226, [L]:292
[22:28:40:750][ 7382.316000] [  WARN] Idle Task: bl616_pmtickless: --->>> [10]:On, [H]:49640, [15:mi_otn]
[22:28:43:797][ 7385.360000] [  WARN] Idle Task: bl616_pmtickless: <<<--- [R]:WIFI, [R]:3033, [W]:7229, [L]:292
[22:28:43:813][ 7385.388000] [  WARN] Idle Task: bl616_pmtickless: --->>> [10]:On, [H]:46569, [15:mi_otn]
[22:28:46:855][ 7388.433000] [  WARN] Idle Task: bl616_pmtickless: <<<--- [R]:WIFI, [R]:3034, [W]:7232, [L]:292
[22:28:46:887][ 7388.460000] [  WARN] Idle Task: bl616_pmtickless: --->>> [10]:On, [H]:43496, [15:mi_otn]
[22:29:30:399][ 7431.976000] [  WARN] Idle Task: bl616_pmtickless: <<<--- [R]:RTC, [R]:43505, [W]:7274, [L]:292
[22:29:30:415][ 7431.989000] [  INFO] mi_otn: [22:29:29.989 ] ots: -->kplv sent.
[22:29:30:415][ 7431.995000] [  WARN] Idle Task: bl616_pmtickless: --->>> [10]:On, [H]:23992, [1174644928:]
[22:29:30:891][ 7432.474000] [  WARN] Idle Task: bl616_pmtickless: <<<--- [R]:WIFI, [R]:468, [W]:7275, [L]:292
[22:29:30:891][ 7432.491000] [ DEBUG] ots_task: [22:29:30.491 ] ots: recvd 8Bytes
[22:29:30:907][ 7432.495000] [  INFO] ots_task: [22:29:30.495 ] ots: <--kplv ack.
[22:29:30:907][ 7432.501000] [ DEBUG] ots_task: [22:29:30.501 ] ots: event emit[id=11,txt=ots.keeplive,ext_len=0]
[22:29:30:923][ 7432.510000] [ DEBUG] ots_task: [22:29:30.510 ] ots: keeplive costtime = 518
[22:29:30:923][ 7432.517000] [ DEBUG] mi_otn: [22:29:30.517 ] ots: ots.keeplive[11] happened!
[22:29:30:939][ 7432.526000] [  WARN] Idle Task: bl616_pmtickless: --->>> [10]:On, [H]:90999, [15:mi_otn]
[22:29:36:010][ 7437.596000] [  WARN] Idle Task: bl616_pmtickless: <<<--- [R]:WIFI, [R]:5059, [W]:7280, [L]:292
[22:29:36:042][ 7437.626000] [  WARN] Idle Task: bl616_pmtickless: --->>> [10]:On, [H]:85899, [15:mi_otn]
[22:29:47:892][ 7449.479000] [  WARN] Idle Task: bl616_pmtickless: <<<--- [R]:WIFI, [R]:11842, [W]:7292, [L]:294
[22:29:47:925][ 7449.508000] [  WARN] Idle Task: bl616_pmtickless: --->>> [10]:On, [H]:74017, [15:mi_otn]
[22:30:31:718][ 7493.312000] [  WARN] Idle Task: bl616_pmtickless: <<<--- [R]:WIFI, [R]:43793, [W]:7335, [L]:295
[22:30:31:750][ 7493.342000] [  WARN] Idle Task: bl616_pmtickless: --->>> [10]:On, [H]:30183, [15:mi_otn]
[22:31:01:942][ 7523.545000] [  WARN] Idle Task: bl616_pmtickless: <<<--- [R]:RTC, [R]:30192, [W]:7364, [L]:295
[22:31:01:942][ 7523.557000] [  INFO] mi_otn: [22:31:01.557 ] ots: -->kplv sent.
[22:31:01:972][ 7523.563000] [  WARN] Idle Task: bl616_pmtickless: --->>> [10]:On, [H]:23993, [1174644928:]
[22:31:25:969][ 7547.576000] [  WARN] Idle Task: bl616_pmtickless: <<<--- [R]:RTC, [R]:24002, [W]:7387, [L]:295
[22:31:25:985][ 7547.590000] [  WARN] Idle Task: bl616_pmtickless: --->>> [10]:On, [H]:1901, [0:]
[22:31:27:115][ 7548.723000] [  WARN] Idle Task: bl616_pmtickless: <<<--- [R]:WIFI, [R]:1123, [W]:7389, [L]:295
[22:31:27:117][ 7548.739000] [ DEBUG] ots_task: [22:31:26.739 ] ots: recvd 8Bytes
[22:31:27:130][ 7548.743000] [  INFO] ots_task: [22:31:26.743 ] ots: <--kplv ack.
[22:31:27:130][ 7548.749000] [ DEBUG] ots_task: [22:31:26.749 ] ots: event emit[id=11,txt=ots.keeplive,ext_len=0]
[22:31:27:146][ 7548.758000] [ DEBUG] ots_task: [22:31:26.758 ] ots: keeplive costtime = 25198
[22:31:27:146][ 7548.765000] [ DEBUG] mi_otn: [22:31:26.765 ] ots: ots.keeplive[11] happened!
[22:31:27:162][ 7548.774000] [  WARN] Idle Task: bl616_pmtickless: --->>> [10]:On, [H]:29575, [19:netMonitorTask]
[22:31:32:242][ 7553.847000] [  WARN] Idle Task: bl616_pmtickless: <<<--- [R]:WIFI, [R]:5061, [W]:7394, [L]:295
[22:31:32:274][ 7553.881000] [  WARN] Idle Task: bl616_pmtickless: --->>> [10]:On, [H]:24468, [19:netMonitorTask]
[22:31:55:788][ 7577.402000] [  WARN] Idle Task: bl616_pmtickless: <<<--- [R]:WIFI, [R]:23510, [W]:7417, [L]:295
[22:31:55:821][ 7577.432000] [  WARN] Idle Task: bl616_pmtickless: --->>> [10]:On, [H]:917, [19:netMonitorTask]
[22:31:56:740][ 7578.370000] [  WARN] Idle Task: bl616_pmtickless: <<<--- [R]:RTC, [R]:926, [W]:7417, [L]:295
[22:31:56:757][ 7578.380000] [  INFO] netMonitorTask: [22:31:56.380 ] miio_monitor: work time = 7578s, memory left = 111632
[22:31:56:772][ 7578.388000] [ DEBUG] netMonitorTask: [22:31:56.387 ] miio_net: sta offline 0 times in last 600s
[22:31:56:789][ 7578.399000] [  WARN] Idle Task: bl616_pmtickless: --->>> [10]:On, [H]:59332, [15:mi_otn]
[22:32:28:567][ 7610.180000] [  WARN] Idle Task: bl616_pmtickless: <<<--- [R]:WIFI, [R]:31770, [W]:7449, [L]:295
[22:32:28:599][ 7610.214000] [  WARN] Idle Task: bl616_pmtickless: --->>> [10]:On, [H]:27517, [15:mi_otn]
[22:32:56:125][ 7637.751000] [  WARN] Idle Task: bl616_pmtickless: <<<--- [R]:RTC, [R]:27526, [W]:7475, [L]:295
[22:32:56:125][ 7637.767000] [ DEBUG] mi_otn: [22:32:55.767 ] miio_ot: st[1775241363], dura[1800]
[22:32:56:157][ 7637.774000] [  WARN] Idle Task: bl616_pmtickless: --->>> [10]:On, [H]:2010, [15:mi_otn]
[22:32:58:172][ 7639.804000] [  WARN] Idle Task: bl616_pmtickless: <<<--- [R]:RTC, [R]:2019, [W]:7477, [L]:295
[22:32:58:172][ 7639.816000] [  INFO] mi_otn: [22:32:57.816 ] ots: -->kplv sent.
[22:32:58:188][ 7639.822000] [  WARN] Idle Task: bl616_pmtickless: --->>> [10]:On, [H]:23993, [1174644928:]
[22:32:58:252][ 7639.884000] [  WARN] Idle Task: bl616_pmtickless: <<<--- [R]:WIFI, [R]:51, [W]:7478, [L]:295
[22:32:58:252][ 7639.900000] [ DEBUG] ots_task: [22:32:57.900 ] ots: recvd 8Bytes
[22:32:58:268][ 7639.904000] [  INFO] ots_task: [22:32:57.904 ] ots: <--kplv ack.
[22:32:58:268][ 7639.910000] [ DEBUG] ots_task: [22:32:57.910 ] ots: event emit[id=11,txt=ots.keeplive,ext_len=0]
[22:32:58:284][ 7639.919000] [ DEBUG] ots_task: [22:32:57.919 ] ots: keeplive costtime = 99
[22:32:58:284][ 7639.926000] [ DEBUG] mi_otn: [22:32:57.926 ] ots: ots.keeplive[11] happened!
[22:32:58:300][ 7639.935000] [  WARN] Idle Task: bl616_pmtickless: --->>> [10]:On, [H]:90998, [15:mi_otn]
[22:33:03:379][ 7645.007000] [  WARN] Idle Task: bl616_pmtickless: <<<--- [R]:WIFI, [R]:5061, [W]:7483, [L]:295
[22:33:03:411][ 7645.045000] [  WARN] Idle Task: bl616_pmtickless: --->>> [10]:On, [H]:85888, [15:mi_otn]
[22:33:54:572][ 7696.215000] [  WARN] Idle Task: bl616_pmtickless: <<<--- [R]:WIFI, [R]:51159, [W]:7533, [L]:295
[22:33:54:620][ 7696.257000] [  WARN] Idle Task: bl616_pmtickless: --->>> [10]:On, [H]:34677, [15:mi_otn]
[22:33:57:647][ 7699.290000] [  WARN] Idle Task: bl616_pmtickless: <<<--- [R]:WIFI, [R]:3022, [W]:7536, [L]:295
[22:33:57:680][ 7699.326000] [  WARN] Idle Task: bl616_pmtickless: --->>> [10]:On, [H]:31607, [15:mi_otn]
[22:34:02:772][ 7704.412000] [  WARN] Idle Task: bl616_pmtickless: <<<--- [R]:WIFI, [R]:5075, [W]:7541, [L]:295
[22:34:02:803][ 7704.451000] [  WARN] Idle Task: bl616_pmtickless: --->>> [10]:On, [H]:26482, [15:mi_otn]
[22:34:08:907][ 7710.558000] [  WARN] Idle Task: bl616_pmtickless: <<<--- [R]:WIFI, [R]:6096, [W]:7547, [L]:295
[22:34:08:939][ 7710.591000] [  WARN] Idle Task: bl616_pmtickless: --->>> [10]:On, [H]:20342, [15:mi_otn]
[22:34:17:102][ 7718.753000] [  WARN] Idle Task: bl616_pmtickless: <<<--- [R]:WIFI, [R]:8151, [W]:7555, [L]:295
[22:34:17:135][ 7718.786000] [  WARN] Idle Task: bl616_pmtickless: --->>> [10]:On, [H]:12147, [15:mi_otn]
[22:34:29:191][ 7730.840000] [  WARN] Idle Task: bl616_pmtickless: <<<--- [R]:WIFI, [R]:12043, [W]:7567, [L]:296
[22:34:29:223][ 7730.873000] [  WARN] Idle Task: bl616_pmtickless: --->>> [10]:On, [H]:60, [15:mi_otn]
[22:34:29:303][ 7730.953000] [  WARN] Idle Task: bl616_pmtickless: <<<--- [R]:RTC, [R]:69, [W]:7567, [L]:296
[22:34:29:303][ 7730.965000] [  INFO] mi_otn: [22:34:28.965 ] ots: -->kplv sent.
[22:34:29:319][ 7730.972000] [  WARN] Idle Task: bl616_pmtickless: --->>> [10]:On, [H]:23992, [1174644928:]
[22:34:49:467][ 7751.121000] [  WARN] Idle Task: bl616_pmtickless: <<<--- [R]:WIFI, [R]:20138, [W]:7587, [L]:297
[22:34:49:499][ 7751.161000] [  WARN] Idle Task: bl616_pmtickless: --->>> [10]:On, [H]:3803, [1174644928:]
[22:34:53:327][ 7754.984000] [  WARN] Idle Task: bl616_pmtickless: <<<--- [R]:RTC, [R]:3812, [W]:7590, [L]:297
[22:34:53:343][ 7755.000000] [  WARN] Idle Task: bl616_pmtickless: --->>> [10]:On, [H]:2976, [15:mi_otn]
[22:34:56:318][ 7757.996000] [  WARN] Idle Task: bl616_pmtickless: <<<--- [R]:RTC, [R]:2985, [W]:7593, [L]:297
[22:34:56:334][ 7758.009000] [  INFO] mi_otn: [22:34:56.008 ] ots: -->kplv sent.
[22:34:56:350][ 7758.014000] [  WARN] Idle Task: bl616_pmtickless: --->>> [10]:On, [H]:20980, [1174644928:]
[22:34:56:638][ 7758.296000] [  WARN] Idle Task: bl616_pmtickless: <<<--- [R]:WIFI, [R]:270, [W]:7594, [L]:297
[22:34:56:670][ 7758.328000] [  WARN] Idle Task: bl616_pmtickless: --->>> [10]:On, [H]:23980, [1174644928:]
[22:35:01:759][ 7763.418000] [  WARN] Idle Task: bl616_pmtickless: <<<--- [R]:WIFI, [R]:5079, [W]:7599, [L]:297
[22:35:01:776][ 7763.448000] [  WARN] Idle Task: bl616_pmtickless: --->>> [10]:On, [H]:18860, [1174644928:]
[22:35:20:664][ 7782.329000] [  WARN] Idle Task: bl616_pmtickless: <<<--- [R]:RTC, [R]:18869, [W]:7617, [L]:297
[22:35:20:680][ 7782.344000] [  WARN] Idle Task: bl616_pmtickless: --->>> [10]:On, [H]:2676, [15:mi_otn]
[22:35:21:211][ 7782.883000] [  WARN] Idle Task: bl616_pmtickless: <<<--- [R]:WIFI, [R]:528, [W]:7618, [L]:297
[22:35:21:211][ 7782.898000] [ DEBUG] ots_task: [22:35:20.898 ] ots: recvd 8Bytes
[22:35:21:211][ 7782.902000] [  INFO] ots_task: [22:35:20.902 ] ots: <--kplv ack.
[22:35:21:227][ 7782.908000] [ DEBUG] ots_task: [22:35:20.908 ] ots: event emit[id=11,txt=ots.keeplive,ext_len=0]
[22:35:21:243][ 7782.917000] [ DEBUG] ots_task: [22:35:20.917 ] ots: keeplive costtime = 51949
[22:35:21:259][ 7782.924000] [ DEBUG] mi_otn: [22:35:20.924 ] ots: ots.keeplive[11] happened!
[22:35:21:259][ 7782.933000] [  WARN] Idle Task: bl616_pmtickless: --->>> [10]:On, [H]:90999, [15:mi_otn]
[22:35:22:241][ 7783.907000] [  WARN] Idle Task: bl616_pmtickless: <<<--- [R]:WIFI, [R]:963, [W]:7619, [L]:297
[22:35:22:241][ 7783.925000] [ DEBUG] ots_task: [22:35:21.924 ] ots: recvd 8Bytes
[22:35:22:241][ 7783.928000] [  INFO] ots_task: [22:35:21.928 ] ots: <--kplv ack.
[22:35:22:257][ 7783.934000] [ DEBUG] ots_task: [22:35:21.934 ] ots: event emit[id=11,txt=ots.keeplive,ext_len=0]
[22:35:22:257][ 7783.944000] [ DEBUG] mi_otn: [22:35:21.943 ] ots: ots.keeplive[11] happened!
[22:35:22:273][ 7783.952000] [  WARN] Idle Task: bl616_pmtickless: --->>> [10]:On, [H]:90999, [15:mi_otn]
[22:35:26:325][ 7788.004000] [  WARN] Idle Task: bl616_pmtickless: <<<--- [R]:WIFI, [R]:4041, [W]:7623, [L]:297
[22:35:26:356][ 7788.041000] [  WARN] Idle Task: bl616_pmtickless: --->>> [10]:On, [H]:86910, [15:mi_otn]
[22:36:04:212][ 7825.900000] [  WARN] Idle Task: bl616_pmtickless: <<<--- [R]:WIFI, [R]:37848, [W]:7660, [L]:297
[22:36:04:243][ 7825.929000] [  WARN] Idle Task: bl616_pmtickless: --->>> [10]:On, [H]:49022, [15:mi_otn]
[22:36:33:919][ 7855.601000] [  WARN] Idle Task: bl616_pmtickless: <<<--- [R]:WIFI, [R]:29661, [W]:7689, [L]:297
[22:36:33:951][ 7855.636000] [  WARN] Idle Task: bl616_pmtickless: --->>> [10]:On, [H]:19315, [15:mi_otn]
[22:36:53:269][ 7874.971000] [  WARN] Idle Task: bl616_pmtickless: <<<--- [R]:RTC, [R]:19324, [W]:7707, [L]:297
[22:36:53:269][ 7874.984000] [  INFO] mi_otn: [22:36:52.984 ] ots: -->kplv sent.
[22:36:53:301][ 7874.990000] [  WARN] Idle Task: bl616_pmtickless: --->>> [10]:On, [H]:3407, [19:netMonitorTask]
[22:36:53:365][ 7875.064000] [  WARN] Idle Task: bl616_pmtickless: <<<--- [R]:WIFI, [R]:62, [W]:7708, [L]:297
[22:36:53:365][ 7875.081000] [ DEBUG] ots_task: [22:36:53.081 ] ots: recvd 8Bytes
[22:36:53:382][ 7875.085000] [  INFO] ots_task: [22:36:53.085 ] ots: <--kplv ack.
[22:36:53:382][ 7875.090000] [ DEBUG] ots_task: [22:36:53.090 ] ots: event emit[id=11,txt=ots.keeplive,ext_len=0]
[22:36:53:398][ 7875.099000] [ DEBUG] ots_task: [22:36:53.099 ] ots: keeplive costtime = 111
[22:36:53:398][ 7875.107000] [ DEBUG] mi_otn: [22:36:53.107 ] ots: ots.keeplive[11] happened!
[22:36:53:414][ 7875.116000] [  WARN] Idle Task: bl616_pmtickless: --->>> [10]:On, [H]:3281, [19:netMonitorTask]
[22:36:56:715][ 7878.417000] [  WARN] Idle Task: bl616_pmtickless: <<<--- [R]:RTC, [R]:3290, [W]:7711, [L]:297
[22:36:56:715][ 7878.428000] [  INFO] netMonitorTask: [22:36:56.428 ] miio_monitor: work time = 7878s, memory left = 111632
[22:36:56:730][ 7878.436000] [ DEBUG] netMonitorTask: [22:36:56.436 ] miio_net: sta offline 0 times in last 600s
[22:36:56:746][ 7878.447000] [  WARN] Idle Task: bl616_pmtickless: --->>> [10]:On, [H]:87667, [15:mi_otn]
[22:36:58:797][ 7880.496000] [  WARN] Idle Task: bl616_pmtickless: <<<--- [R]:WIFI, [R]:2038, [W]:7713, [L]:297
[22:36:58:829][ 7880.534000] [  WARN] Idle Task: bl616_pmtickless: --->>> [10]:On, [H]:85580, [15:mi_otn]
[22:36:59:814][ 7881.522000] [  WARN] Idle Task: bl616_pmtickless: <<<--- [R]:WIFI, [R]:977, [W]:7714, [L]:297
[22:36:59:846][ 7881.552000] [  WARN] Idle Task: bl616_pmtickless: --->>> [10]:On, [H]:84562, [15:mi_otn]
[22:37:34:633][ 7916.344000] [  WARN] Idle Task: bl616_pmtickless: <<<--- [R]:WIFI, [R]:34781, [W]:7748, [L]:297
[22:37:34:666][ 7916.381000] [  WARN] Idle Task: bl616_pmtickless: --->>> [10]:On, [H]:49734, [15:mi_otn]
[22:38:24:422][ 7966.135000] [  WARN] Idle Task: bl616_pmtickless: <<<--- [R]:RTC, [R]:49743, [W]:7796, [L]:297
[22:38:24:422][ 7966.147000] [  INFO] mi_otn: [22:38:24.147 ] ots: -->kplv sent.
[22:38:24:441][ 7966.153000] [  WARN] Idle Task: bl616_pmtickless: --->>> [10]:On, [H]:15382, [0:]
[22:38:34:849][ 7976.568000] [  WARN] Idle Task: bl616_pmtickless: <<<--- [R]:WIFI, [R]:10405, [W]:7807, [L]:298
[22:38:34:881][ 7976.602000] [  WARN] Idle Task: bl616_pmtickless: --->>> [10]:On, [H]:4933, [0:]
[22:38:39:837][ 7981.555000] [  WARN] Idle Task: bl616_pmtickless: <<<--- [R]:RTC, [R]:4942, [W]:7811, [L]:298
[22:38:39:934][ 7981.676000] [ ERROR] lpwork: wlan_sta_probe_status_work: ERROR: arp probe failed
[22:38:39:966][ 7981.684000] [  WARN] Idle Task: bl616_pmtickless: --->>> [10]:On, [H]:8462, [1174644928:]
[22:38:40:888][ 7982.614000] [  WARN] Idle Task: bl616_pmtickless: <<<--- [R]:WIFI, [R]:919, [W]:7812, [L]:298
[22:38:40:920][ 7982.645000] [  WARN] Idle Task: bl616_pmtickless: --->>> [10]:On, [H]:7501, [1174644928:]
[22:38:43:967][ 7985.688000] [  WARN] Idle Task: bl616_pmtickless: <<<--- [R]:WIFI, [R]:3032, [W]:7815, [L]:298
[22:38:44:002][ 7985.726000] [  WARN] Idle Task: bl616_pmtickless: --->>> [10]:On, [H]:4420, [1174644928:]
[22:38:48:437][ 7990.166000] [  WARN] Idle Task: bl616_pmtickless: <<<--- [R]:RTC, [R]:4429, [W]:7819, [L]:298
[22:38:48:453][ 7990.180000] [  WARN] Idle Task: bl616_pmtickless: --->>> [10]:On, [H]:2977, [15:mi_otn]
[22:38:49:080][ 7990.813000] [  WARN] Idle Task: bl616_pmtickless: <<<--- [R]:WIFI, [R]:622, [W]:7820, [L]:298
[22:38:49:080][ 7990.828000] [ DEBUG] ots_task: [22:38:48.828 ] ots: recvd 8Bytes
[22:38:49:096][ 7990.831000] [  INFO] ots_task: [22:38:48.831 ] ots: <--kplv ack.
[22:38:49:096][ 7990.837000] [ DEBUG] ots_task: [22:38:48.837 ] ots: event emit[id=11,txt=ots.keeplive,ext_len=0]
[22:38:49:112][ 7990.846000] [ DEBUG] ots_task: [22:38:48.846 ] ots: keeplive costtime = 24696
[22:38:49:112][ 7990.854000] [ DEBUG] mi_otn: [22:38:48.853 ] ots: ots.keeplive[11] happened!
[22:38:49:128][ 7990.863000] [  WARN] Idle Task: bl616_pmtickless: --->>> [10]:On, [H]:90998, [15:mi_otn]
[22:38:54:208][ 7995.936000] [  WARN] Idle Task: bl616_pmtickless: <<<--- [R]:WIFI, [R]:5062, [W]:7825, [L]:298
[22:38:54:240][ 7995.974000] [  WARN] Idle Task: bl616_pmtickless: --->>> [10]:On, [H]:85887, [15:mi_otn]
[22:39:35:169][ 8036.904000] [  WARN] Idle Task: bl616_pmtickless: <<<--- [R]:WIFI, [R]:40919, [W]:7865, [L]:298
[22:39:35:203][ 8036.939000] [  WARN] Idle Task: bl616_pmtickless: --->>> [10]:On, [H]:44922, [15:mi_otn]
[22:40:20:132][ 8081.881000] [  WARN] Idle Task: bl616_pmtickless: <<<--- [R]:RTC, [R]:44931, [W]:7908, [L]:298
[22:40:20:148][ 8081.893000] [  INFO] mi_otn: [22:40:19.893 ] ots: -->kplv sent.
[22:40:20:148][ 8081.899000] [  WARN] Idle Task: bl616_pmtickless: --->>> [10]:On, [H]:14052, [0:]
[22:40:34:214][ 8095.970000] [  WARN] Idle Task: bl616_pmtickless: <<<--- [R]:RTC, [R]:14061, [W]:7922, [L]:298
[22:40:34:326][ 8096.092000] [ ERROR] lpwork: wlan_sta_probe_status_work: ERROR: arp probe failed
[22:40:34:342][ 8096.099000] [  WARN] Idle Task: bl616_pmtickless: --->>> [10]:On, [H]:9793, [1174644928:]
[22:40:35:276][ 8097.024000] [  WARN] Idle Task: bl616_pmtickless: <<<--- [R]:WIFI, [R]:914, [W]:7923, [L]:298
[22:40:35:308][ 8097.054000] [  WARN] Idle Task: bl616_pmtickless: --->>> [10]:On, [H]:8838, [1174644928:]
[22:40:44:163][ 8105.912000] [  WARN] Idle Task: bl616_pmtickless: <<<--- [R]:RTC, [R]:8847, [W]:7931, [L]:298
[22:40:44:179][ 8105.926000] [  WARN] Idle Task: bl616_pmtickless: --->>> [10]:On, [H]:2979, [15:mi_otn]
[22:40:44:485][ 8106.245000] [  WARN] Idle Task: bl616_pmtickless: <<<--- [R]:WIFI, [R]:308, [W]:7932, [L]:298
[22:40:44:485][ 8106.260000] [ DEBUG] ots_task: [22:40:44.259 ] ots: recvd 8Bytes
[22:40:44:501][ 8106.263000] [  INFO] ots_task: [22:40:44.263 ] ots: <--kplv ack.
[22:40:44:501][ 8106.269000] [ DEBUG] ots_task: [22:40:44.269 ] ots: event emit[id=11,txt=ots.keeplive,ext_len=0]
[22:40:44:518][ 8106.278000] [ DEBUG] ots_task: [22:40:44.278 ] ots: keeplive costtime = 24382
[22:40:44:518][ 8106.286000] [ DEBUG] mi_otn: [22:40:44.286 ] ots: ots.keeplive[11] happened!
[22:40:44:534][ 8106.295000] [  WARN] Idle Task: bl616_pmtickless: --->>> [10]:On, [H]:69022, [15:mi_otn]
[22:40:45:513][ 8107.271000] [  WARN] Idle Task: bl616_pmtickless: <<<--- [R]:WIFI, [R]:965, [W]:7933, [L]:298
[22:40:45:545][ 8107.305000] [  WARN] Idle Task: bl616_pmtickless: --->>> [10]:On, [H]:68012, [15:mi_otn]
[22:40:49:615][ 8111.369000] [  WARN] Idle Task: bl616_pmtickless: <<<--- [R]:WIFI, [R]:4053, [W]:7937, [L]:298
[22:40:49:632][ 8111.398000] [  WARN] Idle Task: bl616_pmtickless: --->>> [10]:On, [H]:63920, [15:mi_otn]
[22:41:35:695][ 8157.457000] [  WARN] Idle Task: bl616_pmtickless: <<<--- [R]:WIFI, [R]:46048, [W]:7982, [L]:298
[22:41:35:728][ 8157.493000] [  WARN] Idle Task: bl616_pmtickless: --->>> [10]:On, [H]:17824, [15:mi_otn]
[22:41:53:570][ 8175.337000] [  WARN] Idle Task: bl616_pmtickless: <<<--- [R]:RTC, [R]:17833, [W]:7999, [L]:298
[22:41:53:570][ 8175.350000] [NOTICE] mi_otn: [22:41:53.350 ] ots: -->sync sent.
[22:41:53:586][ 8175.356000] [  WARN] Idle Task: bl616_pmtickless: --->>> [10]:On, [H]:2796, [15:mi_otn]
[22:41:54:117][ 8175.895000] [  WARN] Idle Task: bl616_pmtickless: <<<--- [R]:WIFI, [R]:528, [W]:8000, [L]:298
[22:41:54:117][ 8175.910000] [ DEBUG] ots_task: [22:41:53.909 ] ots: recvd 24Bytes
[22:41:54:133][ 8175.913000] [NOTICE] ots_task: [22:41:53.913 ] ots: <--sync ack.
[22:41:54:133][ 8175.919000] [ DEBUG] ots_task: [22:41:53.919 ] ots: sync costtime = 566
[22:41:54:149][ 8175.929000] [  WARN] Idle Task: bl616_pmtickless: --->>> [10]:On, [H]:2224, [15:mi_otn]
[22:41:56:390][ 8178.172000] [  WARN] Idle Task: bl616_pmtickless: <<<--- [R]:RTC, [R]:2233, [W]:8002, [L]:298
[22:41:56:390][ 8178.182000] [  INFO] mi_otn: [22:41:56.182 ] miio_ot: -->pull ip list sent.
[22:41:56:406][ 8178.187000] [ DEBUG] mi_otn: [22:41:56.187 ] ots: ots_up_rpc_delegate_out_cb:{"id":513998916,"method":"_otc.pull_ip_list","params":{}}
[22:41:56:421][ 8178.204000] [  WARN] Idle Task: bl616_pmtickless: --->>> [10]:On, [H]:241, [19:netMonitorTask]
[22:41:56:677][ 8178.466000] [  WARN] Idle Task: bl616_pmtickless: <<<--- [R]:RTC, [R]:250, [W]:8002, [L]:298
[22:41:56:693][ 8178.477000] [  INFO] netMonitorTask: [22:41:56.477 ] miio_monitor: work time = 8178s, memory left = 111440
[22:41:56:693][ 8178.484000] [ DEBUG] netMonitorTask: [22:41:56.484 ] miio_net: sta offline 0 times in last 600s
[22:41:56:726][ 8178.495000] [  WARN] Idle Task: bl616_pmtickless: --->>> [10]:On, [H]:3707, [15:mi_otn]
[22:41:57:191][ 8178.972000] [  WARN] Idle Task: bl616_pmtickless: <<<--- [R]:WIFI, [R]:466, [W]:8003, [L]:298
[22:41:57:191][ 8178.987000] [ DEBUG] ots_task: [22:41:56.987 ] ots: recvd 343Bytes
[22:41:57:207][ 8178.991000] [ DEBUG] ots_task: [22:41:56.991 ] ots: req or ack recvd.
[22:41:57:207][ 8178.997000] [ DEBUG] ots_task: [22:41:56.997 ] ots: {"id":513998916,"result":{"svr_list":[{"ip":"110.43.87.243","port":443},{"ip":"124.251.34.212","port":443},{"ip":"39.101.90.208","port":443}],"svr_probe_list":[{"ip":"36.156.49.91","port":80},{"ip":"124.251.101.16","port":8053},{"ip":"120.92.65.237","port":8053},{"ip":"111.202.1.238","port":8053}],"interval":1800, "firstprobe":568}}.
[22:41:57:239][ 8179.031000] [ DEBUG] ots_task: [22:41:57.031 ] ots: send_cnt = 5[60], ack_cnt = 5[60,7], costtime = 3846[1140,1137]
[22:41:57:255][ 8179.041000] [ DEBUG] ots_task: [22:41:57.041 ] ots: event emit[id=11,txt=ots.keeplive,ext_len=0]
[22:41:57:255][ 8179.051000] [ DEBUG] mi_otn: [22:41:57.051 ] ots: ots.keeplive[11] happened!
[22:41:57:271][ 8179.058000] [ DEBUG] mi_otn: [22:41:57.058 ] miio_ot: otc_list[0] = 110.43.87.243::443
[22:41:57:287][ 8179.065000] [ DEBUG] mi_otn: [22:41:57.065 ] miio_ot: otc_list[1] = 124.251.34.212::443
[22:41:57:287][ 8179.073000] [ DEBUG] mi_otn: [22:41:57.073 ] miio_ot: otc_list[2] = 39.101.90.208::443
[22:41:57:287][ 8179.081000] [ DEBUG] mi_otn: [22:41:57.081 ] ots: backlist[0] = 110.43.87.243::443
[22:41:57:303][ 8179.089000] [ DEBUG] mi_otn: [22:41:57.088 ] ots: backlist[1] = 124.251.34.212::443
[22:41:57:303][ 8179.096000] [ DEBUG] mi_otn: [22:41:57.096 ] ots: backlist[2] = 39.101.90.208::443
[22:41:57:319][ 8179.104000] [ DEBUG] mi_otn: [22:41:57.104 ] miio_ot: otc_test ip[0] = 36.156.49.91::80
[22:41:57:319][ 8179.112000] [ DEBUG] mi_otn: [22:41:57.112 ] miio_ot: otc_test otn->otc_test.ip_port_num=[0], max = [4]
[22:41:57:335][ 8179.121000] [ DEBUG] mi_otn: [22:41:57.121 ] miio_ot: otc_test ip[1] = 124.251.101.16::8053
[22:41:57:335][ 8179.129000] [ DEBUG] mi_otn: [22:41:57.129 ] miio_ot: otc_test otn->otc_test.ip_port_num=[1], max = [4]
[22:41:57:351][ 8179.139000] [ DEBUG] mi_otn: [22:41:57.139 ] miio_ot: otc_test ip[2] = 120.92.65.237::8053
[22:41:57:367][ 8179.147000] [ DEBUG] mi_otn: [22:41:57.147 ] miio_ot: otc_test otn->otc_test.ip_port_num=[2], max = [4]
[22:41:57:367][ 8179.156000] [ DEBUG] mi_otn: [22:41:57.156 ] miio_ot: otc_test ip[3] = 111.202.1.238::8053
[22:41:57:383][ 8179.165000] [ DEBUG] mi_otn: [22:41:57.165 ] miio_ot: otc_test otn->otc_test.ip_port_num=[3], max = [4]
[22:41:57:399][ 8179.177000] [  WARN] Idle Task: bl616_pmtickless: --->>> [10]:On, [H]:27779, [15:mi_otn]
[22:41:59:448][ 8181.229000] [  WARN] Idle Task: bl616_pmtickless: <<<--- [R]:WIFI, [R]:2041, [W]:8005, [L]:298
[22:41:59:480][ 8181.258000] [  WARN] Idle Task: bl616_pmtickless: --->>> [10]:On, [H]:25698, [15:mi_otn]
[22:42:25:175][ 8206.976000] [  WARN] Idle Task: bl616_pmtickless: <<<--- [R]:RTC, [R]:25707, [W]:8030, [L]:300
[22:42:25:191][ 8206.988000] [  INFO] mi_otn: [22:42:24.988 ] miio_instance: miio_info_kvs_hook_default called
[22:42:25:191][ 8206.997000] [ DEBUG] mi_otn: [22:42:24.997 ] miio_net: miio_net_info_kvs_hook called
[22:42:25:207][ 8207.004000] [NOTICE] mi_otn: [22:42:25.004 ] miio_ot: up _otc.info:{"id":260046917,"method":"_otc.info","params":{"life":8206,"model":"xiaomi.dev.bl3","token":"69aa************************aee4","ipflag":1,"fw_ver":"1.0.3","miio_ver":"0.1.0","hw_ver":"BL616-BL3","chip_ver":1,"mmfree":110248,"mac":"C4:93:BB:AD:C7:FF","wifi_fw_ver":"WifiVer.N\/A","ap":{"ssid":"Xiaomi_be3600","bssid":"42:EE:97:F0:4C:60","rssi":-25,"primary":1},"netif":{"localIp":"192.168.3.70","mask":"255.255.255.0","gw":"192.168.3.1"},"uid":1205295674}}
[22:42:25:255][ 8207.048000] [  INFO] mi_otn: [22:42:25.048 ] miio_ot: -->info(ots).
[22:42:25:255][ 8207.055000] [ DEBUG] mi_otn: [22:42:25.054 ] ots: ots_up_rpc_delegate_out_cb:{"id":260046917,"method":"_otc.info","params":{"life":8206,"model":"xiaomi.dev.bl3","token":"69aa************************aee4","ipflag":1,"fw_ver":"1.0.3","miio_ver":"0.1.0","hw_ver":"BL616-BL3","chip_ver":1,"mmfree":110248,"mac":"C4:93:BB:AD:C7:FF","wifi_fw_ver":"WifiVer.N\/A","ap":{"ssid":"Xiaomi_be3600","bssid":"42:EE:97:F0:4C:60","rssi":-25,"primary":1},"netif":{"localIp":"192.168.3.70","mask":"255.255.255.0","gw":"192.168.3.1"},"uid":1205295674}}
[22:42:25:319][ 8207.107000] [  WARN] Idle Task: bl616_pmtickless: --->>> [10]:On, [H]:3999, [15:mi_otn]
[22:42:26:269][ 8208.063000] [  WARN] Idle Task: bl616_pmtickless: <<<--- [R]:WIFI, [R]:946, [W]:8031, [L]:300
[22:42:26:269][ 8208.078000] [ DEBUG] ots_task: [22:42:26.078 ] ots: recvd 39Bytes
[22:42:26:285][ 8208.082000] [ DEBUG] ots_task: [22:42:26.082 ] ots: req or ack recvd.
[22:42:26:285][ 8208.089000] [ DEBUG] ots_task: [22:42:26.088 ] ots: {"id":260046917,"result":"ok"}.
[22:42:26:301][ 8208.096000] [ DEBUG] ots_task: [22:42:26.096 ] ots: send_cnt = 6[61], ack_cnt = 6[61,7], costtime = 4888[1130,1129]
[22:42:26:317][ 8208.106000] [ DEBUG] ots_task: [22:42:26.106 ] ots: event emit[id=11,txt=ots.keeplive,ext_len=0]
[22:42:26:317][ 8208.116000] [ DEBUG] mi_otn: [22:42:26.116 ] ots: ots.keeplive[11] happened!
[22:42:26:317][ 8208.122000] [  INFO] mi_otn: [22:42:26.122 ] miio_ot: <--info ack(ots).
[22:42:26:334][ 8208.129000] [ DEBUG] mi_otn: [22:42:26.129 ] miio_net: miio_net_statistics_kvs_hook called
[22:42:26:334][ 8208.139000] [ DEBUG] mi_otn: [22:42:26.139 ] ots: ots_up_rpc_delegate_out_cb:{"id":541720646,"method":"_otc.ncinfo","params":{"miio_ver":"0.1.0","miio_times":[8178,148,177,7853],"ap":{"ssid":"Xiaomi_be3600","connect_count":3,"repeaters":[{"bssid":"42:EE:97:F0:4C:60","rssi":-25,"primary":1,"active":1}]},"ot_stat":[4,3,0],"ots_stat":[4,0,0,2745,1130,1129,61,61,7,0,0,0,0]}}
[22:42:26:381][ 8208.174000] [ DEBUG] mi_otn: [22:42:26.173 ] ots: ots_up_rpc_delegate_out_cb:{"id":1296760903,"method":"_otc.ncstat","params":{"timestamp":1775225546,"proto":2,"otip":"202.69.4.3","otport":443,"sendcnt":6,"ackcnt":6,"ackcnt_timeout":0,"costtime":4888,"rpc":0,"rpcack":0,"rpcack_costtime":0,"dns":0,"keeplive_interval":91,"rpc_local":0,"rpcack_local":0}}
[22:42:26:413][ 8208.208000] [  WARN] Idle Task: bl616_pmtickless: --->>> [10]:On, [H]:3818, [15:mi_otn]
[22:42:27:410][ 8209.192000] [  WARN] Idle Task: bl616_pmtickless: <<<--- [R]:WIFI, [R]:973, [W]:8032, [L]:300
[22:42:27:443][ 8209.227000] [  WARN] Idle Task: bl616_pmtickless: --->>> [10]:On, [H]:2799, [15:mi_otn]
[22:42:30:241][ 8212.046000] [  WARN] Idle Task: bl616_pmtickless: <<<--- [R]:RTC, [R]:2808, [W]:8034, [L]:300
[22:42:30:256][ 8212.055000] [ DEBUG] mi_otn: [22:42:30.055 ] ot: event emit[id=5,txt=otn.timerconfig,ext_len=4]
[22:42:30:256][ 8212.062000] [ DEBUG] mi_otn: [22:42:30.062 ] ot: event emit[id=5,txt=otn.timerconfig,ext_len=4]
[22:42:30:272][ 8212.070000] [ DEBUG] mi_otn: [22:42:30.070 ] miio_ot: otn.timerconfig[5] happened!
[22:42:30:272][ 8212.078000] [ DEBUG] mi_otn: [22:42:30.077 ] miio_ot: cooldown_time_ms =5000
[22:42:30:288][ 8212.084000] [ DEBUG] mi_otn: [22:42:30.084 ] miio_ot: otn.timerconfig[5] event finished!
[22:42:30:288][ 8212.093000] [ DEBUG] mi_otn: [22:42:30.092 ] miio_ot: otn.timerconfig[5] happened!
[22:42:30:304][ 8212.100000] [ DEBUG] mi_otn: [22:42:30.100 ] miio_ot: otn.timerconfig[5] event finished!
[22:42:30:321][ 8212.111000] [  WARN] Idle Task: bl616_pmtickless: --->>> [10]:On, [H]:63, [15:mi_otn]
[22:42:30:385][ 8212.193000] [  WARN] Idle Task: bl616_pmtickless: <<<--- [R]:RTC, [R]:72, [W]:8034, [L]:300
[22:42:30:401][ 8212.202000] [  WARN] mi_otn: [22:42:30.202 ] ot: up session[id=541720646] timeout
[22:42:30:401][ 8212.210000] [  WARN] Idle Task: bl616_pmtickless: --->>> [10]:On, [H]:1, [15:mi_otn]
[22:42:30:417][ 8212.215000] [  WARN] Idle Task: bl616_pmtickless: <<<--- exit: sleep time too short 1
[22:42:30:417][ 8212.223000] [  WARN] mi_otn: [22:42:30.223 ] ot: up session[id=1296760903] timeout
[22:42:30:433][ 8212.233000] [  WARN] Idle Task: bl616_pmtickless: --->>> [10]:On, [H]:4852, [15:mi_otn]
[22:42:35:293][ 8217.105000] [  WARN] Idle Task: bl616_pmtickless: <<<--- [R]:RTC, [R]:4861, [W]:8038, [L]:300
[22:42:35:309][ 8217.115000] [ DEBUG] mi_otn: [22:42:35.114 ] ots: ots_up_rpc_delegate_out_cb:{"id":30277704,"method":"props","params":{"ota_progress":101,"ota_state":"idle"}}
[22:42:35:341][ 8217.132000] [  WARN] Idle Task: bl616_pmtickless: --->>> [10]:On, [H]:2594, [15:mi_otn]
[22:42:35:390][ 8217.187000] [  WARN] Idle Task: bl616_pmtickless: <<<--- [R]:WIFI, [R]:44, [W]:8039, [L]:300
[22:42:35:422][ 8217.217000] [  WARN] Idle Task: bl616_pmtickless: --->>> [10]:On, [H]:2509, [15:mi_otn]
[22:42:37:945][ 8219.746000] [  WARN] Idle Task: bl616_pmtickless: <<<--- [R]:RTC, [R]:2518, [W]:8041, [L]:300
[22:42:37:961][ 8219.770000] [  WARN] Idle Task: bl616_pmtickless: --->>> [10]:On, [H]:1372, [15:mi_otn]
[22:42:38:446][ 8220.263000] [  WARN] Idle Task: bl616_pmtickless: <<<--- [R]:WIFI, [R]:482, [W]:8042, [L]:300
[22:42:38:461][ 8220.276000] [ DEBUG] otu_task: [22:42:38.275 ] otu: [124.251.101.16:8053] talking, len=32
[22:42:38:477][ 8220.282000] [ DEBUG] otu_task: [22:42:38.282 ] otu: event emit[id=14,txt=otu.ntp_ack,ext_len=12]
[22:42:38:477][ 8220.291000] [ DEBUG] otu_task: [22:42:38.291 ] otu: [120.92.65.237:8053] talking, len=32
[22:42:38:493][ 8220.298000] [ DEBUG] otu_task: [22:42:38.298 ] otu: event emit[id=14,txt=otu.ntp_ack,ext_len=12]
[22:42:38:497][ 8220.307000] [ DEBUG] otu_task: [22:42:38.307 ] otu: [111.202.1.238:8053] talking, len=32
[22:42:38:510][ 8220.315000] [ DEBUG] otu_task: [22:42:38.315 ] otu: event emit[id=14,txt=otu.ntp_ack,ext_len=12]
[22:42:38:510][ 8220.324000] [ DEBUG] mi_otn: [22:42:38.324 ] otu: otu.ntp_ack[14] happened!
[22:42:38:526][ 8220.331000] [ DEBUG] mi_otn: [22:42:38.330 ] miio_ot: otc_test cloud=[124.251.101.16::8053], cost=572ms
[22:42:38:526][ 8220.340000] [ DEBUG] mi_otn: [22:42:38.340 ] otu: otu.ntp_ack[14] happened!
[22:42:38:542][ 8220.347000] [ DEBUG] mi_otn: [22:42:38.347 ] miio_ot: otc_test cloud=[120.92.65.237::8053], cost=586ms
[22:42:38:542][ 8220.356000] [ DEBUG] mi_otn: [22:42:38.356 ] otu: otu.ntp_ack[14] happened!
[22:42:38:558][ 8220.363000] [ DEBUG] mi_otn: [22:42:38.363 ] miio_ot: otc_test cloud=[111.202.1.238::8053], cost=599ms
[22:42:38:574][ 8220.375000] [  WARN] Idle Task: bl616_pmtickless: --->>> [10]:On, [H]:755, [15:mi_otn]
[22:42:39:340][ 8221.150000] [  WARN] Idle Task: bl616_pmtickless: <<<--- [R]:RTC, [R]:764, [W]:8042, [L]:300
[22:42:39:340][ 8221.159000] [  WARN] mi_otn: [22:42:39.158 ] ot: up session[id=30277704] timeout
[22:42:39:356][ 8221.164000] [  WARN] mi_otn: [22:42:39.164 ] miio_info: no "result" in property_ack
[22:42:39:356][ 8221.171000] [  WARN] mi_otn: [22:42:39.171 ] miio_info: props send failed
[22:42:39:372][ 8221.180000] [  WARN] Idle Task: bl616_pmtickless: --->>> [10]:On, [H]:955, [15:mi_otn]
[22:42:40:355][ 8222.155000] [  WARN] Idle Task: bl616_pmtickless: <<<--- [R]:RTC, [R]:964, [W]:8043, [L]:300
[22:42:40:355][ 8222.167000] [  WARN] Idle Task: bl616_pmtickless: --->>> [10]:On, [H]:1571, [15:mi_otn]
[22:42:41:936][ 8223.758000] [  WARN] Idle Task: bl616_pmtickless: <<<--- [R]:RTC, [R]:1580, [W]:8045, [L]:300
[22:42:41:952][ 8223.767000] [ DEBUG] mi_otn: [22:42:41.767 ] ots: ots_up_rpc_delegate_out_cb:{"id":790626379,"method":"_otc.testip","params":{"testret":[{"ip":"36.156.49.91","port":80,"cost":-1},{"ip":"124.251.101.16","port":8053,"cost":572},{"ip":"120.92.65.237","port":8053,"cost":586},{"ip":"111.202.1.238","port":8053,"cost":599}]}}
[22:42:41:984][ 8223.799000] [  WARN] Idle Task: bl616_pmtickless: --->>> [10]:On, [H]:3366, [15:mi_otn]
[22:42:42:662][ 8224.469000] [  WARN] Idle Task: bl616_pmtickless: <<<--- [R]:WIFI, [R]:659, [W]:8046, [L]:300
[22:42:42:694][ 8224.498000] [  WARN] Idle Task: bl616_pmtickless: --->>> [10]:On, [H]:2668, [15:mi_otn]
[22:42:43:689][ 8225.495000] [  WARN] Idle Task: bl616_pmtickless: <<<--- [R]:WIFI, [R]:987, [W]:8047, [L]:300
[22:42:43:689][ 8225.512000] [ DEBUG] ots_task: [22:42:43.512 ] ots: recvd 39Bytes
[22:42:43:689][ 8225.515000] [ DEBUG] ots_task: [22:42:43.515 ] ots: req or ack recvd.
[22:42:43:705][ 8225.522000] [ DEBUG] ots_task: [22:42:43.522 ] ots: {"id":541720646,"result":"ok"}.
[22:42:43:710][ 8225.529000] [ DEBUG] ots_task: [22:42:43.529 ] ots: send_cnt = 4[65], ack_cnt = 1[62,8], costtime = 0[1130,1129]
[22:42:43:732][ 8225.539000] [ DEBUG] ots_task: [22:42:43.539 ] ots: event emit[id=11,txt=ots.keeplive,ext_len=0]
[22:42:43:732][ 8225.550000] [ DEBUG] ots_task: [22:42:43.549 ] ots: recvd 40Bytes
[22:42:43:738][ 8225.554000] [ DEBUG] ots_task: [22:42:43.554 ] ots: req or ack recvd.
[22:42:43:738][ 8225.561000] [ DEBUG] ots_task: [22:42:43.561 ] ots: {"id":1296760903,"result":"ok"}.
[22:42:43:753][ 8225.568000] [ DEBUG] ots_task: [22:42:43.568 ] ots: send_cnt = 4[65], ack_cnt = 2[63,9], costtime = 0[1130,1129]
[22:42:43:753][ 8225.579000] [ DEBUG] ots_task: [22:42:43.579 ] ots: event emit[id=11,txt=ots.keeplive,ext_len=0]
[22:42:43:770][ 8225.588000] [ DEBUG] ots_task: [22:42:43.588 ] ots: recvd 38Bytes
[22:42:43:770][ 8225.593000] [ DEBUG] ots_task: [22:42:43.593 ] ots: req or ack recvd.
[22:42:43:785][ 8225.600000] [ DEBUG] ots_task: [22:42:43.600 ] ots: {"id":30277704,"result":"ok"}.
[22:42:43:785][ 8225.607000] [ DEBUG] ots_task: [22:42:43.607 ] ots: send_cnt = 4[65], ack_cnt = 3[64,10], costtime = 0[1130,1129]
[22:42:43:801][ 8225.618000] [ DEBUG] ots_task: [22:42:43.618 ] ots: event emit[id=11,txt=ots.keeplive,ext_len=0]
[22:42:43:801][ 8225.628000] [ DEBUG] ots_task: [22:42:43.628 ] ots: recvd 39Bytes
[22:42:43:817][ 8225.632000] [ DEBUG] ots_task: [22:42:43.632 ] ots: req or ack recvd.
[22:42:43:817][ 8225.639000] [ DEBUG] ots_task: [22:42:43.639 ] ots: {"id":790626379,"result":"ok"}.
[22:42:43:833][ 8225.647000] [ DEBUG] ots_task: [22:42:43.647 ] ots: send_cnt = 4[65], ack_cnt = 4[65,10], costtime = 1879[1204,1210]
[22:42:43:833][ 8225.657000] [ DEBUG] ots_task: [22:42:43.657 ] ots: event emit[id=11,txt=ots.keeplive,ext_len=0]
[22:42:43:849][ 8225.666000] [ DEBUG] mi_otn: [22:42:43.666 ] ots: ots.keeplive[11] happened!
[22:42:43:859][ 8225.673000] [  WARN] mi_otn: [22:42:43.673 ] ot: up session[id=541720646] not found
[22:42:43:866][ 8225.681000] [ DEBUG] mi_otn: [22:42:43.680 ] ots: ots.keeplive[11] happened!
[22:42:43:868][ 8225.688000] [  WARN] mi_otn: [22:42:43.688 ] ot: up session[id=1296760903] not found
[22:42:43:868][ 8225.695000] [ DEBUG] mi_otn: [22:42:43.695 ] ots: ots.keeplive[11] happened!
[22:42:43:881][ 8225.702000] [  WARN] mi_otn: [22:42:43.702 ] ot: up session[id=30277704] not found
[22:42:43:881][ 8225.710000] [ DEBUG] mi_otn: [22:42:43.710 ] ots: ots.keeplive[11] happened!
[22:42:43:914][ 8225.719000] [  WARN] Idle Task: bl616_pmtickless: --->>> [10]:On, [H]:1446, [15:mi_otn]
[22:42:45:364][ 8227.185000] [  WARN] Idle Task: bl616_pmtickless: <<<--- [R]:RTC, [R]:1455, [W]:8048, [L]:300
[22:42:45:364][ 8227.195000] [ DEBUG] mi_otn: [22:42:45.195 ] ots: ots_up_rpc_delegate_out_cb:{"id":30277704,"method":"props","params":{"ota_progress":101,"ota_state":"idle"}}
[22:42:45:396][ 8227.213000] [  WARN] Idle Task: bl616_pmtickless: --->>> [10]:On, [H]:1996, [1174644928:]
[22:42:45:941][ 8227.753000] [  WARN] Idle Task: bl616_pmtickless: <<<--- [R]:WIFI, [R]:529, [W]:8049, [L]:300
[22:42:45:951][ 8227.770000] [ DEBUG] ots_task: [22:42:45.770 ] ots: recvd 38Bytes
[22:42:45:951][ 8227.774000] [ DEBUG] ots_task: [22:42:45.774 ] ots: req or ack recvd.
[22:42:45:957][ 8227.781000] [ DEBUG] ots_task: [22:42:45.781 ] ots: {"id":30277704,"result":"ok"}.
[22:42:45:972][ 8227.788000] [ DEBUG] ots_task: [22:42:45.788 ] ots: send_cnt = 5[66], ack_cnt = 5[66,10], costtime = 2472[1142,1136]
[22:42:45:972][ 8227.798000] [ DEBUG] ots_task: [22:42:45.798 ] ots: event emit[id=11,txt=ots.keeplive,ext_len=0]
[22:42:45:988][ 8227.808000] [ DEBUG] mi_otn: [22:42:45.808 ] ots: ots.keeplive[11] happened!
[22:42:45:988][ 8227.815000] [  INFO] mi_otn: [22:42:45.815 ] miio_info: 0 props left, 0 events left.
[22:42:46:004][ 8227.822000] [ DEBUG] mi_otn: [22:42:45.822 ] ot: event emit[id=5,txt=otn.timerconfig,ext_len=4]
[22:42:46:004][ 8227.831000] [ DEBUG] mi_otn: [22:42:45.831 ] miio_ot: otn.timerconfig[5] happened!
[22:42:46:004][ 8227.838000] [ DEBUG] mi_otn: [22:42:45.838 ] miio_ot: cooldown_time_ms =1800000
[22:42:46:036][ 8227.845000] [ DEBUG] mi_otn: [22:42:45.845 ] miio_ot: otn.timerconfig[5] event finished!
[22:42:46:036][ 8227.856000] [  WARN] Idle Task: bl616_pmtickless: --->>> [10]:On, [H]:9917, [15:mi_otn]
[22:42:49:108][ 8230.929000] [  WARN] Idle Task: bl616_pmtickless: <<<--- [R]:WIFI, [R]:3062, [W]:8052, [L]:300
[22:42:49:156][ 8230.967000] [  WARN] Idle Task: bl616_pmtickless: --->>> [10]:On, [H]:6806, [15:mi_otn]
[22:42:55:057][ 8236.870000] [  WARN] Idle Task: bl616_pmtickless: <<<--- [R]:WIFI, [R]:5892, [W]:8058, [L]:301
[22:42:55:073][ 8236.900000] [  WARN] Idle Task: bl616_pmtickless: --->>> [10]:On, [H]:873, [15:mi_otn]
[22:42:55:976][ 8237.793000] [  WARN] Idle Task: bl616_pmtickless: <<<--- [R]:RTC, [R]:882, [W]:8058, [L]:301
[22:42:55:992][ 8237.808000] [ DEBUG] mi_otn: [22:42:55.808 ] miio_ot: st[1775241363], dura[1800]
[22:42:55:992][ 8237.815000] [  WARN] Idle Task: bl616_pmtickless: --->>> [10]:On, [H]:81012, [15:mi_otn]
[22:43:36:008][ 8277.839000] [  WARN] Idle Task: bl616_pmtickless: <<<--- [R]:WIFI, [R]:40013, [W]:8098, [L]:301
[22:43:36:040][ 8277.868000] [  WARN] Idle Task: bl616_pmtickless: --->>> [10]:On, [H]:40959, [15:mi_otn]
[22:44:17:001][ 8318.847000] [  WARN] Idle Task: bl616_pmtickless: <<<--- [R]:RTC, [R]:40968, [W]:8138, [L]:301
[22:44:17:001][ 8318.860000] [  INFO] mi_otn: [22:44:16.859 ] ots: -->kplv sent.
[22:44:17:031][ 8318.865000] [  WARN] Idle Task: bl616_pmtickless: --->>> [10]:On, [H]:1493, [1174644928:]
[22:44:17:998][ 8319.832000] [  WARN] Idle Task: bl616_pmtickless: <<<--- [R]:WIFI, [R]:956, [W]:8139, [L]:301
[22:44:17:998][ 8319.847000] [ DEBUG] ots_task: [22:44:17.847 ] ots: recvd 8Bytes
[22:44:17:998][ 8319.851000] [  INFO] ots_task: [22:44:17.851 ] ots: <--kplv ack.
[22:44:18:014][ 8319.857000] [ DEBUG] ots_task: [22:44:17.857 ] ots: event emit[id=11,txt=ots.keeplive,ext_len=0]
[22:44:18:014][ 8319.866000] [ DEBUG] ots_task: [22:44:17.866 ] ots: keeplive costtime = 1003
[22:44:18:030][ 8319.873000] [ DEBUG] mi_otn: [22:44:17.873 ] ots: ots.keeplive[11] happened!
[22:44:18:047][ 8319.882000] [  WARN] Idle Task: bl616_pmtickless: --->>> [10]:On, [H]:90999, [15:mi_otn]
[22:44:19:015][ 8320.858000] [  WARN] Idle Task: bl616_pmtickless: <<<--- [R]:WIFI, [R]:965, [W]:8140, [L]:301
[22:44:19:047][ 8320.885000] [  WARN] Idle Task: bl616_pmtickless: --->>> [10]:On, [H]:89996, [15:mi_otn]
[22:44:23:107][ 8324.956000] [  WARN] Idle Task: bl616_pmtickless: <<<--- [R]:WIFI, [R]:4060, [W]:8144, [L]:301
[22:44:23:139][ 8324.985000] [  WARN] Idle Task: bl616_pmtickless: --->>> [10]:On, [H]:85896, [15:mi_otn]
[22:45:04:080][ 8365.924000] [  WARN] Idle Task: bl616_pmtickless: <<<--- [R]:WIFI, [R]:40928, [W]:8184, [L]:301
[22:45:04:112][ 8365.959000] [  WARN] Idle Task: bl616_pmtickless: --->>> [10]:On, [H]:44922, [15:mi_otn]
[22:45:36:839][ 8398.698000] [  WARN] Idle Task: bl616_pmtickless: <<<--- [R]:WIFI, [R]:32728, [W]:8216, [L]:301
[22:45:36:872][ 8398.731000] [  WARN] Idle Task: bl616_pmtickless: --->>> [10]:On, [H]:12150, [15:mi_otn]
[22:45:49:039][ 8410.901000] [  WARN] Idle Task: bl616_pmtickless: <<<--- [R]:RTC, [R]:12159, [W]:8227, [L]:301
[22:45:49:039][ 8410.913000] [  INFO] mi_otn: [22:45:48.913 ] ots: -->kplv sent.
[22:45:49:055][ 8410.919000] [  WARN] Idle Task: bl616_pmtickless: --->>> [10]:On, [H]:1493, [1174644928:]
[22:45:49:136][ 8410.991000] [  WARN] Idle Task: bl616_pmtickless: <<<--- [R]:WIFI, [R]:61, [W]:8228, [L]:301
[22:45:49:136][ 8411.009000] [ DEBUG] ots_task: [22:45:49.009 ] ots: recvd 8Bytes
[22:45:49:136][ 8411.012000] [  INFO] ots_task: [22:45:49.012 ] ots: <--kplv ack.
[22:45:49:152][ 8411.018000] [ DEBUG] ots_task: [22:45:49.018 ] ots: event emit[id=11,txt=ots.keeplive,ext_len=0]
[22:45:49:152][ 8411.027000] [ DEBUG] ots_task: [22:45:49.027 ] ots: keeplive costtime = 110
[22:45:49:184][ 8411.035000] [ DEBUG] mi_otn: [22:45:49.034 ] ots: ots.keeplive[11] happened!
[22:45:49:184][ 8411.044000] [  WARN] Idle Task: bl616_pmtickless: --->>> [10]:On, [H]:67451, [19:netMonitorTask]
[22:45:54:257][ 8416.115000] [  WARN] Idle Task: bl616_pmtickless: <<<--- [R]:WIFI, [R]:5060, [W]:8233, [L]:301
[22:45:54:289][ 8416.149000] [  WARN] Idle Task: bl616_pmtickless: --->>> [10]:On, [H]:62345, [19:netMonitorTask]
[22:45:55:273][ 8417.140000] [  WARN] Idle Task: bl616_pmtickless: <<<--- [R]:WIFI, [R]:979, [W]:8234, [L]:301
[22:45:55:305][ 8417.175000] [  WARN] Idle Task: bl616_pmtickless: --->>> [10]:On, [H]:61319, [19:netMonitorTask]
[22:46:37:264][ 8459.133000] [  WARN] Idle Task: bl616_pmtickless: <<<--- [R]:WIFI, [R]:41946, [W]:8275, [L]:301
[22:46:37:296][ 8459.161000] [  WARN] Idle Task: bl616_pmtickless: --->>> [10]:On, [H]:19333, [19:netMonitorTask]
[22:46:56:634][ 8478.515000] [  WARN] Idle Task: bl616_pmtickless: <<<--- [R]:RTC, [R]:19342, [W]:8293, [L]:301
[22:46:56:634][ 8478.526000] [  INFO] netMonitorTask: [22:46:56.526 ] miio_monitor: work time = 8478s, memory left = 111632
[22:46:56:649][ 8478.533000] [ DEBUG] netMonitorTask: [22:46:56.533 ] miio_net: sta offline 0 times in last 600s
[22:46:56:665][ 8478.544000] [  WARN] Idle Task: bl616_pmtickless: --->>> [10]:On, [H]:23498, [15:mi_otn]
[22:47:03:890][ 8485.763000] [  WARN] Idle Task: bl616_pmtickless: <<<--- [R]:WIFI, [R]:7208, [W]:8301, [L]:301
[22:47:03:922][ 8485.795000] [  WARN] Idle Task: bl616_pmtickless: --->>> [10]:On, [H]:16247, [15:mi_otn]
[22:47:20:187][ 8502.062000] [  WARN] Idle Task: bl616_pmtickless: <<<--- [R]:RTC, [R]:16256, [W]:8316, [L]:301
[22:47:20:187][ 8502.075000] [  INFO] mi_otn: [22:47:20.074 ] ots: -->kplv sent.
[22:47:20:203][ 8502.080000] [  WARN] Idle Task: bl616_pmtickless: --->>> [10]:On, [H]:1493, [1174644928:]
[22:47:20:269][ 8502.152000] [  WARN] Idle Task: bl616_pmtickless: <<<--- [R]:WIFI, [R]:61, [W]:8317, [L]:301
[22:47:20:277][ 8502.169000] [ DEBUG] ots_task: [22:47:20.169 ] ots: recvd 8Bytes
[22:47:20:283][ 8502.173000] [  INFO] ots_task: [22:47:20.173 ] ots: <--kplv ack.
[22:47:20:283][ 8502.179000] [ DEBUG] ots_task: [22:47:20.178 ] ots: event emit[id=11,txt=ots.keeplive,ext_len=0]
[22:47:20:299][ 8502.188000] [ DEBUG] ots_task: [22:47:20.187 ] ots: keeplive costtime = 110
[22:47:20:299][ 8502.195000] [ DEBUG] mi_otn: [22:47:20.195 ] ots: ots.keeplive[11] happened!
[22:47:20:315][ 8502.204000] [  WARN] Idle Task: bl616_pmtickless: --->>> [10]:On, [H]:90998, [15:mi_otn]
[22:47:25:396][ 8507.278000] [  WARN] Idle Task: bl616_pmtickless: <<<--- [R]:WIFI, [R]:5063, [W]:8322, [L]:301
[22:47:25:428][ 8507.315000] [  WARN] Idle Task: bl616_pmtickless: --->>> [10]:On, [H]:85887, [15:mi_otn]
[22:48:07:995][ 8549.881000] [  WARN] Idle Task: bl616_pmtickless: <<<--- [R]:WIFI, [R]:42554, [W]:8364, [L]:303
[22:48:08:011][ 8549.912000] [  WARN] Idle Task: bl616_pmtickless: --->>> [10]:On, [H]:43290, [15:mi_otn]
[22:48:09:008][ 8550.908000] [  WARN] Idle Task: bl616_pmtickless: <<<--- [R]:WIFI, [R]:985, [W]:8365, [L]:303
[22:48:09:056][ 8550.945000] [  WARN] Idle Task: bl616_pmtickless: --->>> [10]:On, [H]:42258, [15:mi_otn]
[22:48:51:317][ 8593.223000] [  WARN] Idle Task: bl616_pmtickless: <<<--- [R]:RTC, [R]:42267, [W]:8406, [L]:303
[22:48:51:317][ 8593.235000] [  INFO] mi_otn: [22:48:51.235 ] ots: -->kplv sent.
[22:48:51:333][ 8593.241000] [  WARN] Idle Task: bl616_pmtickless: --->>> [10]:On, [H]:1493, [1174644928:]
[22:48:52:022][ 8593.923000] [  WARN] Idle Task: bl616_pmtickless: <<<--- [R]:WIFI, [R]:671, [W]:8407, [L]:303
[22:48:52:022][ 8593.938000] [ DEBUG] ots_task: [22:48:51.938 ] ots: recvd 8Bytes
[22:48:52:022][ 8593.942000] [  INFO] ots_task: [22:48:51.942 ] ots: <--kplv ack.
[22:48:52:038][ 8593.948000] [ DEBUG] ots_task: [22:48:51.948 ] ots: event emit[id=11,txt=ots.keeplive,ext_len=0]
[22:48:52:038][ 8593.957000] [ DEBUG] ots_task: [22:48:51.957 ] ots: keeplive costtime = 718
[22:48:52:054][ 8593.964000] [ DEBUG] mi_otn: [22:48:51.964 ] ots: ots.keeplive[11] happened!
[22:48:52:070][ 8593.973000] [  WARN] Idle Task: bl616_pmtickless: --->>> [10]:On, [H]:90998, [15:mi_otn]
[22:48:57:141][ 8599.047000] [  WARN] Idle Task: bl616_pmtickless: <<<--- [R]:WIFI, [R]:5063, [W]:8412, [L]:303
[22:48:57:173][ 8599.076000] [  WARN] Idle Task: bl616_pmtickless: --->>> [10]:On, [H]:85895, [15:mi_otn]
[22:49:14:132][ 8616.048000] [  WARN] Idle Task: bl616_pmtickless: <<<--- [R]:WIFI, [R]:16961, [W]:8429, [L]:305
[22:49:14:164][ 8616.075000] [  WARN] Idle Task: bl616_pmtickless: --->>> [10]:On, [H]:68896, [15:mi_otn]
[22:49:16:191][ 8618.098000] [  WARN] Idle Task: bl616_pmtickless: <<<--- [R]:WIFI, [R]:2012, [W]:8431, [L]:305
[22:49:16:223][ 8618.128000] [  WARN] Idle Task: bl616_pmtickless: --->>> [10]:On, [H]:66843, [15:mi_otn]
[22:49:21:315][ 8623.221000] [  WARN] Idle Task: bl616_pmtickless: <<<--- [R]:WIFI, [R]:5082, [W]:8436, [L]:305
[22:49:21:347][ 8623.262000] [  WARN] Idle Task: bl616_pmtickless: --->>> [10]:On, [H]:61709, [15:mi_otn]
[22:49:27:452][ 8629.367000] [  WARN] Idle Task: bl616_pmtickless: <<<--- [R]:WIFI, [R]:6094, [W]:8442, [L]:305
[22:49:27:485][ 8629.400000] [  WARN] Idle Task: bl616_pmtickless: --->>> [10]:On, [H]:55571, [15:mi_otn]
[22:49:34:627][ 8636.537000] [  WARN] Idle Task: bl616_pmtickless: <<<--- [R]:WIFI, [R]:7126, [W]:8449, [L]:305
[22:49:34:643][ 8636.566000] [  WARN] Idle Task: bl616_pmtickless: --->>> [10]:On, [H]:48405, [15:mi_otn]
[22:49:47:929][ 8649.853000] [  WARN] Idle Task: bl616_pmtickless: <<<--- [R]:WIFI, [R]:13276, [W]:8462, [L]:305
[22:49:47:960][ 8649.890000] [  WARN] Idle Task: bl616_pmtickless: --->>> [10]:On, [H]:35081, [15:mi_otn]
[22:50:10:466][ 8672.387000] [  WARN] Idle Task: bl616_pmtickless: <<<--- [R]:WIFI, [R]:22485, [W]:8484, [L]:305
[22:50:10:498][ 8672.424000] [  WARN] Idle Task: bl616_pmtickless: --->>> [10]:On, [H]:12547, [15:mi_otn]
[22:50:23:064][ 8684.991000] [  WARN] Idle Task: bl616_pmtickless: <<<--- [R]:RTC, [R]:12556, [W]:8496, [L]:305
[22:50:23:064][ 8685.003000] [  INFO] mi_otn: [22:50:23.003 ] ots: -->kplv sent.
[22:50:23:080][ 8685.009000] [  WARN] Idle Task: bl616_pmtickless: --->>> [10]:On, [H]:1493, [1174644928:]
[22:50:23:771][ 8685.704000] [  WARN] Idle Task: bl616_pmtickless: <<<--- [R]:WIFI, [R]:684, [W]:8497, [L]:305
[22:50:23:775][ 8685.721000] [ DEBUG] ots_task: [22:50:23.721 ] ots: recvd 8Bytes
[22:50:23:786][ 8685.725000] [  INFO] ots_task: [22:50:23.725 ] ots: <--kplv ack.
[22:50:23:786][ 8685.731000] [ DEBUG] ots_task: [22:50:23.731 ] ots: event emit[id=11,txt=ots.keeplive,ext_len=0]
[22:50:23:802][ 8685.740000] [ DEBUG] ots_task: [22:50:23.740 ] ots: keeplive costtime = 733
[22:50:23:807][ 8685.747000] [ DEBUG] mi_otn: [22:50:23.747 ] ots: ots.keeplive[11] happened!
[22:50:23:818][ 8685.756000] [  WARN] Idle Task: bl616_pmtickless: --->>> [10]:On, [H]:90998, [15:mi_otn]
[22:50:28:888][ 8690.827000] [  WARN] Idle Task: bl616_pmtickless: <<<--- [R]:WIFI, [R]:5060, [W]:8502, [L]:305
[22:50:28:937][ 8690.864000] [  WARN] Idle Task: bl616_pmtickless: --->>> [10]:On, [H]:85890, [15:mi_otn]
[22:50:50:391][ 8712.336000] [  WARN] Idle Task: bl616_pmtickless: <<<--- [R]:WIFI, [R]:21461, [W]:8523, [L]:305
[22:50:50:439][ 8712.372000] [  WARN] Idle Task: bl616_pmtickless: --->>> [10]:On, [H]:64382, [15:mi_otn]
[22:51:38:533][ 8760.472000] [  WARN] Idle Task: bl616_pmtickless: <<<--- [R]:WIFI, [R]:48089, [W]:8570, [L]:305
[22:51:38:549][ 8760.502000] [  WARN] Idle Task: bl616_pmtickless: --->>> [10]:On, [H]:16253, [15:mi_otn]
[22:51:54:821][ 8776.775000] [  WARN] Idle Task: bl616_pmtickless: <<<--- [R]:RTC, [R]:16262, [W]:8585, [L]:305
[22:51:54:821][ 8776.787000] [  INFO] mi_otn: [22:51:54.787 ] ots: -->kplv sent.
[22:51:54:837][ 8776.793000] [  WARN] Idle Task: bl616_pmtickless: --->>> [10]:On, [H]:1493, [1174644928:]
[22:51:54:916][ 8776.862000] [  WARN] Idle Task: bl616_pmtickless: <<<--- [R]:WIFI, [R]:58, [W]:8586, [L]:305
[22:51:54:916][ 8776.876000] [ DEBUG] ots_task: [22:51:54.876 ] ots: recvd 8Bytes
[22:51:54:916][ 8776.880000] [  INFO] ots_task: [22:51:54.880 ] ots: <--kplv ack.
[22:51:54:916][ 8776.886000] [ DEBUG] ots_task: [22:51:54.886 ] ots: event emit[id=11,txt=ots.keeplive,ext_len=0]
[22:51:54:933][ 8776.895000] [ DEBUG] ots_task: [22:51:54.895 ] ots: keeplive costtime = 105
[22:51:54:933][ 8776.902000] [ DEBUG] mi_otn: [22:51:54.902 ] ots: ots.keeplive[11] happened!
[22:51:54:965][ 8776.911000] [  WARN] Idle Task: bl616_pmtickless: --->>> [10]:On, [H]:1632, [19:netMonitorTask]
[22:51:56:590][ 8778.564000] [  WARN] Idle Task: bl616_pmtickless: <<<--- [R]:RTC, [R]:1641, [W]:8587, [L]:305
[22:51:56:606][ 8778.575000] [  INFO] netMonitorTask: [22:51:56.575 ] miio_monitor: work time = 8778s, memory left = 111632
[22:51:56:622][ 8778.582000] [ DEBUG] netMonitorTask: [22:51:56.582 ] miio_net: sta offline 0 times in last 600s
[22:51:56:638][ 8778.593000] [  WARN] Idle Task: bl616_pmtickless: --->>> [10]:On, [H]:59222, [15:mi_otn]
[22:52:00:030][ 8781.986000] [  WARN] Idle Task: bl616_pmtickless: <<<--- [R]:WIFI, [R]:3382, [W]:8591, [L]:305
[22:52:00:062][ 8782.016000] [  WARN] Idle Task: bl616_pmtickless: --->>> [10]:On, [H]:55799, [15:mi_otn]
[22:52:04:117][ 8786.084000] [  WARN] Idle Task: bl616_pmtickless: <<<--- [R]:WIFI, [R]:4057, [W]:8595, [L]:305
[22:52:04:149][ 8786.115000] [  WARN] Idle Task: bl616_pmtickless: --->>> [10]:On, [H]:51700, [15:mi_otn]
[22:52:38:941][ 8820.906000] [  WARN] Idle Task: bl616_pmtickless: <<<--- [R]:WIFI, [R]:34780, [W]:8629, [L]:305
[22:52:38:974][ 8820.937000] [  WARN] Idle Task: bl616_pmtickless: --->>> [10]:On, [H]:16879, [15:mi_otn]
[22:52:55:872][ 8837.836000] [  WARN] Idle Task: bl616_pmtickless: <<<--- [R]:RTC, [R]:16888, [W]:8645, [L]:305
[22:52:55:887][ 8837.851000] [ DEBUG] mi_otn: [22:52:55.851 ] miio_ot: st[1775241363], dura[1800]
[22:52:55:887][ 8837.858000] [  WARN] Idle Task: bl616_pmtickless: --->>> [10]:On, [H]:30064, [15:mi_otn]
[22:53:25:965][ 8867.942000] [  WARN] Idle Task: bl616_pmtickless: <<<--- [R]:RTC, [R]:30073, [W]:8674, [L]:305
[22:53:25:971][ 8867.955000] [  INFO] mi_otn: [22:53:25.955 ] ots: -->kplv sent.
[22:53:25:981][ 8867.961000] [  WARN] Idle Task: bl616_pmtickless: --->>> [10]:On, [H]:1493, [1174644928:]
[22:53:26:046][ 8868.025000] [  WARN] Idle Task: bl616_pmtickless: <<<--- [R]:WIFI, [R]:53, [W]:8675, [L]:305
[22:53:26:046][ 8868.040000] [ DEBUG] ots_task: [22:53:26.040 ] ots: recvd 8Bytes
[22:53:26:061][ 8868.044000] [  INFO] ots_task: [22:53:26.044 ] ots: <--kplv ack.
[22:53:26:061][ 8868.049000] [ DEBUG] ots_task: [22:53:26.049 ] ots: event emit[id=11,txt=ots.keeplive,ext_len=0]
[22:53:26:078][ 8868.058000] [ DEBUG] ots_task: [22:53:26.058 ] ots: keeplive costtime = 100
[22:53:26:078][ 8868.066000] [ DEBUG] mi_otn: [22:53:26.066 ] ots: ots.keeplive[11] happened!
[22:53:26:094][ 8868.075000] [  WARN] Idle Task: bl616_pmtickless: --->>> [10]:On, [H]:90998, [15:mi_otn]
[22:53:27:075][ 8869.048000] [  WARN] Idle Task: bl616_pmtickless: <<<--- [R]:WIFI, [R]:962, [W]:8676, [L]:305
[22:53:27:109][ 8869.077000] [  WARN] Idle Task: bl616_pmtickless: --->>> [10]:On, [H]:89996, [15:mi_otn]
[22:53:31:170][ 8873.146000] [  WARN] Idle Task: bl616_pmtickless: <<<--- [R]:WIFI, [R]:4058, [W]:8680, [L]:305
[22:53:31:202][ 8873.178000] [  WARN] Idle Task: bl616_pmtickless: --->>> [10]:On, [H]:85895, [15:mi_otn]
[22:53:40:378][ 8882.367000] [  WARN] Idle Task: bl616_pmtickless: <<<--- [R]:WIFI, [R]:9178, [W]:8689, [L]:305
[22:53:40:410][ 8882.397000] [  WARN] Idle Task: bl616_pmtickless: --->>> [10]:On, [H]:76676, [15:mi_otn]
[22:53:41:407][ 8883.391000] [  WARN] Idle Task: bl616_pmtickless: <<<--- [R]:WIFI, [R]:983, [W]:8690, [L]:305
[22:53:41:439][ 8883.420000] [  WARN] Idle Task: bl616_pmtickless: --->>> [10]:On, [H]:75653, [15:mi_otn]
[22:53:44:486][ 8886.465000] [  WARN] Idle Task: bl616_pmtickless: <<<--- [R]:WIFI, [R]:3034, [W]:8693, [L]:305
[22:53:44:502][ 8886.493000] [  WARN] Idle Task: bl616_pmtickless: --->>> [10]:On, [H]:72581, [15:mi_otn]
[22:53:48:575][ 8890.564000] [  WARN] Idle Task: bl616_pmtickless: <<<--- [R]:WIFI, [R]:4060, [W]:8697, [L]:305
[22:53:48:612][ 8890.593000] [  WARN] Idle Task: bl616_pmtickless: --->>> [10]:On, [H]:68480, [15:mi_otn]
[22:54:17:867][ 8919.856000] [  WARN] Idle Task: bl616_pmtickless: <<<--- [R]:WIFI, [R]:29252, [W]:8726, [L]:307
[22:54:17:883][ 8919.883000] [  WARN] Idle Task: bl616_pmtickless: --->>> [10]:On, [H]:39190, [15:mi_otn]
[22:54:57:086][ 8959.093000] [  WARN] Idle Task: bl616_pmtickless: <<<--- [R]:RTC, [R]:39199, [W]:8764, [L]:310
[22:54:57:086][ 8959.106000] [  INFO] mi_otn: [22:54:57.106 ] ots: -->kplv sent.
[22:54:57:102][ 8959.112000] [  WARN] Idle Task: bl616_pmtickless: --->>> [10]:On, [H]:1493, [1174644928:]
[22:54:57:183][ 8959.187000] [  WARN] Idle Task: bl616_pmtickless: <<<--- [R]:WIFI, [R]:64, [W]:8765, [L]:310
[22:54:57:183][ 8959.203000] [ DEBUG] ots_task: [22:54:57.203 ] ots: recvd 8Bytes
[22:54:57:199][ 8959.207000] [  INFO] ots_task: [22:54:57.207 ] ots: <--kplv ack.
[22:54:57:199][ 8959.213000] [ DEBUG] ots_task: [22:54:57.213 ] ots: event emit[id=11,txt=ots.keeplive,ext_len=0]
[22:54:57:215][ 8959.222000] [ DEBUG] ots_task: [22:54:57.222 ] ots: keeplive costtime = 113
[22:54:57:215][ 8959.229000] [ DEBUG] mi_otn: [22:54:57.229 ] ots: ots.keeplive[11] happened!
[22:54:57:231][ 8959.238000] [  WARN] Idle Task: bl616_pmtickless: --->>> [10]:On, [H]:41414, [7:WPA]
[22:55:00:252][ 8962.261000] [  WARN] Idle Task: bl616_pmtickless: <<<--- [R]:WIFI, [R]:3012, [W]:8768, [L]:310
[22:55:00:284][ 8962.289000] [  WARN] Idle Task: bl616_pmtickless: --->>> [10]:On, [H]:38363, [7:WPA]
[22:55:03:118][ 8965.130000] [  WARN] Idle Task: bl616_pmtickless: <<<--- [R]:WIFI, [R]:2830, [W]:8771, [L]:311
[22:55:03:149][ 8965.165000] [  WARN] Idle Task: bl616_pmtickless: --->>> [10]:On, [H]:35487, [7:WPA]
[22:55:04:151][ 8966.155000] [  WARN] Idle Task: bl616_pmtickless: <<<--- [R]:WIFI, [R]:980, [W]:8772, [L]:311
[22:55:04:183][ 8966.185000] [  WARN] Idle Task: bl616_pmtickless: --->>> [10]:On, [H]:34467, [7:WPA]
[22:55:05:165][ 8967.182000] [  WARN] Idle Task: bl616_pmtickless: <<<--- [R]:WIFI, [R]:986, [W]:8773, [L]:311
[22:55:05:213][ 8967.220000] [  WARN] Idle Task: bl616_pmtickless: --->>> [10]:On, [H]:33432, [7:WPA]
[22:55:38:649][ 9000.672000] [  WARN] Idle Task: bl616_pmtickless: <<<--- [R]:RTC, [R]:33441, [W]:8806, [L]:313
[22:55:38:664][ 9000.683000] [  WARN] Idle Task: bl616_pmtickless: --->>> [10]:On, [H]:11189, [20:mi_mcmd]
[22:55:40:600][ 9002.621000] [  WARN] Idle Task: bl616_pmtickless: <<<--- [R]:WIFI, [R]:1927, [W]:8808, [L]:313
[22:55:40:632][ 9002.657000] [  WARN] Idle Task: bl616_pmtickless: --->>> [10]:On, [H]:9215, [20:mi_mcmd]
[22:55:49:875][ 9011.892000] [  WARN] Idle Task: bl616_pmtickless: <<<--- [R]:RTC, [R]:9224, [W]:8817, [L]:313
[22:55:49:891][ 9011.906000] [  WARN] Idle Task: bl616_pmtickless: --->>> [10]:On, [H]:38331, [15:mi_otn]
[22:56:25:250][ 9047.276000] [  WARN] Idle Task: bl616_pmtickless: <<<--- [R]:WIFI, [R]:35359, [W]:8853, [L]:320
[22:56:25:281][ 9047.306000] [  WARN] Idle Task: bl616_pmtickless: --->>> [10]:On, [H]:2932, [15:mi_otn]
[22:56:28:211][ 9050.257000] [  WARN] Idle Task: bl616_pmtickless: <<<--- [R]:RTC, [R]:2941, [W]:8856, [L]:321
[22:56:28:236][ 9050.270000] [  INFO] mi_otn: [22:56:28.269 ] ots: -->kplv sent.
[22:56:28:243][ 9050.276000] [  WARN] Idle Task: bl616_pmtickless: --->>> [10]:On, [H]:1494, [1174644928:]
[22:56:29:143][ 9051.172000] [  WARN] Idle Task: bl616_pmtickless: <<<--- [R]:WIFI, [R]:885, [W]:8857, [L]:321
[22:56:29:143][ 9051.190000] [ DEBUG] ots_task: [22:56:29.190 ] ots: recvd 8Bytes
[22:56:29:156][ 9051.194000] [  INFO] ots_task: [22:56:29.194 ] ots: <--kplv ack.
[22:56:29:161][ 9051.200000] [ DEBUG] ots_task: [22:56:29.200 ] ots: event emit[id=11,txt=ots.keeplive,ext_len=0]
[22:56:29:170][ 9051.209000] [ DEBUG] ots_task: [22:56:29.209 ] ots: keeplive costtime = 936
[22:56:29:191][ 9051.216000] [ DEBUG] mi_otn: [22:56:29.216 ] ots: ots.keeplive[11] happened!
[22:56:29:191][ 9051.225000] [  WARN] Idle Task: bl616_pmtickless: --->>> [10]:On, [H]:27366, [19:netMonitorTask]
[22:56:33:641][ 9055.682000] [  WARN] Idle Task: bl616_pmtickless: <<<--- [R]:WIFI, [R]:4445, [W]:8862, [L]:323
[22:56:33:688][ 9055.715000] [  WARN] Idle Task: bl616_pmtickless: --->>> [10]:On, [H]:22876, [19:netMonitorTask]
[22:56:34:665][ 9056.706000] [  WARN] Idle Task: bl616_pmtickless: <<<--- [R]:WIFI, [R]:979, [W]:8863, [L]:323
[22:56:34:697][ 9056.736000] [  WARN] Idle Task: bl616_pmtickless: --->>> [10]:On, [H]:21855, [19:netMonitorTask]
[22:56:56:559][ 9078.612000] [  WARN] Idle Task: bl616_pmtickless: <<<--- [R]:RTC, [R]:21864, [W]:8887, [L]:330
[22:56:56:575][ 9078.623000] [  INFO] netMonitorTask: [22:56:56.623 ] miio_monitor: work time = 9078s, memory left = 111632
[22:56:56:575][ 9078.630000] [ DEBUG] netMonitorTask: [22:56:56.630 ] miio_net: sta offline 0 times in last 600s
[22:56:56:607][ 9078.642000] [  WARN] Idle Task: bl616_pmtickless: --->>> [10]:On, [H]:63582, [15:mi_otn]
[22:57:10:921][ 9092.964000] [  WARN] Idle Task: bl616_pmtickless: <<<--- [R]:WIFI, [R]:14311, [W]:8902, [L]:334
[22:57:10:953][ 9092.993000] [  WARN] Idle Task: bl616_pmtickless: --->>> [10]:On, [H]:49231, [15:mi_otn]
[22:58:00:187][ 9142.244000] [  WARN] Idle Task: bl616_pmtickless: <<<--- [R]:RTC, [R]:49240, [W]:8952, [L]:343
[22:58:00:187][ 9142.256000] [  INFO] mi_otn: [22:58:00.256 ] ots: -->kplv sent.
[22:58:00:203][ 9142.262000] [  WARN] Idle Task: bl616_pmtickless: --->>> [10]:On, [H]:1493, [1174644928:]
[22:58:00:283][ 9142.331000] [  WARN] Idle Task: bl616_pmtickless: <<<--- [R]:WIFI, [R]:58, [W]:8953, [L]:343
[22:58:00:283][ 9142.351000] [ DEBUG] ots_task: [22:58:00.351 ] ots: recvd 8Bytes
[22:58:00:283][ 9142.354000] [  INFO] ots_task: [22:58:00.354 ] ots: <--kplv ack.
[22:58:00:299][ 9142.360000] [ DEBUG] ots_task: [22:58:00.360 ] ots: event emit[id=11,txt=ots.keeplive,ext_len=0]
[22:58:00:299][ 9142.369000] [ DEBUG] ots_task: [22:58:00.369 ] ots: keeplive costtime = 110
[22:58:00:315][ 9142.377000] [ DEBUG] mi_otn: [22:58:00.376 ] ots: ots.keeplive[11] happened!
[22:58:00:331][ 9142.386000] [  WARN] Idle Task: bl616_pmtickless: --->>> [10]:On, [H]:90998, [15:mi_otn]
[22:58:05:799][ 9147.863000] [  WARN] Idle Task: bl616_pmtickless: <<<--- [R]:WIFI, [R]:5466, [W]:8959, [L]:345
[22:58:05:830][ 9147.892000] [  WARN] Idle Task: bl616_pmtickless: --->>> [10]:On, [H]:85492, [15:mi_otn]
[22:58:39:907][ 9181.969000] [  WARN] Idle Task: bl616_pmtickless: <<<--- [R]:WIFI, [R]:34066, [W]:8996, [L]:357
[22:58:39:940][ 9181.997000] [  WARN] Idle Task: bl616_pmtickless: --->>> [10]:On, [H]:51387, [15:mi_otn]
[22:59:11:855][ 9213.924000] [  WARN] Idle Task: bl616_pmtickless: <<<--- [R]:WIFI, [R]:31916, [W]:9034, [L]:377
[22:59:11:887][ 9213.956000] [  WARN] Idle Task: bl616_pmtickless: --->>> [10]:On, [H]:19428, [15:mi_otn]
[22:59:31:321][ 9233.404000] [  WARN] Idle Task: bl616_pmtickless: <<<--- [R]:RTC, [R]:19437, [W]:9055, [L]:388
[22:59:31:321][ 9233.417000] [  INFO] mi_otn: [22:59:31.417 ] ots: -->kplv sent.
[22:59:31:353][ 9233.423000] [  WARN] Idle Task: bl616_pmtickless: --->>> [10]:On, [H]:1492, [1174644928:]
[22:59:31:512][ 9233.591000] [  WARN] Idle Task: bl616_pmtickless: <<<--- [R]:WIFI, [R]:157, [W]:9056, [L]:388
[22:59:31:512][ 9233.608000] [ DEBUG] ots_task: [22:59:31.608 ] ots: recvd 8Bytes
[22:59:31:528][ 9233.612000] [  INFO] ots_task: [22:59:31.612 ] ots: <--kplv ack.
[22:59:31:528][ 9233.618000] [ DEBUG] ots_task: [22:59:31.618 ] ots: event emit[id=11,txt=ots.keeplive,ext_len=0]
[22:59:31:544][ 9233.627000] [ DEBUG] ots_task: [22:59:31.627 ] ots: keeplive costtime = 207
[22:59:31:544][ 9233.634000] [ DEBUG] mi_otn: [22:59:31.634 ] ots: ots.keeplive[11] happened!
[22:59:31:560][ 9233.643000] [  WARN] Idle Task: bl616_pmtickless: --->>> [10]:On, [H]:90999, [15:mi_otn]
[22:59:36:633][ 9238.717000] [  WARN] Idle Task: bl616_pmtickless: <<<--- [R]:WIFI, [R]:5063, [W]:9061, [L]:388
[22:59:36:665][ 9238.746000] [  WARN] Idle Task: bl616_pmtickless: --->>> [10]:On, [H]:85896, [15:mi_otn]
[22:59:37:667][ 9239.744000] [  WARN] Idle Task: bl616_pmtickless: <<<--- [R]:WIFI, [R]:987, [W]:9062, [L]:388
[22:59:37:700][ 9239.781000] [  WARN] Idle Task: bl616_pmtickless: --->>> [10]:On, [H]:84861, [15:mi_otn]
[22:59:38:696][ 9240.771000] [  WARN] Idle Task: bl616_pmtickless: <<<--- [R]:WIFI, [R]:979, [W]:9063, [L]:388
[22:59:38:712][ 9240.800000] [  WARN] Idle Task: bl616_pmtickless: --->>> [10]:On, [H]:83842, [15:mi_otn]
[23:00:12:380][ 9274.460000] [  WARN] Idle Task: bl616_pmtickless: <<<--- [R]:WIFI, [R]:33649, [W]:9101, [L]:406
[23:00:12:396][ 9274.488000] [  WARN] Idle Task: bl616_pmtickless: --->>> [10]:On, [H]:50154, [15:mi_otn]
[23:00:49:651][ 9311.741000] [  WARN] Idle Task: bl616_pmtickless: <<<--- [R]:WIFI, [R]:37242, [W]:9143, [L]:424
[23:00:49:667][ 9311.769000] [  WARN] Idle Task: bl616_pmtickless: --->>> [10]:On, [H]:12873, [15:mi_otn]
[23:01:02:551][ 9324.662000] [  WARN] Idle Task: bl616_pmtickless: <<<--- [R]:RTC, [R]:12882, [W]:9156, [L]:426
[23:01:02:583][ 9324.674000] [  INFO] mi_otn: [23:01:02.674 ] ots: -->kplv sent.
[23:01:02:583][ 9324.680000] [  WARN] Idle Task: bl616_pmtickless: --->>> [10]:On, [H]:1493, [1174644928:]
[23:01:03:581][ 9325.679000] [  WARN] Idle Task: bl616_pmtickless: <<<--- [R]:WIFI, [R]:988, [W]:9157, [L]:426
[23:01:03:581][ 9325.696000] [ DEBUG] ots_task: [23:01:03.696 ] ots: recvd 8Bytes
[23:01:03:598][ 9325.700000] [  INFO] ots_task: [23:01:03.700 ] ots: <--kplv ack.
[23:01:03:598][ 9325.706000] [ DEBUG] ots_task: [23:01:03.706 ] ots: event emit[id=11,txt=ots.keeplive,ext_len=0]
[23:01:03:598][ 9325.715000] [ DEBUG] ots_task: [23:01:03.715 ] ots: keeplive costtime = 1038
[23:01:03:630][ 9325.722000] [ DEBUG] mi_otn: [23:01:03.722 ] ots: ots.keeplive[11] happened!
[23:01:03:630][ 9325.731000] [  WARN] Idle Task: bl616_pmtickless: --->>> [10]:On, [H]:52909, [19:netMonitorTask]
[23:01:08:688][ 9330.796000] [  WARN] Idle Task: bl616_pmtickless: <<<--- [R]:WIFI, [R]:5053, [W]:9162, [L]:426
[23:01:08:720][ 9330.825000] [  WARN] Idle Task: bl616_pmtickless: --->>> [10]:On, [H]:47815, [19:netMonitorTask]
[23:01:42:799][ 9364.906000] [  WARN] Idle Task: bl616_pmtickless: <<<--- [R]:WIFI, [R]:34069, [W]:9200, [L]:442
[23:01:42:831][ 9364.945000] [  WARN] Idle Task: bl616_pmtickless: --->>> [10]:On, [H]:13695, [19:netMonitorTask]
[23:01:56:536][ 9378.661000] [  WARN] Idle Task: bl616_pmtickless: <<<--- [R]:RTC, [R]:13704, [W]:9216, [L]:451
[23:01:56:551][ 9378.672000] [  INFO] netMonitorTask: [23:01:56.671 ] miio_monitor: work time = 9378s, memory left = 111632
[23:01:56:551][ 9378.679000] [ DEBUG] netMonitorTask: [23:01:56.679 ] miio_net: sta offline 0 times in last 600s
[23:01:56:583][ 9378.690000] [  WARN] Idle Task: bl616_pmtickless: --->>> [10]:On, [H]:38039, [15:mi_otn]
[23:02:34:632][ 9416.749000] [  WARN] Idle Task: bl616_pmtickless: <<<--- [R]:RTC, [R]:38048, [W]:9260, [L]:469
[23:02:34:649][ 9416.761000] [  INFO] mi_otn: [23:02:34.761 ] ots: -->kplv sent.
[23:02:34:649][ 9416.767000] [  WARN] Idle Task: bl616_pmtickless: --->>> [10]:On, [H]:1493, [1174644928:]
[23:02:34:713][ 9416.835000] [  WARN] Idle Task: bl616_pmtickless: <<<--- [R]:WIFI, [R]:57, [W]:9261, [L]:469
[23:02:34:720][ 9416.852000] [ DEBUG] ots_task: [23:02:34.852 ] ots: recvd 8Bytes
[23:02:34:730][ 9416.856000] [  INFO] ots_task: [23:02:34.856 ] ots: <--kplv ack.
[23:02:34:730][ 9416.862000] [ DEBUG] ots_task: [23:02:34.862 ] ots: event emit[id=11,txt=ots.keeplive,ext_len=0]
[23:02:34:745][ 9416.871000] [ DEBUG] ots_task: [23:02:34.871 ] ots: keeplive costtime = 106
[23:02:34:745][ 9416.878000] [ DEBUG] mi_otn: [23:02:34.878 ] ots: ots.keeplive[11] happened!
[23:02:34:761][ 9416.887000] [  WARN] Idle Task: bl616_pmtickless: --->>> [10]:On, [H]:20972, [15:mi_otn]
[23:02:40:245][ 9422.364000] [  WARN] Idle Task: bl616_pmtickless: <<<--- [R]:WIFI, [R]:5466, [W]:9267, [L]:471
[23:02:40:277][ 9422.398000] [  WARN] Idle Task: bl616_pmtickless: --->>> [10]:On, [H]:15461, [15:mi_otn]
[23:02:55:755][ 9437.879000] [  WARN] Idle Task: bl616_pmtickless: <<<--- [R]:RTC, [R]:15470, [W]:9283, [L]:477
[23:02:55:755][ 9437.895000] [ DEBUG] mi_otn: [23:02:55.894 ] miio_ot: st[1775241363], dura[1800]
[23:02:55:771][ 9437.902000] [  WARN] Idle Task: bl616_pmtickless: --->>> [10]:On, [H]:69994, [15:mi_otn]
[23:03:05:028][ 9447.152000] [  WARN] Idle Task: bl616_pmtickless: <<<--- [R]:WIFI, [R]:9239, [W]:9294, [L]:480
[23:03:05:060][ 9447.183000] [  WARN] Idle Task: bl616_pmtickless: --->>> [10]:On, [H]:60713, [15:mi_otn]
[23:03:43:124][ 9485.254000] [  WARN] Idle Task: bl616_pmtickless: <<<--- [R]:WIFI, [R]:38059, [W]:9334, [L]:492
[23:03:43:156][ 9485.287000] [  WARN] Idle Task: bl616_pmtickless: --->>> [10]:On, [H]:22609, [15:mi_otn]
[23:03:45:160][ 9487.303000] [  WARN] Idle Task: bl616_pmtickless: <<<--- [R]:WIFI, [R]:2005, [W]:9336, [L]:492
[23:03:45:191][ 9487.339000] [  WARN] Idle Task: bl616_pmtickless: --->>> [10]:On, [H]:20557, [15:mi_otn]
[23:03:47:619][ 9489.764000] [  WARN] Idle Task: bl616_pmtickless: <<<--- [R]:WIFI, [R]:2414, [W]:9339, [L]:494
[23:03:47:651][ 9489.797000] [  WARN] Idle Task: bl616_pmtickless: --->>> [10]:On, [H]:18099, [15:mi_otn]
[23:03:48:644][ 9490.788000] [  WARN] Idle Task: bl616_pmtickless: <<<--- [R]:WIFI, [R]:980, [W]:9340, [L]:494
[23:03:48:675][ 9490.821000] [  WARN] Idle Task: bl616_pmtickless: --->>> [10]:On, [H]:17075, [15:mi_otn]
[23:03:53:563][ 9495.705000] [  WARN] Idle Task: bl616_pmtickless: <<<--- [R]:WIFI, [R]:4873, [W]:9345, [L]:495
[23:03:53:595][ 9495.742000] [  WARN] Idle Task: bl616_pmtickless: --->>> [10]:On, [H]:12154, [15:mi_otn]
[23:04:05:769][ 9507.916000] [  WARN] Idle Task: bl616_pmtickless: <<<--- [R]:RTC, [R]:12163, [W]:9356, [L]:495
[23:04:05:785][ 9507.929000] [  INFO] mi_otn: [23:04:05.928 ] ots: -->kplv sent.
[23:04:05:785][ 9507.934000] [  WARN] Idle Task: bl616_pmtickless: --->>> [10]:On, [H]:1493, [1174644928:]
[23:04:05:849][ 9507.998000] [  WARN] Idle Task: bl616_pmtickless: <<<--- [R]:WIFI, [R]:53, [W]:9357, [L]:495
[23:04:05:849][ 9508.013000] [ DEBUG] ots_task: [23:04:06.013 ] ots: recvd 8Bytes
[23:04:05:849][ 9508.017000] [  INFO] ots_task: [23:04:06.017 ] ots: <--kplv ack.
[23:04:05:867][ 9508.023000] [ DEBUG] ots_task: [23:04:06.023 ] ots: event emit[id=11,txt=ots.keeplive,ext_len=0]
[23:04:05:867][ 9508.032000] [ DEBUG] ots_task: [23:04:06.032 ] ots: keeplive costtime = 100
[23:04:05:897][ 9508.039000] [ DEBUG] mi_otn: [23:04:06.039 ] ots: ots.keeplive[11] happened!
[23:04:05:897][ 9508.048000] [  WARN] Idle Task: bl616_pmtickless: --->>> [10]:On, [H]:90998, [15:mi_otn]
[23:04:10:965][ 9513.121000] [  WARN] Idle Task: bl616_pmtickless: <<<--- [R]:WIFI, [R]:5062, [W]:9362, [L]:495
[23:04:10:997][ 9513.154000] [  WARN] Idle Task: bl616_pmtickless: --->>> [10]:On, [H]:85892, [15:mi_otn]
[23:04:43:737][ 9545.895000] [  WARN] Idle Task: bl616_pmtickless: <<<--- [R]:WIFI, [R]:32730, [W]:9394, [L]:495
[23:04:43:769][ 9545.925000] [  WARN] Idle Task: bl616_pmtickless: --->>> [10]:On, [H]:53121, [15:mi_otn]
[23:05:17:330][ 9579.490000] [  WARN] Idle Task: bl616_pmtickless: <<<--- [R]:WIFI, [R]:33554, [W]:9427, [L]:496
[23:05:17:362][ 9579.523000] [  WARN] Idle Task: bl616_pmtickless: --->>> [10]:On, [H]:19523, [15:mi_otn]
[23:05:20:395][ 9582.563000] [  WARN] Idle Task: bl616_pmtickless: <<<--- [R]:WIFI, [R]:3029, [W]:9430, [L]:496
[23:05:20:427][ 9582.596000] [  WARN] Idle Task: bl616_pmtickless: --->>> [10]:On, [H]:16450, [15:mi_otn]
[23:05:25:509][ 9587.686000] [  WARN] Idle Task: bl616_pmtickless: <<<--- [R]:WIFI, [R]:5079, [W]:9435, [L]:496
[23:05:25:541][ 9587.715000] [  WARN] Idle Task: bl616_pmtickless: --->>> [10]:On, [H]:11331, [15:mi_otn]
[23:05:31:662][ 9593.833000] [  WARN] Idle Task: bl616_pmtickless: <<<--- [R]:WIFI, [R]:6107, [W]:9441, [L]:496
[23:05:31:693][ 9593.863000] [  WARN] Idle Task: bl616_pmtickless: --->>> [10]:On, [H]:5183, [15:mi_otn]
[23:05:36:895][ 9599.066000] [  WARN] Idle Task: bl616_pmtickless: <<<--- [R]:RTC, [R]:5192, [W]:9446, [L]:496
[23:05:36:895][ 9599.078000] [  INFO] mi_otn: [23:05:37.078 ] ots: -->kplv sent.
[23:05:36:910][ 9599.084000] [  WARN] Idle Task: bl616_pmtickless: --->>> [10]:On, [H]:1493, [1174644928:]
[23:05:37:810][ 9599.982000] [  WARN] Idle Task: bl616_pmtickless: <<<--- [R]:WIFI, [R]:887, [W]:9447, [L]:496
[23:05:37:810][ 9600.000000] [ DEBUG] ots_task: [23:05:38.000 ] ots: recvd 8Bytes
[23:05:37:810][ 9600.004000] [  INFO] ots_task: [23:05:38.004 ] ots: <--kplv ack.
[23:05:37:826][ 9600.010000] [ DEBUG] ots_task: [23:05:38.010 ] ots: event emit[id=11,txt=ots.keeplive,ext_len=0]
[23:05:37:826][ 9600.019000] [ DEBUG] ots_task: [23:05:38.019 ] ots: keeplive costtime = 938
[23:05:37:842][ 9600.026000] [ DEBUG] mi_otn: [23:05:38.026 ] ots: ots.keeplive[11] happened!
[23:05:37:858][ 9600.035000] [  WARN] Idle Task: bl616_pmtickless: --->>> [10]:On, [H]:78653, [19:netMonitorTask]
[23:05:42:922][ 9605.105000] [  WARN] Idle Task: bl616_pmtickless: <<<--- [R]:WIFI, [R]:5058, [W]:9452, [L]:496
[23:05:42:954][ 9605.136000] [  WARN] Idle Task: bl616_pmtickless: --->>> [10]:On, [H]:73552, [19:netMonitorTask]
[23:05:50:915][ 9613.094000] [  WARN] Idle Task: bl616_pmtickless: <<<--- [R]:WIFI, [R]:7947, [W]:9460, [L]:497
[23:05:50:947][ 9613.123000] [  WARN] Idle Task: bl616_pmtickless: --->>> [10]:On, [H]:65565, [19:netMonitorTask]
[23:06:10:369][ 9632.555000] [  WARN] Idle Task: bl616_pmtickless: <<<--- [R]:WIFI, [R]:19420, [W]:9479, [L]:497
[23:06:10:407][ 9632.583000] [  WARN] Idle Task: bl616_pmtickless: --->>> [10]:On, [H]:46105, [19:netMonitorTask]
[23:06:44:157][ 9666.353000] [  WARN] Idle Task: bl616_pmtickless: <<<--- [R]:WIFI, [R]:33758, [W]:9512, [L]:497
[23:06:44:189][ 9666.380000] [  WARN] Idle Task: bl616_pmtickless: --->>> [10]:On, [H]:12308, [19:netMonitorTask]
[23:06:45:188][ 9667.379000] [  WARN] Idle Task: bl616_pmtickless: <<<--- [R]:WIFI, [R]:987, [W]:9513, [L]:497
[23:06:45:204][ 9667.407000] [  WARN] Idle Task: bl616_pmtickless: --->>> [10]:On, [H]:11282, [19:netMonitorTask]
[23:06:56:507][ 9678.709000] [  WARN] Idle Task: bl616_pmtickless: <<<--- [R]:RTC, [R]:11291, [W]:9524, [L]:498
[23:06:56:510][ 9678.720000] [  INFO] netMonitorTask: [23:06:56.720 ] miio_monitor: work time = 9678s, memory left = 111632
[23:06:56:539][ 9678.727000] [ DEBUG] netMonitorTask: [23:06:56.727 ] miio_net: sta offline 0 times in last 600s
[23:06:56:539][ 9678.739000] [  WARN] Idle Task: bl616_pmtickless: --->>> [10]:On, [H]:12295, [15:mi_otn]
[23:07:08:839][ 9691.053000] [  WARN] Idle Task: bl616_pmtickless: <<<--- [R]:RTC, [R]:12304, [W]:9536, [L]:498
[23:07:08:856][ 9691.066000] [  INFO] mi_otn: [23:07:09.066 ] ots: -->kplv sent.
[23:07:08:872][ 9691.072000] [  WARN] Idle Task: bl616_pmtickless: --->>> [10]:On, [H]:1493, [1174644928:]
[23:07:09:560][ 9691.760000] [  WARN] Idle Task: bl616_pmtickless: <<<--- [R]:WIFI, [R]:677, [W]:9537, [L]:498
[23:07:09:560][ 9691.780000] [ DEBUG] ots_task: [23:07:09.780 ] ots: recvd 8Bytes
[23:07:09:576][ 9691.784000] [  INFO] ots_task: [23:07:09.784 ] ots: <--kplv ack.
[23:07:09:576][ 9691.790000] [ DEBUG] ots_task: [23:07:09.789 ] ots: event emit[id=11,txt=ots.keeplive,ext_len=0]
[23:07:09:576][ 9691.799000] [ DEBUG] ots_task: [23:07:09.798 ] ots: keeplive costtime = 730
[23:07:09:592][ 9691.806000] [ DEBUG] mi_otn: [23:07:09.806 ] ots: ots.keeplive[11] happened!
[23:07:09:608][ 9691.815000] [  WARN] Idle Task: bl616_pmtickless: --->>> [10]:On, [H]:90998, [15:mi_otn]
[23:07:14:683][ 9696.882000] [  WARN] Idle Task: bl616_pmtickless: <<<--- [R]:WIFI, [R]:5056, [W]:9542, [L]:498
[23:07:14:715][ 9696.914000] [  WARN] Idle Task: bl616_pmtickless: --->>> [10]:On, [H]:85899, [15:mi_otn]
[23:07:54:619][ 9736.825000] [  WARN] Idle Task: bl616_pmtickless: <<<--- [R]:WIFI, [R]:39900, [W]:9581, [L]:498
[23:07:54:635][ 9736.854000] [  WARN] Idle Task: bl616_pmtickless: --->>> [10]:On, [H]:45959, [15:mi_otn]
[23:08:40:596][ 9782.833000] [  WARN] Idle Task: bl616_pmtickless: <<<--- [R]:RTC, [R]:45968, [W]:9625, [L]:498
[23:08:40:612][ 9782.846000] [  INFO] mi_otn: [23:08:40.845 ] ots: -->kplv sent.
[23:08:40:628][ 9782.851000] [  WARN] Idle Task: bl616_pmtickless: --->>> [10]:On, [H]:1493, [1174644928:]
[23:08:40:693][ 9782.915000] [  WARN] Idle Task: bl616_pmtickless: <<<--- [R]:WIFI, [R]:52, [W]:9626, [L]:498
[23:08:40:693][ 9782.929000] [ DEBUG] ots_task: [23:08:40.929 ] ots: recvd 8Bytes
[23:08:40:709][ 9782.933000] [  INFO] ots_task: [23:08:40.933 ] ots: <--kplv ack.
[23:08:40:709][ 9782.939000] [ DEBUG] ots_task: [23:08:40.939 ] ots: event emit[id=11,txt=ots.keeplive,ext_len=0]
[23:08:40:709][ 9782.948000] [ DEBUG] ots_task: [23:08:40.948 ] ots: keeplive costtime = 99
[23:08:40:726][ 9782.955000] [ DEBUG] mi_otn: [23:08:40.955 ] ots: ots.keeplive[11] happened!
[23:08:40:741][ 9782.964000] [  WARN] Idle Task: bl616_pmtickless: --->>> [10]:On, [H]:90998, [15:mi_otn]
[23:08:45:807][ 9788.037000] [  WARN] Idle Task: bl616_pmtickless: <<<--- [R]:WIFI, [R]:5062, [W]:9631, [L]:498
[23:08:45:839][ 9788.065000] [  WARN] Idle Task: bl616_pmtickless: --->>> [10]:On, [H]:85897, [15:mi_otn]
[23:08:46:830][ 9789.063000] [  WARN] Idle Task: bl616_pmtickless: <<<--- [R]:WIFI, [R]:987, [W]:9632, [L]:498
[23:08:46:862][ 9789.092000] [  WARN] Idle Task: bl616_pmtickless: --->>> [10]:On, [H]:84870, [15:mi_otn]
[23:08:47:861][ 9790.090000] [  WARN] Idle Task: bl616_pmtickless: <<<--- [R]:WIFI, [R]:987, [W]:9633, [L]:498
[23:08:47:897][ 9790.122000] [  WARN] Idle Task: bl616_pmtickless: --->>> [10]:On, [H]:83841, [15:mi_otn]
[23:08:49:913][ 9792.142000] [  WARN] Idle Task: bl616_pmtickless: <<<--- [R]:WIFI, [R]:2009, [W]:9635, [L]:498
[23:08:49:944][ 9792.170000] [  WARN] Idle Task: bl616_pmtickless: --->>> [10]:On, [H]:81792, [15:mi_otn]
[23:08:54:013][ 9796.239000] [  WARN] Idle Task: bl616_pmtickless: <<<--- [R]:WIFI, [R]:4058, [W]:9639, [L]:498
[23:08:54:029][ 9796.267000] [  WARN] Idle Task: bl616_pmtickless: --->>> [10]:On, [H]:77696, [15:mi_otn]
[23:09:46:029][ 9848.272000] [  WARN] Idle Task: bl616_pmtickless: <<<--- [R]:WIFI, [R]:51994, [W]:9691, [L]:503
[23:09:46:061][ 9848.299000] [  WARN] Idle Task: bl616_pmtickless: --->>> [10]:On, [H]:25663, [15:mi_otn]
[23:09:59:339][ 9861.582000] [  WARN] Idle Task: bl616_pmtickless: <<<--- [R]:WIFI, [R]:13272, [W]:9704, [L]:503
[23:09:59:387][ 9861.636000] [  WARN] Idle Task: bl616_pmtickless: --->>> [10]:On, [H]:12326, [15:mi_otn]
[23:10:11:733][ 9873.982000] [  WARN] Idle Task: bl616_pmtickless: <<<--- [R]:RTC, [R]:12335, [W]:9716, [L]:503
[23:10:11:733][ 9873.994000] [  INFO] mi_otn: [23:10:11.994 ] ots: -->kplv sent.
[23:10:11:748][ 9874.000000] [  WARN] Idle Task: bl616_pmtickless: --->>> [10]:On, [H]:1493, [1174644928:]
[23:10:12:647][ 9874.899000] [  WARN] Idle Task: bl616_pmtickless: <<<--- [R]:WIFI, [R]:888, [W]:9717, [L]:503
[23:10:12:663][ 9874.924000] [ DEBUG] ots_task: [23:10:12.923 ] ots: recvd 8Bytes
[23:10:12:663][ 9874.927000] [  INFO] ots_task: [23:10:12.927 ] ots: <--kplv ack.
[23:10:12:679][ 9874.933000] [ DEBUG] ots_task: [23:10:12.933 ] ots: event emit[id=11,txt=ots.keeplive,ext_len=0]
[23:10:12:679][ 9874.942000] [ DEBUG] ots_task: [23:10:12.942 ] ots: keeplive costtime = 945
[23:10:12:695][ 9874.949000] [ DEBUG] mi_otn: [23:10:12.949 ] ots: ots.keeplive[11] happened!
[23:10:12:711][ 9874.960000] [  WARN] Idle Task: bl616_pmtickless: --->>> [10]:On, [H]:90997, [15:mi_otn]
[23:10:17:766][ 9880.022000] [  WARN] Idle Task: bl616_pmtickless: <<<--- [R]:WIFI, [R]:5051, [W]:9722, [L]:503
[23:10:17:813][ 9880.057000] [  WARN] Idle Task: bl616_pmtickless: --->>> [10]:On, [H]:85900, [15:mi_otn]
[23:11:16:340][ 9938.604000] [  WARN] Idle Task: bl616_pmtickless: <<<--- [R]:WIFI, [R]:58536, [W]:9781, [L]:510
[23:11:16:373][ 9938.637000] [  WARN] Idle Task: bl616_pmtickless: --->>> [10]:On, [H]:27320, [15:mi_otn]
[23:11:43:707][ 9965.977000] [  WARN] Idle Task: bl616_pmtickless: <<<--- [R]:RTC, [R]:27329, [W]:9807, [L]:511
[23:11:43:707][ 9965.989000] [  INFO] mi_otn: [23:11:43.989 ] ots: -->kplv sent.
[23:11:43:724][ 9965.995000] [  WARN] Idle Task: bl616_pmtickless: --->>> [10]:On, [H]:1493, [1174644928:]
[23:11:43:787][ 9966.053000] [  WARN] Idle Task: bl616_pmtickless: <<<--- [R]:WIFI, [R]:47, [W]:9808, [L]:511
[23:11:43:787][ 9966.071000] [ DEBUG] ots_task: [23:11:44.070 ] ots: recvd 8Bytes
[23:11:43:803][ 9966.074000] [  INFO] ots_task: [23:11:44.074 ] ots: <--kplv ack.
[23:11:43:803][ 9966.080000] [ DEBUG] ots_task: [23:11:44.080 ] ots: event emit[id=11,txt=ots.keeplive,ext_len=0]
[23:11:43:819][ 9966.089000] [ DEBUG] ots_task: [23:11:44.089 ] ots: keeplive costtime = 96
[23:11:43:819][ 9966.096000] [ DEBUG] mi_otn: [23:11:44.096 ] ots: ots.keeplive[11] happened!
[23:11:43:835][ 9966.105000] [  WARN] Idle Task: bl616_pmtickless: --->>> [10]:On, [H]:9251, [15:mi_otn]
[23:11:48:906][ 9971.175000] [  WARN] Idle Task: bl616_pmtickless: <<<--- [R]:WIFI, [R]:5059, [W]:9813, [L]:511
[23:11:48:938][ 9971.208000] [  WARN] Idle Task: bl616_pmtickless: --->>> [10]:On, [H]:4148, [15:mi_otn]
[23:11:49:938][ 9972.203000] [  WARN] Idle Task: bl616_pmtickless: <<<--- [R]:WIFI, [R]:984, [W]:9814, [L]:511
[23:11:49:970][ 9972.240000] [  WARN] Idle Task: bl616_pmtickless: --->>> [10]:On, [H]:3116, [15:mi_otn]
[23:11:51:975][ 9974.252000] [  WARN] Idle Task: bl616_pmtickless: <<<--- [R]:WIFI, [R]:2001, [W]:9816, [L]:511
[23:11:52:020][ 9974.286000] [  WARN] Idle Task: bl616_pmtickless: --->>> [10]:On, [H]:1070, [15:mi_otn]
[23:11:53:090][ 9975.376000] [  WARN] Idle Task: bl616_pmtickless: <<<--- [R]:RTC, [R]:1079, [W]:9817, [L]:511
[23:11:53:090][ 9975.388000] [NOTICE] mi_otn: [23:11:53.388 ] ots: -->sync sent.
[23:11:53:122][ 9975.394000] [  WARN] Idle Task: bl616_pmtickless: --->>> [10]:On, [H]:1493, [1174644928:]
[23:11:54:023][ 9976.304000] [  WARN] Idle Task: bl616_pmtickless: <<<--- [R]:WIFI, [R]:899, [W]:9818, [L]:511
[23:11:54:039][ 9976.322000] [ DEBUG] ots_task: [23:11:54.322 ] ots: recvd 24Bytes
[23:11:54:039][ 9976.325000] [NOTICE] ots_task: [23:11:54.325 ] ots: <--sync ack.
[23:11:54:039][ 9976.331000] [ DEBUG] ots_task: [23:11:54.331 ] ots: sync costtime = 939
[23:11:54:071][ 9976.341000] [  WARN] Idle Task: bl616_pmtickless: --->>> [10]:On, [H]:2396, [19:netMonitorTask]
[23:11:56:472][ 9978.757000] [  WARN] Idle Task: bl616_pmtickless: <<<--- [R]:RTC, [R]:2405, [W]:9820, [L]:511
[23:11:56:472][ 9978.768000] [  INFO] netMonitorTask: [23:11:55.768 ] miio_monitor: work time = 9978s, memory left = 111632
[23:11:56:488][ 9978.775000] [ DEBUG] netMonitorTask: [23:11:55.775 ] miio_net: sta offline 0 times in last 600s
[23:11:56:505][ 9978.786000] [  WARN] Idle Task: bl616_pmtickless: --->>> [10]:On, [H]:28278, [15:mi_otn]
[23:12:24:798][10007.084000] [  WARN] Idle Task: bl616_pmtickless: <<<--- [R]:RTC, [R]:28287, [W]:9849, [L]:516
[23:12:24:798][10007.096000] [  INFO] mi_otn: [23:12:24.096 ] miio_instance: miio_info_kvs_hook_default called
[23:12:24:814][10007.106000] [ DEBUG] mi_otn: [23:12:24.106 ] miio_net: miio_net_info_kvs_hook called
[23:12:24:814][10007.113000] [NOTICE] mi_otn: [23:12:24.113 ] miio_ot: up _otc.info:{"id":2062483533,"method":"_otc.info","params":{"life":10007,"model":"xiaomi.dev.bl3","token":"69aa************************aee4","ipflag":1,"fw_ver":"1.0.3","miio_ver":"0.1.0","hw_ver":"BL616-BL3","chip_ver":1,"mmfree":110248,"mac":"C4:93:BB:AD:C7:FF","wifi_fw_ver":"WifiVer.N\/A","ap":{"ssid":"Xiaomi_be3600","bssid":"42:EE:97:F0:4C:60","rssi":-24,"primary":1},"netif":{"localIp":"192.168.3.70","mask":"255.255.255.0","gw":"192.168.3.1"},"uid":1205295674}}
[23:12:24:862][10007.157000] [  INFO] mi_otn: [23:12:24.157 ] miio_ot: -->info(ots).
[23:12:24:878][10007.163000] [ DEBUG] mi_otn: [23:12:24.163 ] ots: ots_up_rpc_delegate_out_cb:{"id":2062483533,"method":"_otc.info","params":{"life":10007,"model":"xiaomi.dev.bl3","token":"69aa************************aee4","ipflag":1,"fw_ver":"1.0.3","miio_ver":"0.1.0","hw_ver":"BL616-BL3","chip_ver":1,"mmfree":110248,"mac":"C4:93:BB:AD:C7:FF","wifi_fw_ver":"WifiVer.N\/A","ap":{"ssid":"Xiaomi_be3600","bssid":"42:EE:97:F0:4C:60","rssi":-24,"primary":1},"netif":{"localIp":"192.168.3.70","mask":"255.255.255.0","gw":"192.168.3.1"},"uid":1205295674}}
[23:12:24:941][10007.216000] [  WARN] Idle Task: bl616_pmtickless: --->>> [10]:On, [H]:1496, [1174644928:]
[23:12:25:874][10008.159000] [  WARN] Idle Task: bl616_pmtickless: <<<--- [R]:WIFI, [R]:932, [W]:9850, [L]:516
[23:12:25:874][10008.178000] [ DEBUG] ots_task: [23:12:25.177 ] ots: recvd 40Bytes
[23:12:25:890][10008.181000] [ DEBUG] ots_task: [23:12:25.181 ] ots: req or ack recvd.
[23:12:25:890][10008.188000] [ DEBUG] ots_task: [23:12:25.188 ] ots: {"id":2062483533,"result":"ok"}.
[23:12:25:906][10008.195000] [ DEBUG] ots_task: [23:12:25.195 ] ots: send_cnt = 6[67], ack_cnt = 6[67,10], costtime = 3504[1131,1130]
[23:12:25:906][10008.206000] [ DEBUG] ots_task: [23:12:25.206 ] ots: event emit[id=11,txt=ots.keeplive,ext_len=0]
[23:12:25:923][10008.215000] [ DEBUG] mi_otn: [23:12:25.215 ] ots: ots.keeplive[11] happened!
[23:12:25:923][10008.222000] [  INFO] mi_otn: [23:12:25.222 ] miio_ot: <--info ack(ots).
[23:12:25:938][10008.229000] [ DEBUG] mi_otn: [23:12:25.229 ] miio_net: miio_net_statistics_kvs_hook called
[23:12:25:938][10008.239000] [ DEBUG] mi_otn: [23:12:25.239 ] ots: ots_up_rpc_delegate_out_cb:{"id":1579941966,"method":"_otc.ncinfo","params":{"miio_ver":"0.1.0","miio_times":[9978,148,177,9653],"ap":{"ssid":"Xiaomi_be3600","connect_count":3,"repeaters":[{"bssid":"42:EE:97:F0:4C:60","rssi":-24,"primary":1,"active":1}]},"ot_stat":[4,3,0],"ots_stat":[4,0,0,2745,1131,1130,67,67,10,0,0,0,0]}}
[23:12:25:986][10008.273000] [ DEBUG] mi_otn: [23:12:25.273 ] ots: ots_up_rpc_delegate_out_cb:{"id":431685711,"method":"_otc.ncstat","params":{"timestamp":1775227346,"proto":2,"otip":"202.69.4.3","otport":443,"sendcnt":6,"ackcnt":6,"ackcnt_timeout":3,"costtime":3504,"rpc":0,"rpcack":0,"rpcack_costtime":0,"dns":0,"keeplive_interval":91,"rpc_local":0,"rpcack_local":0}}
[23:12:26:018][10008.307000] [  WARN] Idle Task: bl616_pmtickless: --->>> [10]:On, [H]:1465, [1174644928:]
[23:12:26:998][10009.288000] [  WARN] Idle Task: bl616_pmtickless: <<<--- [R]:WIFI, [R]:970, [W]:9851, [L]:516
[23:12:27:011][10009.306000] [ DEBUG] ots_task: [23:12:26.306 ] ots: recvd 40Bytes
[23:12:27:014][10009.309000] [ DEBUG] ots_task: [23:12:26.309 ] ots: req or ack recvd.
[23:12:27:014][10009.316000] [ DEBUG] ots_task: [23:12:26.316 ] ots: {"id":1579941966,"result":"ok"}.
[23:12:27:040][10009.324000] [ DEBUG] ots_task: [23:12:26.323 ] ots: send_cnt = 2[69], ack_cnt = 1[68,10], costtime = 1084[1126,1125]
[23:12:27:048][10009.334000] [ DEBUG] ots_task: [23:12:26.334 ] ots: event emit[id=11,txt=ots.keeplive,ext_len=0]
[23:12:27:048][10009.344000] [ DEBUG] ots_task: [23:12:26.344 ] ots: recvd 39Bytes
[23:12:27:062][10009.349000] [ DEBUG] ots_task: [23:12:26.349 ] ots: req or ack recvd.
[23:12:27:062][10009.355000] [ DEBUG] ots_task: [23:12:26.355 ] ots: {"id":431685711,"result":"ok"}.
[23:12:27:062][10009.363000] [ DEBUG] ots_task: [23:12:26.363 ] ots: send_cnt = 2[69], ack_cnt = 2[69,10], costtime = 2174[1122,1121]
[23:12:27:078][10009.373000] [ DEBUG] ots_task: [23:12:26.373 ] ots: event emit[id=11,txt=ots.keeplive,ext_len=0]
[23:12:27:078][10009.383000] [ DEBUG] mi_otn: [23:12:26.382 ] ots: ots.keeplive[11] happened!
[23:12:27:110][10009.390000] [ DEBUG] mi_otn: [23:12:26.389 ] ots: ots.keeplive[11] happened!
[23:12:27:110][10009.399000] [  WARN] Idle Task: bl616_pmtickless: --->>> [10]:On, [H]:2728, [15:mi_otn]
[23:12:29:838][10012.147000] [  WARN] Idle Task: bl616_pmtickless: <<<--- [R]:RTC, [R]:2737, [W]:9853, [L]:516
[23:12:29:854][10012.156000] [ DEBUG] mi_otn: [23:12:29.156 ] ot: event emit[id=5,txt=otn.timerconfig,ext_len=4]
[23:12:29:870][10012.162000] [ DEBUG] mi_otn: [23:12:29.162 ] ot: event emit[id=5,txt=otn.timerconfig,ext_len=4]
[23:12:29:870][10012.171000] [ DEBUG] mi_otn: [23:12:29.171 ] miio_ot: otn.timerconfig[5] happened!
[23:12:29:886][10012.178000] [ DEBUG] mi_otn: [23:12:29.178 ] miio_ot: cooldown_time_ms =5000
[23:12:29:886][10012.185000] [ DEBUG] mi_otn: [23:12:29.185 ] miio_ot: otn.timerconfig[5] event finished!
[23:12:29:902][10012.193000] [ DEBUG] mi_otn: [23:12:29.193 ] miio_ot: otn.timerconfig[5] happened!
[23:12:29:918][10012.201000] [ DEBUG] mi_otn: [23:12:29.201 ] miio_ot: otn.timerconfig[5] event finished!
[23:12:29:918][10012.212000] [  WARN] Idle Task: bl616_pmtickless: --->>> [10]:On, [H]:4968, [15:mi_otn]
[23:12:30:174][10012.466000] [  WARN] Idle Task: bl616_pmtickless: <<<--- [R]:WIFI, [R]:244, [W]:9854, [L]:516
[23:12:30:207][10012.500000] [  WARN] Idle Task: bl616_pmtickless: --->>> [10]:On, [H]:4679, [15:mi_otn]
[23:12:34:901][10017.199000] [  WARN] Idle Task: bl616_pmtickless: <<<--- [R]:RTC, [R]:4688, [W]:9858, [L]:516
[23:12:34:901][10017.209000] [ DEBUG] mi_otn: [23:12:34.209 ] ots: ots_up_rpc_delegate_out_cb:{"id":1394933840,"method":"props","params":{"ota_progress":101,"ota_state":"idle"}}
[23:12:34:934][10017.227000] [  WARN] Idle Task: bl616_pmtickless: --->>> [10]:On, [H]:1496, [1174644928:]
[23:12:35:287][10017.591000] [  WARN] Idle Task: bl616_pmtickless: <<<--- [R]:WIFI, [R]:353, [W]:9859, [L]:516
[23:12:35:303][10017.612000] [ DEBUG] ots_task: [23:12:34.612 ] ots: recvd 40Bytes
[23:12:35:303][10017.616000] [ DEBUG] ots_task: [23:12:34.616 ] ots: req or ack recvd.
[23:12:35:320][10017.623000] [ DEBUG] ots_task: [23:12:34.623 ] ots: {"id":1394933840,"result":"ok"}.
[23:12:35:320][10017.630000] [ DEBUG] ots_task: [23:12:34.630 ] ots: send_cnt = 3[70], ack_cnt = 3[70,10], costtime = 2595[1051,1044]
[23:12:35:336][10017.641000] [ DEBUG] ots_task: [23:12:34.640 ] ots: event emit[id=11,txt=ots.keeplive,ext_len=0]
[23:12:35:336][10017.650000] [ DEBUG] mi_otn: [23:12:34.650 ] ots: ots.keeplive[11] happened!
[23:12:35:352][10017.657000] [  INFO] mi_otn: [23:12:34.657 ] miio_info: 0 props left, 0 events left.
[23:12:35:352][10017.664000] [ DEBUG] mi_otn: [23:12:34.664 ] ot: event emit[id=5,txt=otn.timerconfig,ext_len=4]
[23:12:35:368][10017.673000] [ DEBUG] mi_otn: [23:12:34.673 ] miio_ot: otn.timerconfig[5] happened!
[23:12:35:368][10017.680000] [ DEBUG] mi_otn: [23:12:34.680 ] miio_ot: cooldown_time_ms =1800000
[23:12:35:400][10017.688000] [ DEBUG] mi_otn: [23:12:34.688 ] miio_ot: otn.timerconfig[5] event finished!
[23:12:35:400][10017.698000] [  WARN] Idle Task: bl616_pmtickless: --->>> [10]:On, [H]:2072, [15:mi_otn]
[23:12:37:489][10019.790000] [  WARN] Idle Task: bl616_pmtickless: <<<--- [R]:RTC, [R]:2081, [W]:9861, [L]:517
[23:12:37:505][10019.801000] [  WARN] Idle Task: bl616_pmtickless: --->>> [10]:On, [H]:3969, [15:mi_otn]
[23:12:41:485][10023.790000] [  WARN] Idle Task: bl616_pmtickless: <<<--- [R]:RTC, [R]:3978, [W]:9865, [L]:518
[23:12:41:501][10023.800000] [ DEBUG] mi_otn: [23:12:40.800 ] ots: ots_up_rpc_delegate_out_cb:{"id":2029781074,"method":"_otc.testip","params":{"testret":[]}}
[23:12:41:517][10023.816000] [  WARN] Idle Task: bl616_pmtickless: --->>> [10]:On, [H]:1497, [1174644928:]
[23:12:42:158][10024.457000] [  WARN] Idle Task: bl616_pmtickless: <<<--- [R]:WIFI, [R]:630, [W]:9866, [L]:518
[23:12:42:158][10024.476000] [ DEBUG] ots_task: [23:12:41.475 ] ots: recvd 40Bytes
[23:12:42:158][10024.479000] [ DEBUG] ots_task: [23:12:41.479 ] ots: req or ack recvd.
[23:12:42:174][10024.486000] [ DEBUG] ots_task: [23:12:41.486 ] ots: {"id":2029781074,"result":"ok"}.
[23:12:42:190][10024.493000] [ DEBUG] ots_task: [23:12:41.493 ] ots: send_cnt = 4[71], ack_cnt = 4[71,10], costtime = 3288[1015,1011]
[23:12:42:190][10024.504000] [ DEBUG] ots_task: [23:12:41.504 ] ots: event emit[id=11,txt=ots.keeplive,ext_len=0]
[23:12:42:206][10024.513000] [ DEBUG] mi_otn: [23:12:41.513 ] ots: ots.keeplive[11] happened!
[23:12:42:223][10024.522000] [  WARN] Idle Task: bl616_pmtickless: --->>> [10]:On, [H]:13378, [15:mi_otn]
[23:12:55:608][10037.920000] [  WARN] Idle Task: bl616_pmtickless: <<<--- [R]:RTC, [R]:13387, [W]:9879, [L]:520
[23:12:55:624][10037.936000] [ DEBUG] mi_otn: [23:12:54.936 ] miio_ot: st[1775241363], dura[1800]
[23:12:55:640][10037.943000] [  WARN] Idle Task: bl616_pmtickless: --->>> [10]:On, [H]:77590, [15:mi_otn]
[23:13:16:354][10058.668000] [  WARN] Idle Task: bl616_pmtickless: <<<--- [R]:WIFI, [R]:20714, [W]:9900, [L]:520
[23:13:16:386][10058.697000] [  WARN] Idle Task: bl616_pmtickless: --->>> [10]:On, [H]:56836, [15:mi_otn]
[23:13:58:956][10101.274000] [  WARN] Idle Task: bl616_pmtickless: <<<--- [R]:WIFI, [R]:42566, [W]:9942, [L]:522
[23:13:59:021][10101.337000] [  WARN] Idle Task: bl616_pmtickless: --->>> [10]:On, [H]:14196, [15:mi_otn]
[23:14:13:224][10115.553000] [  WARN] Idle Task: bl616_pmtickless: <<<--- [R]:RTC, [R]:14205, [W]:9956, [L]:525
[23:14:13:224][10115.565000] [  INFO] mi_otn: [23:14:12.565 ] ots: -->kplv sent.
[23:14:13:256][10115.571000] [  WARN] Idle Task: bl616_pmtickless: --->>> [10]:On, [H]:1493, [1174644928:]
[23:14:14:757][10117.084000] [  WARN] Idle Task: bl616_pmtickless: <<<--- [R]:RTC, [R]:1502, [W]:9958, [L]:525
[23:14:14:773][10117.099000] [  WARN] Idle Task: bl616_pmtickless: --->>> [10]:On, [H]:1495, [1174644928:]
[23:14:15:339][10117.666000] [  WARN] Idle Task: bl616_pmtickless: <<<--- [R]:WIFI, [R]:556, [W]:9959, [L]:525
[23:14:15:352][10117.684000] [ DEBUG] ots_task: [23:14:14.683 ] ots: recvd 8Bytes
[23:14:15:354][10117.687000] [  INFO] ots_task: [23:14:14.687 ] ots: <--kplv ack.
[23:14:15:354][10117.693000] [ DEBUG] ots_task: [23:14:14.693 ] ots: event emit[id=11,txt=ots.keeplive,ext_len=0]
[23:14:15:368][10117.702000] [ DEBUG] ots_task: [23:14:14.702 ] ots: keeplive costtime = 2134
[23:14:15:368][10117.709000] [ DEBUG] mi_otn: [23:14:14.709 ] ots: ots.keeplive[11] happened!
[23:14:15:385][10117.718000] [  WARN] Idle Task: bl616_pmtickless: --->>> [10]:On, [H]:90999, [15:mi_otn]
[23:14:20:464][10122.788000] [  WARN] Idle Task: bl616_pmtickless: <<<--- [R]:WIFI, [R]:5059, [W]:9964, [L]:525
[23:14:20:496][10122.826000] [  WARN] Idle Task: bl616_pmtickless: --->>> [10]:On, [H]:85891, [15:mi_otn]
[23:15:16:785][10179.118000] [  WARN] Idle Task: bl616_pmtickless: <<<--- [R]:WIFI, [R]:56281, [W]:10020, [L]:529
[23:15:16:817][10179.153000] [  WARN] Idle Task: bl616_pmtickless: --->>> [10]:On, [H]:29564, [15:mi_otn]
[23:15:46:387][10208.737000] [  WARN] Idle Task: bl616_pmtickless: <<<--- [R]:RTC, [R]:29573, [W]:10049, [L]:530
[23:15:46:387][10208.749000] [  INFO] mi_otn: [23:15:45.749 ] ots: -->kplv sent.
[23:15:46:419][10208.755000] [  WARN] Idle Task: bl616_pmtickless: --->>> [10]:On, [H]:1494, [1174644928:]
[23:15:47:932][10210.269000] [  WARN] Idle Task: bl616_pmtickless: <<<--- [R]:RTC, [R]:1503, [W]:10050, [L]:530
[23:15:47:932][10210.283000] [  WARN] Idle Task: bl616_pmtickless: --->>> [10]:On, [H]:2996, [1174644928:]
[23:15:48:315][10210.667000] [  WARN] Idle Task: bl616_pmtickless: <<<--- [R]:WIFI, [R]:373, [W]:10051, [L]:530
[23:15:48:331][10210.688000] [ DEBUG] ots_task: [23:15:47.687 ] ots: recvd 8Bytes
[23:15:48:331][10210.691000] [  INFO] ots_task: [23:15:47.691 ] ots: <--kplv ack.
[23:15:48:347][10210.697000] [ DEBUG] ots_task: [23:15:47.697 ] ots: event emit[id=11,txt=ots.keeplive,ext_len=0]
[23:15:48:352][10210.706000] [ DEBUG] ots_task: [23:15:47.706 ] ots: keeplive costtime = 1953
[23:15:48:363][10210.713000] [ DEBUG] mi_otn: [23:15:47.713 ] ots: ots.keeplive[11] happened!
[23:15:48:379][10210.722000] [  WARN] Idle Task: bl616_pmtickless: --->>> [10]:On, [H]:68063, [19:netMonitorTask]
[23:15:49:344][10211.693000] [  WARN] Idle Task: bl616_pmtickless: <<<--- [R]:WIFI, [R]:959, [W]:10052, [L]:530
[23:15:49:392][10211.732000] [  WARN] Idle Task: bl616_pmtickless: --->>> [10]:On, [H]:67053, [19:netMonitorTask]
[23:15:53:233][10215.587000] [  WARN] Idle Task: bl616_pmtickless: <<<--- [R]:WIFI, [R]:3843, [W]:10056, [L]:531
[23:15:53:266][10215.620000] [  WARN] Idle Task: bl616_pmtickless: --->>> [10]:On, [H]:63165, [19:netMonitorTask]
[23:16:47:310][10269.664000] [  WARN] Idle Task: bl616_pmtickless: <<<--- [R]:WIFI, [R]:54032, [W]:10109, [L]:532
[23:16:47:341][10269.695000] [  WARN] Idle Task: bl616_pmtickless: --->>> [10]:On, [H]:9090, [19:netMonitorTask]
[23:16:56:435][10278.805000] [  WARN] Idle Task: bl616_pmtickless: <<<--- [R]:RTC, [R]:9099, [W]:10118, [L]:533
[23:16:56:435][10278.816000] [  INFO] netMonitorTask: [23:16:55.816 ] miio_monitor: work time = 10278s, memory left = 111632
[23:16:56:462][10278.824000] [ DEBUG] netMonitorTask: [23:16:55.824 ] miio_net: sta offline 0 times in last 600s
[23:16:56:467][10278.835000] [  WARN] Idle Task: bl616_pmtickless: --->>> [10]:On, [H]:22886, [15:mi_otn]
[23:17:19:357][10301.741000] [  WARN] Idle Task: bl616_pmtickless: <<<--- [R]:RTC, [R]:22895, [W]:10140, [L]:534
[23:17:19:373][10301.753000] [  INFO] mi_otn: [23:17:18.753 ] ots: -->kplv sent.
[23:17:19:389][10301.759000] [  WARN] Idle Task: bl616_pmtickless: --->>> [10]:On, [H]:2993, [1174644928:]
[23:17:19:663][10302.031000] [  WARN] Idle Task: bl616_pmtickless: <<<--- [R]:WIFI, [R]:261, [W]:10141, [L]:534
[23:17:19:663][10302.049000] [ DEBUG] ots_task: [23:17:19.049 ] ots: recvd 8Bytes
[23:17:19:679][10302.053000] [  INFO] ots_task: [23:17:19.052 ] ots: <--kplv ack.
[23:17:19:679][10302.058000] [ DEBUG] ots_task: [23:17:19.058 ] ots: event emit[id=11,txt=ots.keeplive,ext_len=0]
[23:17:19:695][10302.067000] [ DEBUG] ots_task: [23:17:19.067 ] ots: keeplive costtime = 310
[23:17:19:698][10302.075000] [ DEBUG] mi_otn: [23:17:19.075 ] ots: ots.keeplive[11] happened!
[23:17:19:711][10302.084000] [  WARN] Idle Task: bl616_pmtickless: --->>> [10]:On, [H]:90998, [15:mi_otn]
[23:17:24:787][10307.154000] [  WARN] Idle Task: bl616_pmtickless: <<<--- [R]:WIFI, [R]:5059, [W]:10146, [L]:534
[23:17:24:820][10307.185000] [  WARN] Idle Task: bl616_pmtickless: --->>> [10]:On, [H]:85897, [15:mi_otn]
[23:18:03:279][10345.662000] [  WARN] Idle Task: bl616_pmtickless: <<<--- [R]:WIFI, [R]:38466, [W]:10184, [L]:536
[23:18:03:311][10345.691000] [  WARN] Idle Task: bl616_pmtickless: --->>> [10]:On, [H]:47391, [15:mi_otn]
[23:18:48:339][10390.728000] [  WARN] Idle Task: bl616_pmtickless: <<<--- [R]:WIFI, [R]:45026, [W]:10229, [L]:540
[23:18:48:371][10390.755000] [  WARN] Idle Task: bl616_pmtickless: --->>> [10]:On, [H]:2327, [15:mi_otn]
[23:18:49:363][10391.752000] [  WARN] Idle Task: bl616_pmtickless: <<<--- [R]:WIFI, [R]:986, [W]:10230, [L]:540
[23:18:49:395][10391.783000] [  WARN] Idle Task: bl616_pmtickless: --->>> [10]:On, [H]:1299, [15:mi_otn]
[23:18:50:391][10392.780000] [  WARN] Idle Task: bl616_pmtickless: <<<--- [R]:WIFI, [R]:986, [W]:10231, [L]:540
[23:18:50:423][10392.817000] [  WARN] Idle Task: bl616_pmtickless: --->>> [10]:On, [H]:266, [15:mi_otn]
[23:18:50:711][10393.102000] [  WARN] Idle Task: bl616_pmtickless: <<<--- [R]:RTC, [R]:275, [W]:10231, [L]:540
[23:18:50:711][10393.115000] [  INFO] mi_otn: [23:18:50.115 ] ots: -->kplv sent.
[23:18:50:728][10393.121000] [  WARN] Idle Task: bl616_pmtickless: --->>> [10]:On, [H]:2992, [1174644928:]
[23:18:51:420][10393.808000] [  WARN] Idle Task: bl616_pmtickless: <<<--- [R]:WIFI, [R]:676, [W]:10232, [L]:540
[23:18:51:420][10393.829000] [ DEBUG] ots_task: [23:18:50.829 ] ots: recvd 8Bytes
[23:18:51:436][10393.833000] [  INFO] ots_task: [23:18:50.833 ] ots: <--kplv ack.
[23:18:51:436][10393.839000] [ DEBUG] ots_task: [23:18:50.839 ] ots: event emit[id=11,txt=ots.keeplive,ext_len=0]
[23:18:51:436][10393.848000] [ DEBUG] ots_task: [23:18:50.848 ] ots: keeplive costtime = 730
[23:18:51:452][10393.855000] [ DEBUG] mi_otn: [23:18:50.855 ] ots: ots.keeplive[11] happened!
[23:18:51:468][10393.864000] [  WARN] Idle Task: bl616_pmtickless: --->>> [10]:On, [H]:90998, [15:mi_otn]
[23:18:53:463][10395.857000] [  WARN] Idle Task: bl616_pmtickless: <<<--- [R]:WIFI, [R]:1982, [W]:10234, [L]:540
[23:18:53:495][10395.889000] [  WARN] Idle Task: bl616_pmtickless: --->>> [10]:On, [H]:88973, [15:mi_otn]
[23:18:56:542][10398.932000] [  WARN] Idle Task: bl616_pmtickless: <<<--- [R]:WIFI, [R]:3032, [W]:10237, [L]:540
[23:18:56:558][10398.961000] [  WARN] Idle Task: bl616_pmtickless: --->>> [10]:On, [H]:85901, [15:mi_otn]
[23:18:57:562][10399.957000] [  WARN] Idle Task: bl616_pmtickless: <<<--- [R]:WIFI, [R]:985, [W]:10238, [L]:540
[23:18:57:594][10399.987000] [  WARN] Idle Task: bl616_pmtickless: --->>> [10]:On, [H]:84875, [15:mi_otn]
[23:19:40:362][10442.769000] [  WARN] Idle Task: bl616_pmtickless: <<<--- [R]:WIFI, [R]:42771, [W]:10280, [L]:541
[23:19:40:393][10442.802000] [  WARN] Idle Task: bl616_pmtickless: --->>> [10]:On, [H]:42060, [15:mi_otn]
[23:20:02:884][10465.300000] [  WARN] Idle Task: bl616_pmtickless: <<<--- [R]:WIFI, [R]:22487, [W]:10302, [L]:541
[23:20:02:916][10465.329000] [  WARN] Idle Task: bl616_pmtickless: --->>> [10]:On, [H]:19533, [15:mi_otn]
[23:20:05:964][10468.374000] [  WARN] Idle Task: bl616_pmtickless: <<<--- [R]:WIFI, [R]:3034, [W]:10305, [L]:541
[23:20:05:996][10468.403000] [  WARN] Idle Task: bl616_pmtickless: --->>> [10]:On, [H]:16460, [15:mi_otn]
[23:20:11:077][10473.499000] [  WARN] Idle Task: bl616_pmtickless: <<<--- [R]:WIFI, [R]:5085, [W]:10310, [L]:541
[23:20:11:109][10473.531000] [  WARN] Idle Task: bl616_pmtickless: --->>> [10]:On, [H]:11332, [15:mi_otn]
[23:20:17:218][10479.644000] [  WARN] Idle Task: bl616_pmtickless: <<<--- [R]:WIFI, [R]:6102, [W]:10316, [L]:541
[23:20:17:250][10479.674000] [  WARN] Idle Task: bl616_pmtickless: --->>> [10]:On, [H]:5188, [15:mi_otn]
[23:20:22:449][10484.882000] [  WARN] Idle Task: bl616_pmtickless: <<<--- [R]:RTC, [R]:5197, [W]:10321, [L]:542
[23:20:22:449][10484.894000] [  INFO] mi_otn: [23:20:21.893 ] ots: -->kplv sent.
[23:20:22:481][10484.899000] [  WARN] Idle Task: bl616_pmtickless: --->>> [10]:On, [H]:2994, [1174644928:]
[23:20:22:545][10484.975000] [  WARN] Idle Task: bl616_pmtickless: <<<--- [R]:WIFI, [R]:64, [W]:10322, [L]:542
[23:20:22:561][10484.992000] [ DEBUG] ots_task: [23:20:21.991 ] ots: recvd 8Bytes
[23:20:22:561][10484.995000] [  INFO] ots_task: [23:20:21.995 ] ots: <--kplv ack.
[23:20:22:577][10485.001000] [ DEBUG] ots_task: [23:20:22.001 ] ots: event emit[id=11,txt=ots.keeplive,ext_len=0]
[23:20:22:577][10485.010000] [ DEBUG] ots_task: [23:20:22.010 ] ots: keeplive costtime = 113
[23:20:22:577][10485.017000] [ DEBUG] mi_otn: [23:20:22.017 ] ots: ots.keeplive[11] happened!
[23:20:22:610][10485.026000] [  WARN] Idle Task: bl616_pmtickless: --->>> [10]:On, [H]:90999, [15:mi_otn]
[23:20:25:617][10488.048000] [  WARN] Idle Task: bl616_pmtickless: <<<--- [R]:WIFI, [R]:3011, [W]:10325, [L]:542
[23:20:25:665][10488.087000] [  WARN] Idle Task: bl616_pmtickless: --->>> [10]:On, [H]:87938, [15:mi_otn]
[23:20:27:663][10490.096000] [  WARN] Idle Task: bl616_pmtickless: <<<--- [R]:WIFI, [R]:1998, [W]:10327, [L]:542
[23:20:27:711][10490.129000] [  WARN] Idle Task: bl616_pmtickless: --->>> [10]:On, [H]:85896, [15:mi_otn]
[23:20:28:689][10491.124000] [  WARN] Idle Task: bl616_pmtickless: <<<--- [R]:WIFI, [R]:984, [W]:10328, [L]:542
[23:20:28:738][10491.160000] [  WARN] Idle Task: bl616_pmtickless: --->>> [10]:On, [H]:84865, [15:mi_otn]
[23:20:29:716][10492.150000] [  WARN] Idle Task: bl616_pmtickless: <<<--- [R]:WIFI, [R]:979, [W]:10329, [L]:542
[23:20:29:764][10492.193000] [  WARN] Idle Task: bl616_pmtickless: --->>> [10]:On, [H]:83832, [15:mi_otn]
[23:20:36:888][10499.321000] [  WARN] Idle Task: bl616_pmtickless: <<<--- [R]:WIFI, [R]:7117, [W]:10336, [L]:542
[23:20:36:920][10499.357000] [  WARN] Idle Task: bl616_pmtickless: --->>> [10]:On, [H]:76668, [15:mi_otn]
[23:20:57:368][10519.805000] [  WARN] Idle Task: bl616_pmtickless: <<<--- [R]:WIFI, [R]:20437, [W]:10356, [L]:542
[23:20:57:400][10519.841000] [  WARN] Idle Task: bl616_pmtickless: --->>> [10]:On, [H]:56184, [15:mi_otn]
[23:21:34:233][10556.676000] [  WARN] Idle Task: bl616_pmtickless: <<<--- [R]:WIFI, [R]:36824, [W]:10392, [L]:542
[23:21:34:265][10556.710000] [  WARN] Idle Task: bl616_pmtickless: --->>> [10]:On, [H]:19315, [15:mi_otn]
[23:21:53:606][10576.045000] [  WARN] Idle Task: bl616_pmtickless: <<<--- [R]:RTC, [R]:19324, [W]:10410, [L]:542
[23:21:53:606][10576.058000] [  INFO] mi_otn: [23:21:53.058 ] ots: -->kplv sent.
[23:21:53:622][10576.064000] [  WARN] Idle Task: bl616_pmtickless: --->>> [10]:On, [H]:2769, [19:netMonitorTask]
[23:21:53:686][10576.138000] [  WARN] Idle Task: bl616_pmtickless: <<<--- [R]:WIFI, [R]:63, [W]:10411, [L]:542
[23:21:53:686][10576.153000] [ DEBUG] ots_task: [23:21:53.153 ] ots: recvd 8Bytes
[23:21:53:702][10576.157000] [  INFO] ots_task: [23:21:53.156 ] ots: <--kplv ack.
[23:21:53:702][10576.162000] [ DEBUG] ots_task: [23:21:53.162 ] ots: event emit[id=11,txt=ots.keeplive,ext_len=0]
[23:21:53:718][10576.171000] [ DEBUG] ots_task: [23:21:53.171 ] ots: keeplive costtime = 110
[23:21:53:718][10576.179000] [ DEBUG] mi_otn: [23:21:53.179 ] ots: ots.keeplive[11] happened!
[23:21:53:735][10576.188000] [  WARN] Idle Task: bl616_pmtickless: --->>> [10]:On, [H]:2645, [19:netMonitorTask]
[23:21:56:386][10578.853000] [  WARN] Idle Task: bl616_pmtickless: <<<--- [R]:RTC, [R]:2654, [W]:10413, [L]:542
[23:21:56:402][10578.864000] [  INFO] netMonitorTask: [23:21:55.864 ] miio_monitor: work time = 10578s, memory left = 111632
[23:21:56:418][10578.872000] [ DEBUG] netMonitorTask: [23:21:55.872 ] miio_net: sta offline 0 times in last 600s
[23:21:56:434][10578.883000] [  WARN] Idle Task: bl616_pmtickless: --->>> [10]:On, [H]:59059, [15:mi_otn]
[23:21:58:809][10581.263000] [  WARN] Idle Task: bl616_pmtickless: <<<--- [R]:WIFI, [R]:2369, [W]:10416, [L]:542
[23:21:58:841][10581.290000] [  WARN] Idle Task: bl616_pmtickless: --->>> [10]:On, [H]:56652, [15:mi_otn]
[23:21:59:837][10582.288000] [  WARN] Idle Task: bl616_pmtickless: <<<--- [R]:WIFI, [R]:986, [W]:10417, [L]:542
[23:21:59:869][10582.318000] [  WARN] Idle Task: bl616_pmtickless: --->>> [10]:On, [H]:55624, [15:mi_otn]
[23:22:47:760][10630.218000] [  WARN] Idle Task: bl616_pmtickless: <<<--- [R]:WIFI, [R]:47889, [W]:10464, [L]:543
[23:22:47:792][10630.248000] [  WARN] Idle Task: bl616_pmtickless: --->>> [10]:On, [H]:7694, [15:mi_otn]
[23:22:55:495][10637.962000] [  WARN] Idle Task: bl616_pmtickless: <<<--- [R]:RTC, [R]:7703, [W]:10471, [L]:543
[23:22:55:495][10637.978000] [ DEBUG] mi_otn: [23:22:54.978 ] miio_ot: st[1775241363], dura[1800]
[23:22:55:512][10637.985000] [  WARN] Idle Task: bl616_pmtickless: --->>> [10]:On, [H]:29212, [15:mi_otn]
[23:23:19:496][10661.972000] [  WARN] Idle Task: bl616_pmtickless: <<<--- [R]:WIFI, [R]:23976, [W]:10496, [L]:547
[23:23:19:528][10662.005000] [  WARN] Idle Task: bl616_pmtickless: --->>> [10]:On, [H]:5192, [15:mi_otn]
[23:23:24:731][10667.217000] [  WARN] Idle Task: bl616_pmtickless: <<<--- [R]:RTC, [R]:5201, [W]:10501, [L]:547
[23:23:24:762][10667.229000] [  INFO] mi_otn: [23:23:24.229 ] ots: -->kplv sent.
[23:23:24:762][10667.235000] [  WARN] Idle Task: bl616_pmtickless: --->>> [10]:On, [H]:2993, [1174644928:]
[23:23:27:778][10670.248000] [  WARN] Idle Task: bl616_pmtickless: <<<--- [R]:RTC, [R]:3002, [W]:10504, [L]:547
[23:23:27:794][10670.261000] [  WARN] Idle Task: bl616_pmtickless: --->>> [10]:On, [H]:5997, [1174644928:]
[23:23:28:713][10671.195000] [  WARN] Idle Task: bl616_pmtickless: <<<--- [R]:WIFI, [R]:922, [W]:10505, [L]:547
[23:23:28:713][10671.211000] [ DEBUG] ots_task: [23:23:28.211 ] ots: recvd 8Bytes
[23:23:28:730][10671.214000] [  INFO] ots_task: [23:23:28.214 ] ots: <--kplv ack.
[23:23:28:730][10671.220000] [ DEBUG] ots_task: [23:23:28.220 ] ots: event emit[id=11,txt=ots.keeplive,ext_len=0]
[23:23:28:746][10671.229000] [ DEBUG] ots_task: [23:23:28.229 ] ots: keeplive costtime = 3997
[23:23:28:746][10671.236000] [ DEBUG] mi_otn: [23:23:28.236 ] ots: ots.keeplive[11] happened!
[23:23:28:761][10671.245000] [  WARN] Idle Task: bl616_pmtickless: --->>> [10]:On, [H]:90999, [15:mi_otn]
[23:23:33:835][10676.314000] [  WARN] Idle Task: bl616_pmtickless: <<<--- [R]:WIFI, [R]:5058, [W]:10510, [L]:547
[23:23:33:867][10676.345000] [  WARN] Idle Task: bl616_pmtickless: --->>> [10]:On, [H]:85899, [15:mi_otn]
[23:24:19:916][10722.403000] [  WARN] Idle Task: bl616_pmtickless: <<<--- [R]:WIFI, [R]:46047, [W]:10555, [L]:547
[23:24:19:948][10722.431000] [  WARN] Idle Task: bl616_pmtickless: --->>> [10]:On, [H]:39813, [15:mi_otn]
[23:24:56:578][10759.069000] [  WARN] Idle Task: bl616_pmtickless: <<<--- [R]:WIFI, [R]:36627, [W]:10591, [L]:548
[23:24:56:610][10759.100000] [  WARN] Idle Task: bl616_pmtickless: --->>> [10]:On, [H]:3144, [15:mi_otn]
[23:24:59:762][10762.264000] [  WARN] Idle Task: bl616_pmtickless: <<<--- [R]:RTC, [R]:3153, [W]:10594, [L]:548
[23:24:59:778][10762.276000] [  INFO] mi_otn: [23:24:59.276 ] ots: -->kplv sent.
[23:24:59:794][10762.282000] [  WARN] Idle Task: bl616_pmtickless: --->>> [10]:On, [H]:5994, [1174644928:]
[23:25:00:679][10763.168000] [  WARN] Idle Task: bl616_pmtickless: <<<--- [R]:WIFI, [R]:875, [W]:10595, [L]:548
[23:25:00:679][10763.185000] [ DEBUG] ots_task: [23:25:00.185 ] ots: recvd 8Bytes
[23:25:00:679][10763.188000] [  INFO] ots_task: [23:25:00.188 ] ots: <--kplv ack.
[23:25:00:695][10763.195000] [ DEBUG] ots_task: [23:25:00.194 ] ots: event emit[id=11,txt=ots.keeplive,ext_len=0]
[23:25:00:695][10763.203000] [ DEBUG] ots_task: [23:25:00.203 ] ots: keeplive costtime = 923
[23:25:00:711][10763.211000] [ DEBUG] mi_otn: [23:25:00.210 ] ots: ots.keeplive[11] happened!
[23:25:00:731][10763.220000] [  WARN] Idle Task: bl616_pmtickless: --->>> [10]:On, [H]:37461, [7:WPA]
[23:25:05:793][10768.291000] [  WARN] Idle Task: bl616_pmtickless: <<<--- [R]:WIFI, [R]:5061, [W]:10600, [L]:548
[23:25:05:825][10768.319000] [  WARN] Idle Task: bl616_pmtickless: --->>> [10]:On, [H]:32362, [7:WPA]
[23:25:38:189][10800.701000] [  WARN] Idle Task: bl616_pmtickless: <<<--- [R]:RTC, [R]:32371, [W]:10631, [L]:548
[23:25:38:205][10800.713000] [  WARN] Idle Task: bl616_pmtickless: --->>> [10]:On, [H]:11191, [20:mi_mcmd]
[23:25:49:409][10811.924000] [  WARN] Idle Task: bl616_pmtickless: <<<--- [R]:RTC, [R]:11200, [W]:10642, [L]:548
[23:25:49:425][10811.937000] [  WARN] Idle Task: bl616_pmtickless: --->>> [10]:On, [H]:42281, [15:mi_otn]
[23:25:50:845][10813.358000] [  WARN] Idle Task: bl616_pmtickless: <<<--- [R]:WIFI, [R]:1410, [W]:10644, [L]:548
[23:25:50:876][10813.387000] [  WARN] Idle Task: bl616_pmtickless: --->>> [10]:On, [H]:40831, [15:mi_otn]
[23:26:31:706][10854.238000] [  WARN] Idle Task: bl616_pmtickless: <<<--- [R]:RTC, [R]:40840, [W]:10684, [L]:549
[23:26:31:739][10854.250000] [  INFO] mi_otn: [23:26:31.250 ] ots: -->kplv sent.
[23:26:31:739][10854.256000] [  WARN] Idle Task: bl616_pmtickless: --->>> [10]:On, [H]:5993, [1174644928:]
[23:26:32:632][10855.147000] [  WARN] Idle Task: bl616_pmtickless: <<<--- [R]:WIFI, [R]:880, [W]:10685, [L]:549
[23:26:32:632][10855.167000] [ DEBUG] ots_task: [23:26:32.166 ] ots: recvd 8Bytes
[23:26:32:647][10855.170000] [  INFO] ots_task: [23:26:32.170 ] ots: <--kplv ack.
[23:26:32:647][10855.176000] [ DEBUG] ots_task: [23:26:32.176 ] ots: event emit[id=11,txt=ots.keeplive,ext_len=0]
[23:26:32:647][10855.185000] [ DEBUG] ots_task: [23:26:32.185 ] ots: keeplive costtime = 931
[23:26:32:663][10855.192000] [ DEBUG] mi_otn: [23:26:32.192 ] ots: ots.keeplive[11] happened!
[23:26:32:679][10855.201000] [  WARN] Idle Task: bl616_pmtickless: --->>> [10]:On, [H]:23680, [19:netMonitorTask]
[23:26:37:747][10860.270000] [  WARN] Idle Task: bl616_pmtickless: <<<--- [R]:WIFI, [R]:5057, [W]:10690, [L]:549
[23:26:37:778][10860.300000] [  WARN] Idle Task: bl616_pmtickless: --->>> [10]:On, [H]:18581, [19:netMonitorTask]
[23:26:56:370][10878.902000] [  WARN] Idle Task: bl616_pmtickless: <<<--- [R]:RTC, [R]:18590, [W]:10708, [L]:550
[23:26:56:370][10878.914000] [  INFO] netMonitorTask: [23:26:55.914 ] miio_monitor: work time = 10878s, memory left = 111632
[23:26:56:386][10878.921000] [ DEBUG] netMonitorTask: [23:26:55.921 ] miio_net: sta offline 0 times in last 600s
[23:26:56:402][10878.932000] [  WARN] Idle Task: bl616_pmtickless: --->>> [10]:On, [H]:67268, [15:mi_otn]
[23:27:09:793][10892.328000] [  WARN] Idle Task: bl616_pmtickless: <<<--- [R]:WIFI, [R]:13385, [W]:10722, [L]:550
[23:27:09:825][10892.356000] [  WARN] Idle Task: bl616_pmtickless: --->>> [10]:On, [H]:53844, [15:mi_otn]
[23:27:51:585][10934.115000] [  WARN] Idle Task: bl616_pmtickless: <<<--- [R]:WIFI, [R]:41748, [W]:10763, [L]:551
[23:27:51:616][10934.151000] [  WARN] Idle Task: bl616_pmtickless: --->>> [10]:On, [H]:12049, [15:mi_otn]
[23:28:03:678][10946.220000] [  WARN] Idle Task: bl616_pmtickless: <<<--- [R]:RTC, [R]:12058, [W]:10775, [L]:552
[23:28:03:678][10946.233000] [  INFO] mi_otn: [23:28:03.233 ] ots: -->kplv sent.
[23:28:03:694][10946.239000] [  WARN] Idle Task: bl616_pmtickless: --->>> [10]:On, [H]:5993, [1174644928:]
[23:28:04:696][10947.227000] [  WARN] Idle Task: bl616_pmtickless: <<<--- [R]:WIFI, [R]:977, [W]:10776, [L]:552
[23:28:04:696][10947.243000] [ DEBUG] ots_task: [23:28:04.243 ] ots: recvd 8Bytes
[23:28:04:696][10947.246000] [  INFO] ots_task: [23:28:04.246 ] ots: <--kplv ack.
[23:28:04:710][10947.252000] [ DEBUG] ots_task: [23:28:04.252 ] ots: event emit[id=11,txt=ots.keeplive,ext_len=0]
[23:28:04:710][10947.261000] [ DEBUG] ots_task: [23:28:04.261 ] ots: keeplive costtime = 1025
[23:28:04:726][10947.269000] [ DEBUG] mi_otn: [23:28:04.268 ] ots: ots.keeplive[11] happened!
[23:28:04:742][10947.278000] [  WARN] Idle Task: bl616_pmtickless: --->>> [10]:On, [H]:90998, [15:mi_otn]
[23:28:08:783][10951.325000] [  WARN] Idle Task: bl616_pmtickless: <<<--- [R]:WIFI, [R]:4036, [W]:10780, [L]:552
[23:28:08:815][10951.357000] [  WARN] Idle Task: bl616_pmtickless: --->>> [10]:On, [H]:86919, [15:mi_otn]
[23:28:10:838][10953.375000] [  WARN] Idle Task: bl616_pmtickless: <<<--- [R]:WIFI, [R]:2007, [W]:10782, [L]:552
[23:28:10:871][10953.408000] [  WARN] Idle Task: bl616_pmtickless: --->>> [10]:On, [H]:84868, [15:mi_otn]
[23:28:51:787][10994.343000] [  WARN] Idle Task: bl616_pmtickless: <<<--- [R]:WIFI, [R]:40924, [W]:10822, [L]:552
[23:28:51:820][10994.377000] [  WARN] Idle Task: bl616_pmtickless: --->>> [10]:On, [H]:43900, [15:mi_otn]
[23:29:15:341][11017.900000] [  WARN] Idle Task: bl616_pmtickless: <<<--- [R]:WIFI, [R]:23512, [W]:10845, [L]:552
[23:29:15:373][11017.928000] [  WARN] Idle Task: bl616_pmtickless: --->>> [10]:On, [H]:20348, [15:mi_otn]
[23:29:35:733][11038.296000] [  WARN] Idle Task: bl616_pmtickless: <<<--- [R]:RTC, [R]:20357, [W]:10864, [L]:552
[23:29:35:733][11038.308000] [  INFO] mi_otn: [23:29:35.308 ] ots: -->kplv sent.
[23:29:35:760][11038.314000] [  WARN] Idle Task: bl616_pmtickless: --->>> [10]:On, [H]:5993, [1174644928:]
[23:29:35:825][11038.385000] [  WARN] Idle Task: bl616_pmtickless: <<<--- [R]:WIFI, [R]:60, [W]:10865, [L]:552
[23:29:35:825][11038.401000] [ DEBUG] ots_task: [23:29:35.401 ] ots: recvd 8Bytes
[23:29:35:841][11038.405000] [  INFO] ots_task: [23:29:35.405 ] ots: <--kplv ack.
[23:29:35:841][11038.411000] [ DEBUG] ots_task: [23:29:35.411 ] ots: event emit[id=11,txt=ots.keeplive,ext_len=0]
[23:29:35:841][11038.420000] [ DEBUG] ots_task: [23:29:35.420 ] ots: keeplive costtime = 108
[23:29:35:873][11038.427000] [ DEBUG] mi_otn: [23:29:35.427 ] ots: ots.keeplive[11] happened!
[23:29:35:873][11038.436000] [  WARN] Idle Task: bl616_pmtickless: --->>> [10]:On, [H]:90998, [15:mi_otn]
[23:29:40:944][11043.508000] [  WARN] Idle Task: bl616_pmtickless: <<<--- [R]:WIFI, [R]:5061, [W]:10870, [L]:552
[23:29:40:976][11043.537000] [  WARN] Idle Task: bl616_pmtickless: --->>> [10]:On, [H]:85897, [15:mi_otn]
[23:30:21:913][11084.476000] [  WARN] Idle Task: bl616_pmtickless: <<<--- [R]:WIFI, [R]:40928, [W]:10910, [L]:552
[23:30:21:929][11084.505000] [  WARN] Idle Task: bl616_pmtickless: --->>> [10]:On, [H]:44930, [15:mi_otn]
[23:31:06:871][11129.455000] [  WARN] Idle Task: bl616_pmtickless: <<<--- [R]:RTC, [R]:44939, [W]:10954, [L]:553
[23:31:06:871][11129.468000] [  INFO] mi_otn: [23:31:06.468 ] ots: -->kplv sent.
[23:31:06:899][11129.474000] [  WARN] Idle Task: bl616_pmtickless: --->>> [10]:On, [H]:5992, [1174644928:]
[23:31:07:785][11130.361000] [  WARN] Idle Task: bl616_pmtickless: <<<--- [R]:WIFI, [R]:876, [W]:10955, [L]:553
[23:31:07:785][11130.377000] [ DEBUG] ots_task: [23:31:07.377 ] ots: recvd 8Bytes
[23:31:07:785][11130.381000] [  INFO] ots_task: [23:31:07.381 ] ots: <--kplv ack.
[23:31:07:801][11130.387000] [ DEBUG] ots_task: [23:31:07.386 ] ots: event emit[id=11,txt=ots.keeplive,ext_len=0]
[23:31:07:801][11130.396000] [ DEBUG] ots_task: [23:31:07.395 ] ots: keeplive costtime = 925
[23:31:07:817][11130.403000] [ DEBUG] mi_otn: [23:31:07.403 ] ots: ots.keeplive[11] happened!
[23:31:07:833][11130.412000] [  WARN] Idle Task: bl616_pmtickless: --->>> [10]:On, [H]:48519, [19:netMonitorTask]
[23:31:12:895][11135.482000] [  WARN] Idle Task: bl616_pmtickless: <<<--- [R]:WIFI, [R]:5059, [W]:10960, [L]:553
[23:31:12:927][11135.514000] [  WARN] Idle Task: bl616_pmtickless: --->>> [10]:On, [H]:43417, [19:netMonitorTask]
[23:31:13:926][11136.509000] [  WARN] Idle Task: bl616_pmtickless: <<<--- [R]:WIFI, [R]:983, [W]:10961, [L]:553
[23:31:13:958][11136.545000] [  WARN] Idle Task: bl616_pmtickless: --->>> [10]:On, [H]:42386, [19:netMonitorTask]
[23:31:14:949][11137.538000] [  WARN] Idle Task: bl616_pmtickless: <<<--- [R]:WIFI, [R]:981, [W]:10962, [L]:553
[23:31:14:982][11137.567000] [  WARN] Idle Task: bl616_pmtickless: --->>> [10]:On, [H]:41364, [19:netMonitorTask]
[23:31:26:215][11148.801000] [  WARN] Idle Task: bl616_pmtickless: <<<--- [R]:WIFI, [R]:11222, [W]:10973, [L]:553
[23:31:26:247][11148.836000] [  WARN] Idle Task: bl616_pmtickless: --->>> [10]:On, [H]:30095, [19:netMonitorTask]
[23:31:56:349][11178.952000] [  WARN] Idle Task: bl616_pmtickless: <<<--- [R]:RTC, [R]:30104, [W]:11002, [L]:553
[23:31:56:349][11178.963000] [  INFO] netMonitorTask: [23:31:55.963 ] miio_monitor: work time = 11178s, memory left = 111632
[23:31:56:365][11178.970000] [ DEBUG] netMonitorTask: [23:31:55.970 ] miio_net: sta offline 0 times in last 600s
[23:31:56:381][11178.981000] [  WARN] Idle Task: bl616_pmtickless: --->>> [10]:On, [H]:42429, [15:mi_otn]
[23:32:23:140][11205.747000] [  WARN] Idle Task: bl616_pmtickless: <<<--- [R]:WIFI, [R]:26755, [W]:11029, [L]:555
[23:32:23:188][11205.783000] [  WARN] Idle Task: bl616_pmtickless: --->>> [10]:On, [H]:15627, [15:mi_otn]
[23:32:38:817][11221.430000] [  WARN] Idle Task: bl616_pmtickless: <<<--- [R]:RTC, [R]:15636, [W]:11044, [L]:555
[23:32:38:817][11221.443000] [  INFO] mi_otn: [23:32:38.442 ] ots: -->kplv sent.
[23:32:38:849][11221.448000] [  WARN] Idle Task: bl616_pmtickless: --->>> [10]:On, [H]:5994, [1174644928:]
[23:32:39:525][11222.138000] [  WARN] Idle Task: bl616_pmtickless: <<<--- [R]:WIFI, [R]:678, [W]:11045, [L]:555
[23:32:39:541][11222.153000] [ DEBUG] ots_task: [23:32:39.152 ] ots: recvd 8Bytes
[23:32:39:541][11222.156000] [  INFO] ots_task: [23:32:39.156 ] ots: <--kplv ack.
[23:32:39:541][11222.162000] [ DEBUG] ots_task: [23:32:39.162 ] ots: event emit[id=11,txt=ots.keeplive,ext_len=0]
[23:32:39:557][11222.171000] [ DEBUG] ots_task: [23:32:39.171 ] ots: keeplive costtime = 725
[23:32:39:557][11222.178000] [ DEBUG] mi_otn: [23:32:39.178 ] ots: ots.keeplive[11] happened!
[23:32:39:574][11222.187000] [  WARN] Idle Task: bl616_pmtickless: --->>> [10]:On, [H]:15796, [15:mi_otn]
[23:32:44:645][11227.259000] [  WARN] Idle Task: bl616_pmtickless: <<<--- [R]:WIFI, [R]:5061, [W]:11050, [L]:555
[23:32:44:676][11227.290000] [  WARN] Idle Task: bl616_pmtickless: --->>> [10]:On, [H]:10693, [15:mi_otn]
[23:32:45:679][11228.285000] [  WARN] Idle Task: bl616_pmtickless: <<<--- [R]:WIFI, [R]:984, [W]:11051, [L]:555
[23:32:45:711][11228.316000] [  WARN] Idle Task: bl616_pmtickless: --->>> [10]:On, [H]:9668, [15:mi_otn]
[23:32:46:708][11229.311000] [  WARN] Idle Task: bl616_pmtickless: <<<--- [R]:WIFI, [R]:985, [W]:11052, [L]:555
[23:32:46:724][11229.343000] [  WARN] Idle Task: bl616_pmtickless: --->>> [10]:On, [H]:8640, [15:mi_otn]
[23:32:55:390][11238.003000] [  WARN] Idle Task: bl616_pmtickless: <<<--- [R]:RTC, [R]:8649, [W]:11060, [L]:555
[23:32:55:390][11238.019000] [ DEBUG] mi_otn: [23:32:55.019 ] miio_ot: st[1775241363], dura[1800]
[23:32:55:406][11238.026000] [  WARN] Idle Task: bl616_pmtickless: --->>> [10]:On, [H]:75172, [15:mi_otn]
[23:33:23:557][11266.184000] [  WARN] Idle Task: bl616_pmtickless: <<<--- [R]:WIFI, [R]:28147, [W]:11088, [L]:555
[23:33:23:589][11266.217000] [  WARN] Idle Task: bl616_pmtickless: --->>> [10]:On, [H]:46981, [15:mi_otn]
[23:33:39:941][11282.572000] [  WARN] Idle Task: bl616_pmtickless: <<<--- [R]:WIFI, [R]:16344, [W]:11104, [L]:555
[23:33:39:973][11282.603000] [  WARN] Idle Task: bl616_pmtickless: --->>> [10]:On, [H]:30595, [15:mi_otn]
[23:34:10:580][11313.218000] [  WARN] Idle Task: bl616_pmtickless: <<<--- [R]:RTC, [R]:30604, [W]:11133, [L]:555
[23:34:10:580][11313.231000] [  INFO] mi_otn: [23:34:10.231 ] ots: -->kplv sent.
[23:34:10:612][11313.237000] [  WARN] Idle Task: bl616_pmtickless: --->>> [10]:On, [H]:5993, [1174644928:]
[23:34:10:676][11313.300000] [  WARN] Idle Task: bl616_pmtickless: <<<--- [R]:WIFI, [R]:52, [W]:11134, [L]:555
[23:34:10:676][11313.315000] [ DEBUG] ots_task: [23:34:10.315 ] ots: recvd 8Bytes
[23:34:10:676][11313.319000] [  INFO] ots_task: [23:34:10.318 ] ots: <--kplv ack.
[23:34:10:693][11313.324000] [ DEBUG] ots_task: [23:34:10.324 ] ots: event emit[id=11,txt=ots.keeplive,ext_len=0]
[23:34:10:695][11313.333000] [ DEBUG] ots_task: [23:34:10.333 ] ots: keeplive costtime = 99
[23:34:10:695][11313.341000] [ DEBUG] mi_otn: [23:34:10.340 ] ots: ots.keeplive[11] happened!
[23:34:10:724][11313.350000] [  WARN] Idle Task: bl616_pmtickless: --->>> [10]:On, [H]:90998, [15:mi_otn]
[23:34:15:783][11318.423000] [  WARN] Idle Task: bl616_pmtickless: <<<--- [R]:WIFI, [R]:5062, [W]:11139, [L]:555
[23:34:15:815][11318.456000] [  WARN] Idle Task: bl616_pmtickless: --->>> [10]:On, [H]:85892, [15:mi_otn]
[23:34:16:815][11319.449000] [  WARN] Idle Task: bl616_pmtickless: <<<--- [R]:WIFI, [R]:981, [W]:11140, [L]:555
[23:34:16:848][11319.485000] [  WARN] Idle Task: bl616_pmtickless: --->>> [10]:On, [H]:84864, [15:mi_otn]
[23:34:17:840][11320.475000] [  WARN] Idle Task: bl616_pmtickless: <<<--- [R]:WIFI, [R]:979, [W]:11141, [L]:555
[23:34:17:871][11320.506000] [  WARN] Idle Task: bl616_pmtickless: --->>> [10]:On, [H]:83842, [15:mi_otn]
[23:34:53:683][11356.322000] [  WARN] Idle Task: bl616_pmtickless: <<<--- [R]:WIFI, [R]:35805, [W]:11176, [L]:555
[23:34:53:715][11356.358000] [  WARN] Idle Task: bl616_pmtickless: --->>> [10]:On, [H]:47990, [15:mi_otn]
[23:35:32:593][11395.240000] [  WARN] Idle Task: bl616_pmtickless: <<<--- [R]:WIFI, [R]:38871, [W]:11214, [L]:555
[23:35:32:625][11395.271000] [  WARN] Idle Task: bl616_pmtickless: --->>> [10]:On, [H]:9077, [15:mi_otn]
[23:35:37:716][11400.364000] [  WARN] Idle Task: bl616_pmtickless: <<<--- [R]:WIFI, [R]:5082, [W]:11219, [L]:555
[23:35:37:732][11400.393000] [  WARN] Idle Task: bl616_pmtickless: --->>> [10]:On, [H]:3955, [15:mi_otn]
[23:35:40:785][11403.439000] [  WARN] Idle Task: bl616_pmtickless: <<<--- [R]:WIFI, [R]:3035, [W]:11222, [L]:555
[23:35:40:816][11403.474000] [  WARN] Idle Task: bl616_pmtickless: --->>> [10]:On, [H]:874, [15:mi_otn]
[23:35:41:712][11404.368000] [  WARN] Idle Task: bl616_pmtickless: <<<--- [R]:RTC, [R]:883, [W]:11222, [L]:555
[23:35:41:729][11404.380000] [  INFO] mi_otn: [23:35:41.380 ] ots: -->kplv sent.
[23:35:41:729][11404.386000] [  WARN] Idle Task: bl616_pmtickless: --->>> [10]:On, [H]:5993, [1174644928:]
[23:35:41:809][11404.466000] [  WARN] Idle Task: bl616_pmtickless: <<<--- [R]:WIFI, [R]:69, [W]:11223, [L]:555
[23:35:41:809][11404.482000] [ DEBUG] ots_task: [23:35:41.482 ] ots: recvd 8Bytes
[23:35:41:809][11404.486000] [  INFO] ots_task: [23:35:41.485 ] ots: <--kplv ack.
[23:35:41:825][11404.491000] [ DEBUG] ots_task: [23:35:41.491 ] ots: event emit[id=11,txt=ots.keeplive,ext_len=0]
[23:35:41:825][11404.501000] [ DEBUG] ots_task: [23:35:41.500 ] ots: keeplive costtime = 117
[23:35:41:857][11404.508000] [ DEBUG] mi_otn: [23:35:41.508 ] ots: ots.keeplive[11] happened!
[23:35:41:857][11404.517000] [  WARN] Idle Task: bl616_pmtickless: --->>> [10]:On, [H]:74463, [19:netMonitorTask]
[23:35:45:907][11408.563000] [  WARN] Idle Task: bl616_pmtickless: <<<--- [R]:WIFI, [R]:4035, [W]:11227, [L]:555
[23:35:45:939][11408.595000] [  WARN] Idle Task: bl616_pmtickless: --->>> [10]:On, [H]:70385, [19:netMonitorTask]
[23:35:46:924][11409.590000] [  WARN] Idle Task: bl616_pmtickless: <<<--- [R]:WIFI, [R]:983, [W]:11228, [L]:555
[23:35:46:956][11409.618000] [  WARN] Idle Task: bl616_pmtickless: --->>> [10]:On, [H]:69362, [19:netMonitorTask]
[23:35:51:021][11413.688000] [  WARN] Idle Task: bl616_pmtickless: <<<--- [R]:WIFI, [R]:4058, [W]:11232, [L]:555
[23:35:51:053][11413.719000] [  WARN] Idle Task: bl616_pmtickless: --->>> [10]:On, [H]:65261, [19:netMonitorTask]
[23:35:59:223][11421.883000] [  WARN] Idle Task: bl616_pmtickless: <<<--- [R]:WIFI, [R]:8152, [W]:11240, [L]:555
[23:35:59:239][11421.914000] [  WARN] Idle Task: bl616_pmtickless: --->>> [10]:On, [H]:57066, [19:netMonitorTask]
[23:36:12:327][11434.994000] [  WARN] Idle Task: bl616_pmtickless: <<<--- [R]:WIFI, [R]:13068, [W]:11253, [L]:556
[23:36:12:343][11435.022000] [  WARN] Idle Task: bl616_pmtickless: --->>> [10]:On, [H]:43958, [19:netMonitorTask]
[23:36:33:620][11456.297000] [  WARN] Idle Task: bl616_pmtickless: <<<--- [R]:WIFI, [R]:21263, [W]:11274, [L]:557
[23:36:33:652][11456.327000] [  WARN] Idle Task: bl616_pmtickless: --->>> [10]:On, [H]:22653, [19:netMonitorTask]
[23:36:56:303][11479.001000] [  WARN] Idle Task: bl616_pmtickless: <<<--- [R]:RTC, [R]:22662, [W]:11296, [L]:557
[23:36:56:319][11479.012000] [  INFO] netMonitorTask: [23:36:56.012 ] miio_monitor: work time = 11479s, memory left = 111632
[23:36:56:335][11479.020000] [ DEBUG] netMonitorTask: [23:36:56.019 ] miio_net: sta offline 0 times in last 600s
[23:36:56:351][11479.031000] [  WARN] Idle Task: bl616_pmtickless: --->>> [10]:On, [H]:16484, [15:mi_otn]
[23:37:12:837][11495.535000] [  WARN] Idle Task: bl616_pmtickless: <<<--- [R]:RTC, [R]:16493, [W]:11312, [L]:557
[23:37:12:853][11495.547000] [  INFO] mi_otn: [23:37:12.547 ] ots: -->kplv sent.
[23:37:12:869][11495.553000] [  WARN] Idle Task: bl616_pmtickless: --->>> [10]:On, [H]:5993, [1174644928:]
[23:37:13:560][11496.244000] [  WARN] Idle Task: bl616_pmtickless: <<<--- [R]:WIFI, [R]:680, [W]:11313, [L]:557
[23:37:13:592][11496.275000] [  WARN] Idle Task: bl616_pmtickless: --->>> [10]:On, [H]:5271, [1174644928:]
[23:37:18:878][11501.566000] [  WARN] Idle Task: bl616_pmtickless: <<<--- [R]:RTC, [R]:5280, [W]:11318, [L]:557
[23:37:18:894][11501.583000] [  WARN] Idle Task: bl616_pmtickless: --->>> [10]:On, [H]:11993, [1174644928:]
[23:37:30:899][11513.596000] [  WARN] Idle Task: bl616_pmtickless: <<<--- [R]:RTC, [R]:12002, [W]:11329, [L]:557
[23:37:30:915][11513.610000] [  WARN] Idle Task: bl616_pmtickless: --->>> [10]:On, [H]:8948, [15:mi_otn]
[23:37:31:996][11514.685000] [  WARN] Idle Task: bl616_pmtickless: <<<--- [R]:WIFI, [R]:1064, [W]:11331, [L]:557
[23:37:31:996][11514.701000] [ DEBUG] ots_task: [23:37:31.701 ] ots: recvd 8Bytes
[23:37:31:996][11514.704000] [  INFO] ots_task: [23:37:31.704 ] ots: <--kplv ack.
[23:37:32:012][11514.710000] [ DEBUG] ots_task: [23:37:31.710 ] ots: event emit[id=11,txt=ots.keeplive,ext_len=0]
[23:37:32:012][11514.719000] [ DEBUG] ots_task: [23:37:31.719 ] ots: keeplive costtime = 19169
[23:37:32:028][11514.726000] [ DEBUG] mi_otn: [23:37:31.726 ] ots: ots.keeplive[11] happened!
[23:37:32:044][11514.736000] [  WARN] Idle Task: bl616_pmtickless: --->>> [10]:On, [H]:90999, [15:mi_otn]
[23:37:36:900][11519.603000] [  WARN] Idle Task: bl616_pmtickless: <<<--- [R]:WIFI, [R]:4856, [W]:11336, [L]:558
[23:37:36:932][11519.631000] [  WARN] Idle Task: bl616_pmtickless: --->>> [10]:On, [H]:86103, [15:mi_otn]
[23:37:37:933][11520.628000] [  WARN] Idle Task: bl616_pmtickless: <<<--- [R]:WIFI, [R]:986, [W]:11337, [L]:558
[23:37:37:949][11520.655000] [  WARN] Idle Task: bl616_pmtickless: --->>> [10]:On, [H]:85079, [15:mi_otn]
[23:38:25:028][11567.740000] [  WARN] Idle Task: bl616_pmtickless: <<<--- [R]:WIFI, [R]:47074, [W]:11383, [L]:558
[23:38:25:060][11567.768000] [  WARN] Idle Task: bl616_pmtickless: --->>> [10]:On, [H]:37966, [15:mi_otn]
[23:38:27:091][11569.790000] [  WARN] Idle Task: bl616_pmtickless: <<<--- [R]:WIFI, [R]:2011, [W]:11385, [L]:558
[23:38:27:122][11569.824000] [  WARN] Idle Task: bl616_pmtickless: --->>> [10]:On, [H]:35910, [15:mi_otn]
[23:39:03:024][11605.754000] [  WARN] Idle Task: bl616_pmtickless: <<<--- [R]:RTC, [R]:35919, [W]:11420, [L]:559
[23:39:03:055][11605.766000] [  INFO] mi_otn: [23:39:02.766 ] ots: -->kplv sent.
[23:39:03:055][11605.772000] [  WARN] Idle Task: bl616_pmtickless: --->>> [10]:On, [H]:23993, [1174644928:]
[23:39:03:742][11606.457000] [  WARN] Idle Task: bl616_pmtickless: <<<--- [R]:WIFI, [R]:674, [W]:11421, [L]:559
[23:39:03:742][11606.476000] [ DEBUG] ots_task: [23:39:03.476 ] ots: recvd 8Bytes
[23:39:03:757][11606.480000] [  INFO] ots_task: [23:39:03.480 ] ots: <--kplv ack.
[23:39:03:757][11606.486000] [ DEBUG] ots_task: [23:39:03.486 ] ots: event emit[id=11,txt=ots.keeplive,ext_len=0]
[23:39:03:773][11606.495000] [ DEBUG] ots_task: [23:39:03.494 ] ots: keeplive costtime = 726
[23:39:03:773][11606.502000] [ DEBUG] mi_otn: [23:39:03.502 ] ots: ots.keeplive[11] happened!
[23:39:03:789][11606.511000] [  WARN] Idle Task: bl616_pmtickless: --->>> [10]:On, [H]:90998, [15:mi_otn]
[23:39:08:863][11611.581000] [  WARN] Idle Task: bl616_pmtickless: <<<--- [R]:WIFI, [R]:5059, [W]:11426, [L]:559
[23:39:08:896][11611.610000] [  WARN] Idle Task: bl616_pmtickless: --->>> [10]:On, [H]:85899, [15:mi_otn]
[23:39:54:739][11657.463000] [  WARN] Idle Task: bl616_pmtickless: <<<--- [R]:WIFI, [R]:45842, [W]:11471, [L]:560
[23:39:54:770][11657.491000] [  WARN] Idle Task: bl616_pmtickless: --->>> [10]:On, [H]:40019, [15:mi_otn]
[23:40:26:281][11689.009000] [  WARN] Idle Task: bl616_pmtickless: <<<--- [R]:WIFI, [R]:31507, [W]:11502, [L]:561
[23:40:26:314][11689.037000] [  WARN] Idle Task: bl616_pmtickless: --->>> [10]:On, [H]:8472, [15:mi_otn]
[23:40:34:790][11697.529000] [  WARN] Idle Task: bl616_pmtickless: <<<--- [R]:RTC, [R]:8481, [W]:11510, [L]:561
[23:40:34:813][11697.542000] [  INFO] mi_otn: [23:40:34.541 ] ots: -->kplv sent.
[23:40:34:817][11697.548000] [  WARN] Idle Task: bl616_pmtickless: --->>> [10]:On, [H]:23992, [1174644928:]
[23:40:35:488][11698.229000] [  WARN] Idle Task: bl616_pmtickless: <<<--- [R]:WIFI, [R]:670, [W]:11511, [L]:561
[23:40:35:504][11698.245000] [ DEBUG] ots_task: [23:40:35.245 ] ots: recvd 8Bytes
[23:40:35:506][11698.249000] [  INFO] ots_task: [23:40:35.249 ] ots: <--kplv ack.
[23:40:35:515][11698.255000] [ DEBUG] ots_task: [23:40:35.255 ] ots: event emit[id=11,txt=ots.keeplive,ext_len=0]
[23:40:35:520][11698.264000] [ DEBUG] ots_task: [23:40:35.264 ] ots: keeplive costtime = 719
[23:40:35:528][11698.271000] [ DEBUG] mi_otn: [23:40:35.271 ] ots: ots.keeplive[11] happened!
[23:40:35:536][11698.280000] [  WARN] Idle Task: bl616_pmtickless: --->>> [10]:On, [H]:77113, [15:mi_otn]
[23:40:40:619][11703.351000] [  WARN] Idle Task: bl616_pmtickless: <<<--- [R]:WIFI, [R]:5060, [W]:11516, [L]:561
[23:40:40:651][11703.389000] [  WARN] Idle Task: bl616_pmtickless: --->>> [10]:On, [H]:72004, [15:mi_otn]
[23:41:25:263][11748.006000] [  WARN] Idle Task: bl616_pmtickless: <<<--- [R]:WIFI, [R]:44606, [W]:11560, [L]:563
[23:41:25:295][11748.038000] [  WARN] Idle Task: bl616_pmtickless: --->>> [10]:On, [H]:27355, [15:mi_otn]
[23:41:52:651][11775.413000] [  WARN] Idle Task: bl616_pmtickless: <<<--- [R]:RTC, [R]:27364, [W]:11586, [L]:563
[23:41:52:681][11775.426000] [NOTICE] mi_otn: [23:41:52.425 ] ots: -->sync sent.
[23:41:52:681][11775.431000] [  WARN] Idle Task: bl616_pmtickless: --->>> [10]:On, [H]:2765, [15:mi_otn]
[23:41:52:906][11775.661000] [  WARN] Idle Task: bl616_pmtickless: <<<--- [R]:WIFI, [R]:219, [W]:11587, [L]:563
[23:41:52:906][11775.679000] [ DEBUG] ots_task: [23:41:52.679 ] ots: recvd 24Bytes
[23:41:52:922][11775.682000] [NOTICE] ots_task: [23:41:52.682 ] ots: <--sync ack.
[23:41:52:922][11775.688000] [ DEBUG] ots_task: [23:41:52.688 ] ots: sync costtime = 259
[23:41:52:938][11775.699000] [  WARN] Idle Task: bl616_pmtickless: --->>> [10]:On, [H]:2497, [15:mi_otn]
[23:41:55:451][11778.215000] [  WARN] Idle Task: bl616_pmtickless: <<<--- [R]:RTC, [R]:2506, [W]:11589, [L]:563
[23:41:55:451][11778.225000] [  INFO] mi_otn: [23:41:55.225 ] miio_ot: -->pull ip list sent.
[23:41:55:484][11778.230000] [ DEBUG] mi_otn: [23:41:55.230 ] ots: ots_up_rpc_delegate_out_cb:{"id":827719763,"method":"_otc.pull_ip_list","params":{}}
[23:41:55:500][11778.247000] [  WARN] Idle Task: bl616_pmtickless: --->>> [10]:On, [H]:782, [19:netMonitorTask]
[23:41:55:982][11778.737000] [  WARN] Idle Task: bl616_pmtickless: <<<--- [R]:WIFI, [R]:478, [W]:11590, [L]:563
[23:41:55:982][11778.754000] [ DEBUG] ots_task: [23:41:55.754 ] ots: recvd 345Bytes
[23:41:55:982][11778.758000] [ DEBUG] ots_task: [23:41:55.758 ] ots: req or ack recvd.
[23:41:56:006][11778.765000] [ DEBUG] ots_task: [23:41:55.764 ] ots: {"id":827719763,"result":{"svr_list":[{"ip":"110.43.87.243","port":443},{"ip":"124.251.34.212","port":443},{"ip":"120.92.65.241","port":443}],"svr_probe_list":[{"ip":"39.101.90.191","port":8053},{"ip":"120.92.65.237","port":8053},{"ip":"111.202.1.238","port":8053},{"ip":"110.43.87.239","port":8053}],"interval":1800, "firstprobe":410}}.
[23:41:56:030][11778.799000] [ DEBUG] ots_task: [23:41:55.798 ] ots: send_cnt = 5[72], ack_cnt = 5[72,10], costtime = 3857[970,965]
[23:41:56:047][11778.809000] [ DEBUG] ots_task: [23:41:55.809 ] ots: event emit[id=11,txt=ots.keeplive,ext_len=0]
[23:41:56:047][11778.818000] [ DEBUG] mi_otn: [23:41:55.818 ] ots: ots.keeplive[11] happened!
[23:41:56:062][11778.825000] [ DEBUG] mi_otn: [23:41:55.825 ] miio_ot: otc_list[0] = 110.43.87.243::443
[23:41:56:062][11778.832000] [ DEBUG] mi_otn: [23:41:55.832 ] miio_ot: otc_list[1] = 124.251.34.212::443
[23:41:56:078][11778.841000] [ DEBUG] mi_otn: [23:41:55.840 ] miio_ot: otc_list[2] = 120.92.65.241::443
[23:41:56:078][11778.848000] [ DEBUG] mi_otn: [23:41:55.848 ] ots: backlist[0] = 110.43.87.243::443
[23:41:56:094][11778.856000] [ DEBUG] mi_otn: [23:41:55.856 ] ots: backlist[1] = 124.251.34.212::443
[23:41:56:094][11778.863000] [ DEBUG] mi_otn: [23:41:55.863 ] ots: backlist[2] = 120.92.65.241::443
[23:41:56:110][11778.871000] [ DEBUG] mi_otn: [23:41:55.871 ] miio_ot: otc_test ip[0] = 39.101.90.191::8053
[23:41:56:110][11778.879000] [ DEBUG] mi_otn: [23:41:55.879 ] miio_ot: otc_test otn->otc_test.ip_port_num=[0], max = [4]
[23:41:56:127][11778.889000] [ DEBUG] mi_otn: [23:41:55.889 ] miio_ot: otc_test ip[1] = 120.92.65.237::8053
[23:41:56:127][11778.897000] [ DEBUG] mi_otn: [23:41:55.897 ] miio_ot: otc_test otn->otc_test.ip_port_num=[1], max = [4]
[23:41:56:143][11778.906000] [ DEBUG] mi_otn: [23:41:55.906 ] miio_ot: otc_test ip[2] = 111.202.1.238::8053
[23:41:56:143][11778.914000] [ DEBUG] mi_otn: [23:41:55.914 ] miio_ot: otc_test otn->otc_test.ip_port_num=[2], max = [4]
[23:41:56:159][11778.924000] [ DEBUG] mi_otn: [23:41:55.924 ] miio_ot: otc_test ip[3] = 110.43.87.239::8053
[23:41:56:174][11778.932000] [ DEBUG] mi_otn: [23:41:55.932 ] miio_ot: otc_test otn->otc_test.ip_port_num=[3], max = [4]
[23:41:56:191][11778.944000] [  WARN] Idle Task: bl616_pmtickless: --->>> [10]:On, [H]:85, [19:netMonitorTask]
[23:41:56:286][11779.049000] [  WARN] Idle Task: bl616_pmtickless: <<<--- [R]:RTC, [R]:94, [W]:11590, [L]:563
[23:41:56:286][11779.060000] [  INFO] netMonitorTask: [23:41:56.060 ] miio_monitor: work time = 11779s, memory left = 111632
[23:41:56:319][11779.068000] [ DEBUG] netMonitorTask: [23:41:56.067 ] miio_net: sta offline 0 times in last 600s
[23:41:56:319][11779.079000] [  WARN] Idle Task: bl616_pmtickless: --->>> [10]:On, [H]:28087, [15:mi_otn]
[23:41:58:239][11780.994000] [  WARN] Idle Task: bl616_pmtickless: <<<--- [R]:WIFI, [R]:1904, [W]:11592, [L]:563
[23:41:58:271][11781.025000] [  WARN] Idle Task: bl616_pmtickless: --->>> [10]:On, [H]:26141, [15:mi_otn]
[23:42:24:405][11807.186000] [  WARN] Idle Task: bl616_pmtickless: <<<--- [R]:RTC, [R]:26150, [W]:11617, [L]:563
[23:42:24:421][11807.198000] [  INFO] mi_otn: [23:42:24.198 ] miio_instance: miio_info_kvs_hook_default called
[23:42:24:421][11807.207000] [ DEBUG] mi_otn: [23:42:24.207 ] miio_net: miio_net_info_kvs_hook called
[23:42:24:437][11807.215000] [NOTICE] mi_otn: [23:42:24.215 ] miio_ot: up _otc.info:{"id":1484718164,"method":"_otc.info","params":{"life":11807,"model":"xiaomi.dev.bl3","token":"69aa************************aee4","ipflag":1,"fw_ver":"1.0.3","miio_ver":"0.1.0","hw_ver":"BL616-BL3","chip_ver":1,"mmfree":110248,"mac":"C4:93:BB:AD:C7:FF","wifi_fw_ver":"WifiVer.N\/A","ap":{"ssid":"Xiaomi_be3600","bssid":"42:EE:97:F0:4C:60","rssi":-24,"primary":1},"netif":{"localIp":"192.168.3.70","mask":"255.255.255.0","gw":"192.168.3.1"},"uid":1205295674}}
[23:42:24:485][11807.258000] [  INFO] mi_otn: [23:42:24.258 ] miio_ot: -->info(ots).
[23:42:24:485][11807.265000] [ DEBUG] mi_otn: [23:42:24.265 ] ots: ots_up_rpc_delegate_out_cb:{"id":1484718164,"method":"_otc.info","params":{"life":11807,"model":"xiaomi.dev.bl3","token":"69aa************************aee4","ipflag":1,"fw_ver":"1.0.3","miio_ver":"0.1.0","hw_ver":"BL616-BL3","chip_ver":1,"mmfree":110248,"mac":"C4:93:BB:AD:C7:FF","wifi_fw_ver":"WifiVer.N\/A","ap":{"ssid":"Xiaomi_be3600","bssid":"42:EE:97:F0:4C:60","rssi":-24,"primary":1},"netif":{"localIp":"192.168.3.70","mask":"255.255.255.0","gw":"192.168.3.1"},"uid":1205295674}}
[23:42:24:550][11807.319000] [  WARN] Idle Task: bl616_pmtickless: --->>> [10]:On, [H]:3997, [15:mi_otn]
[23:42:25:580][11808.342000] [  WARN] Idle Task: bl616_pmtickless: <<<--- [R]:WIFI, [R]:1012, [W]:11618, [L]:563
[23:42:25:580][11808.360000] [ DEBUG] ots_task: [23:42:25.360 ] ots: recvd 40Bytes
[23:42:25:580][11808.364000] [ DEBUG] ots_task: [23:42:25.364 ] ots: req or ack recvd.
[23:42:25:596][11808.371000] [ DEBUG] ots_task: [23:42:25.371 ] ots: {"id":1484718164,"result":"ok"}.
[23:42:25:596][11808.378000] [ DEBUG] ots_task: [23:42:25.378 ] ots: send_cnt = 6[73], ack_cnt = 6[73,10], costtime = 4970[984,985]
[23:42:25:612][11808.388000] [ DEBUG] ots_task: [23:42:25.388 ] ots: event emit[id=11,txt=ots.keeplive,ext_len=0]
[23:42:25:612][11808.398000] [ DEBUG] mi_otn: [23:42:25.398 ] ots: ots.keeplive[11] happened!
[23:42:25:628][11808.404000] [  INFO] mi_otn: [23:42:25.404 ] miio_ot: <--info ack(ots).
[23:42:25:628][11808.411000] [ DEBUG] mi_otn: [23:42:25.411 ] miio_net: miio_net_statistics_kvs_hook called
[23:42:25:644][11808.421000] [ DEBUG] mi_otn: [23:42:25.421 ] ots: ots_up_rpc_delegate_out_cb:{"id":350421077,"method":"_otc.ncinfo","params":{"miio_ver":"0.1.0","miio_times":[11779,148,177,11454],"ap":{"ssid":"Xiaomi_be3600","connect_count":3,"repeaters":[{"bssid":"42:EE:97:F0:4C:60","rssi":-24,"primary":1,"active":1}]},"ot_stat":[4,3,0],"ots_stat":[4,0,0,2745,984,985,73,73,10,0,0,0,0]}}
[23:42:25:676][11808.456000] [ DEBUG] mi_otn: [23:42:25.456 ] ots: ots_up_rpc_delegate_out_cb:{"id":1692598358,"method":"_otc.ncstat","params":{"timestamp":1775229145,"proto":2,"otip":"202.69.4.3","otport":443,"sendcnt":6,"ackcnt":6,"ackcnt_timeout":0,"costtime":4970,"rpc":0,"rpcack":0,"rpcack_costtime":0,"dns":0,"keeplive_interval":91,"rpc_local":0,"rpcack_local":0}}
[23:42:25:724][11808.491000] [  WARN] Idle Task: bl616_pmtickless: --->>> [10]:On, [H]:3745, [15:mi_otn]
[23:42:26:706][11809.471000] [  WARN] Idle Task: bl616_pmtickless: <<<--- [R]:WIFI, [R]:969, [W]:11619, [L]:563
[23:42:26:706][11809.487000] [ DEBUG] ots_task: [23:42:26.487 ] ots: recvd 39Bytes
[23:42:26:706][11809.491000] [ DEBUG] ots_task: [23:42:26.491 ] ots: req or ack recvd.
[23:42:26:722][11809.498000] [ DEBUG] ots_task: [23:42:26.498 ] ots: {"id":350421077,"result":"ok"}.
[23:42:26:722][11809.505000] [ DEBUG] ots_task: [23:42:26.505 ] ots: send_cnt = 2[75], ack_cnt = 1[74,10], costtime = 1084[994,994]
[23:42:26:739][11809.515000] [ DEBUG] ots_task: [23:42:26.515 ] ots: event emit[id=11,txt=ots.keeplive,ext_len=0]
[23:42:26:739][11809.526000] [ DEBUG] ots_task: [23:42:26.525 ] ots: recvd 40Bytes
[23:42:26:754][11809.530000] [ DEBUG] ots_task: [23:42:26.530 ] ots: req or ack recvd.
[23:42:26:754][11809.537000] [ DEBUG] ots_task: [23:42:26.537 ] ots: {"id":1692598358,"result":"ok"}.
[23:42:26:770][11809.544000] [ DEBUG] ots_task: [23:42:26.544 ] ots: send_cnt = 2[75], ack_cnt = 2[75,10], costtime = 2172[1003,1003]
[23:42:26:770][11809.555000] [ DEBUG] ots_task: [23:42:26.555 ] ots: event emit[id=11,txt=ots.keeplive,ext_len=0]
[23:42:26:786][11809.564000] [ DEBUG] mi_otn: [23:42:26.564 ] ots: ots.keeplive[11] happened!
[23:42:26:786][11809.571000] [ DEBUG] mi_otn: [23:42:26.571 ] ots: ots.keeplive[11] happened!
[23:42:26:818][11809.582000] [  WARN] Idle Task: bl616_pmtickless: --->>> [10]:On, [H]:2654, [15:mi_otn]
[23:42:29:463][11812.255000] [  WARN] Idle Task: bl616_pmtickless: <<<--- [R]:RTC, [R]:2663, [W]:11621, [L]:563
[23:42:29:479][11812.265000] [ DEBUG] mi_otn: [23:42:29.264 ] ot: event emit[id=5,txt=otn.timerconfig,ext_len=4]
[23:42:29:495][11812.271000] [ DEBUG] mi_otn: [23:42:29.271 ] ot: event emit[id=5,txt=otn.timerconfig,ext_len=4]
[23:42:29:495][11812.279000] [ DEBUG] mi_otn: [23:42:29.279 ] miio_ot: otn.timerconfig[5] happened!
[23:42:29:511][11812.287000] [ DEBUG] mi_otn: [23:42:29.287 ] miio_ot: cooldown_time_ms =5000
[23:42:29:511][11812.294000] [ DEBUG] mi_otn: [23:42:29.294 ] miio_ot: otn.timerconfig[5] event finished!
[23:42:29:527][11812.302000] [ DEBUG] mi_otn: [23:42:29.302 ] miio_ot: otn.timerconfig[5] happened!
[23:42:29:527][11812.310000] [ DEBUG] mi_otn: [23:42:29.310 ] miio_ot: otn.timerconfig[5] event finished!
[23:42:29:527][11812.320000] [  WARN] Idle Task: bl616_pmtickless: --->>> [10]:On, [H]:4968, [15:mi_otn]
[23:42:30:893][11813.673000] [  WARN] Idle Task: bl616_pmtickless: <<<--- [R]:WIFI, [R]:1342, [W]:11623, [L]:563
[23:42:30:925][11813.704000] [  WARN] Idle Task: bl616_pmtickless: --->>> [10]:On, [H]:3584, [15:mi_otn]
[23:42:34:513][11817.308000] [  WARN] Idle Task: bl616_pmtickless: <<<--- [R]:RTC, [R]:3593, [W]:11626, [L]:563
[23:42:34:545][11817.318000] [ DEBUG] mi_otn: [23:42:34.318 ] ots: ots_up_rpc_delegate_out_cb:{"id":905576535,"method":"props","params":{"ota_progress":101,"ota_state":"idle"}}
[23:42:34:561][11817.336000] [  WARN] Idle Task: bl616_pmtickless: --->>> [10]:On, [H]:2465, [15:mi_otn]
[23:42:34:996][11817.774000] [  WARN] Idle Task: bl616_pmtickless: <<<--- [R]:WIFI, [R]:427, [W]:11627, [L]:563
[23:42:34:996][11817.791000] [ DEBUG] ots_task: [23:42:34.790 ] ots: recvd 39Bytes
[23:42:35:012][11817.794000] [ DEBUG] ots_task: [23:42:34.794 ] ots: req or ack recvd.
[23:42:35:012][11817.801000] [ DEBUG] ots_task: [23:42:34.801 ] ots: {"id":905576535,"result":"ok"}.
[23:42:35:028][11817.808000] [ DEBUG] ots_task: [23:42:34.808 ] ots: send_cnt = 3[76], ack_cnt = 3[76,10], costtime = 2663[951,946]
[23:42:35:028][11817.818000] [ DEBUG] ots_task: [23:42:34.818 ] ots: event emit[id=11,txt=ots.keeplive,ext_len=0]
[23:42:35:045][11817.828000] [ DEBUG] mi_otn: [23:42:34.828 ] ots: ots.keeplive[11] happened!
[23:42:35:045][11817.835000] [  INFO] mi_otn: [23:42:34.835 ] miio_info: 0 props left, 0 events left.
[23:42:35:060][11817.842000] [ DEBUG] mi_otn: [23:42:34.842 ] ot: event emit[id=5,txt=otn.timerconfig,ext_len=4]
[23:42:35:060][11817.851000] [ DEBUG] mi_otn: [23:42:34.851 ] miio_ot: otn.timerconfig[5] happened!
[23:42:35:060][11817.858000] [ DEBUG] mi_otn: [23:42:34.858 ] miio_ot: cooldown_time_ms =1800000
[23:42:35:077][11817.865000] [ DEBUG] mi_otn: [23:42:34.865 ] miio_ot: otn.timerconfig[5] event finished!
[23:42:35:093][11817.876000] [  WARN] Idle Task: bl616_pmtickless: --->>> [10]:On, [H]:1926, [15:mi_otn]
[23:42:37:044][11819.822000] [  WARN] Idle Task: bl616_pmtickless: <<<--- [R]:RTC, [R]:1935, [W]:11628, [L]:563
[23:42:37:060][11819.846000] [  WARN] Idle Task: bl616_pmtickless: --->>> [10]:On, [H]:3980, [15:mi_otn]
[23:42:37:140][11819.928000] [  WARN] Idle Task: bl616_pmtickless: <<<--- [R]:WIFI, [R]:71, [W]:11629, [L]:563
[23:42:37:140][11819.942000] [ DEBUG] otu_task: [23:42:36.941 ] otu: [120.92.65.237:8053] talking, len=32
[23:42:37:157][11819.948000] [ DEBUG] otu_task: [23:42:36.948 ] otu: event emit[id=14,txt=otu.ntp_ack,ext_len=12]
[23:42:37:157][11819.957000] [ DEBUG] otu_task: [23:42:36.957 ] otu: [39.101.90.191:8053] talking, len=32
[23:42:37:173][11819.964000] [ DEBUG] otu_task: [23:42:36.964 ] otu: event emit[id=14,txt=otu.ntp_ack,ext_len=12]
[23:42:37:189][11819.973000] [ DEBUG] otu_task: [23:42:36.973 ] otu: [110.43.87.239:8053] talking, len=32
[23:42:37:189][11819.981000] [ DEBUG] otu_task: [23:42:36.981 ] otu: event emit[id=14,txt=otu.ntp_ack,ext_len=12]
[23:42:37:205][11819.990000] [ DEBUG] otu_task: [23:42:36.990 ] otu: [111.202.1.238:8053] talking, len=32
[23:42:37:205][11819.998000] [ DEBUG] otu_task: [23:42:36.998 ] otu: event emit[id=14,txt=otu.ntp_ack,ext_len=12]
[23:42:37:205][11820.007000] [ DEBUG] mi_otn: [23:42:37.007 ] otu: otu.ntp_ack[14] happened!
[23:42:37:221][11820.013000] [ DEBUG] mi_otn: [23:42:37.013 ] miio_ot: otc_test cloud=[120.92.65.237::8053], cost=179ms
[23:42:37:237][11820.023000] [ DEBUG] mi_otn: [23:42:37.023 ] otu: otu.ntp_ack[14] happened!
[23:42:37:237][11820.030000] [ DEBUG] mi_otn: [23:42:37.030 ] miio_ot: otc_test cloud=[39.101.90.191::8053], cost=199ms
[23:42:37:253][11820.039000] [ DEBUG] mi_otn: [23:42:37.039 ] otu: otu.ntp_ack[14] happened!
[23:42:37:253][11820.046000] [ DEBUG] mi_otn: [23:42:37.046 ] miio_ot: otc_test cloud=[110.43.87.239::8053], cost=206ms
[23:42:37:270][11820.055000] [ DEBUG] mi_otn: [23:42:37.055 ] otu: otu.ntp_ack[14] happened!
[23:42:37:270][11820.062000] [ DEBUG] mi_otn: [23:42:37.062 ] miio_ot: otc_test cloud=[111.202.1.238::8053], cost=225ms
[23:42:37:285][11820.074000] [  WARN] Idle Task: bl616_pmtickless: --->>> [10]:On, [H]:3740, [15:mi_otn]
[23:42:40:314][11823.105000] [  WARN] Idle Task: bl616_pmtickless: <<<--- [R]:WIFI, [R]:3020, [W]:11632, [L]:563
[23:42:40:346][11823.136000] [  WARN] Idle Task: bl616_pmtickless: --->>> [10]:On, [H]:678, [15:mi_otn]
[23:42:41:034][11823.834000] [  WARN] Idle Task: bl616_pmtickless: <<<--- [R]:RTC, [R]:687, [W]:11632, [L]:563
[23:42:41:050][11823.844000] [ DEBUG] mi_otn: [23:42:40.844 ] ots: ots_up_rpc_delegate_out_cb:{"id":44630105,"method":"_otc.testip","params":{"testret":[{"ip":"39.101.90.191","port":8053,"cost":199},{"ip":"120.92.65.237","port":8053,"cost":179},{"ip":"111.202.1.238","port":8053,"cost":225},{"ip":"110.43.87.239","port":8053,"cost":206}]}}
[23:42:41:083][11823.876000] [  WARN] Idle Task: bl616_pmtickless: --->>> [10]:On, [H]:3998, [15:mi_otn]
[23:42:41:340][11824.133000] [  WARN] Idle Task: bl616_pmtickless: <<<--- [R]:WIFI, [R]:246, [W]:11633, [L]:563
[23:42:41:355][11824.152000] [ DEBUG] ots_task: [23:42:41.151 ] ots: recvd 38Bytes
[23:42:41:355][11824.155000] [ DEBUG] ots_task: [23:42:41.155 ] ots: req or ack recvd.
[23:42:41:371][11824.162000] [ DEBUG] ots_task: [23:42:41.162 ] ots: {"id":44630105,"result":"ok"}.
[23:42:41:371][11824.169000] [ DEBUG] ots_task: [23:42:41.169 ] ots: send_cnt = 4[77], ack_cnt = 4[77,10], costtime = 2988[888,882]
[23:42:41:388][11824.179000] [ DEBUG] ots_task: [23:42:41.179 ] ots: event emit[id=11,txt=ots.keeplive,ext_len=0]
[23:42:41:388][11824.189000] [ DEBUG] mi_otn: [23:42:41.189 ] ots: ots.keeplive[11] happened!
[23:42:41:404][11824.198000] [  WARN] Idle Task: bl616_pmtickless: --->>> [10]:On, [H]:13830, [15:mi_otn]
[23:42:55:262][11838.048000] [  WARN] Idle Task: bl616_pmtickless: <<<--- [R]:RTC, [R]:13839, [W]:11646, [L]:564
[23:42:55:262][11838.064000] [ DEBUG] mi_otn: [23:42:55.064 ] miio_ot: st[1775241363], dura[1800]
[23:42:55:278][11838.071000] [  WARN] Idle Task: bl616_pmtickless: --->>> [10]:On, [H]:77137, [15:mi_otn]
[23:43:26:195][11868.994000] [  WARN] Idle Task: bl616_pmtickless: <<<--- [R]:WIFI, [R]:30912, [W]:11677, [L]:564
[23:43:26:227][11869.025000] [  WARN] Idle Task: bl616_pmtickless: --->>> [10]:On, [H]:46183, [15:mi_otn]
[23:44:12:423][11915.228000] [  WARN] Idle Task: bl616_pmtickless: <<<--- [R]:RTC, [R]:46192, [W]:11722, [L]:565
[23:44:12:439][11915.241000] [  INFO] mi_otn: [23:44:12.241 ] ots: -->kplv sent.
[23:44:12:439][11915.247000] [  WARN] Idle Task: bl616_pmtickless: --->>> [10]:On, [H]:8901, [0:]
[23:44:13:095][11915.903000] [  WARN] Idle Task: bl616_pmtickless: <<<--- [R]:WIFI, [R]:646, [W]:11723, [L]:565
[23:44:13:095][11915.919000] [ DEBUG] ots_task: [23:44:12.919 ] ots: recvd 8Bytes
[23:44:13:111][11915.922000] [  INFO] ots_task: [23:44:12.922 ] ots: <--kplv ack.
[23:44:13:111][11915.928000] [ DEBUG] ots_task: [23:44:12.928 ] ots: event emit[id=11,txt=ots.keeplive,ext_len=0]
[23:44:13:111][11915.937000] [ DEBUG] ots_task: [23:44:12.937 ] ots: keeplive costtime = 693
[23:44:13:143][11915.944000] [ DEBUG] mi_otn: [23:44:12.944 ] ots: ots.keeplive[11] happened!
[23:44:13:143][11915.954000] [  WARN] Idle Task: bl616_pmtickless: --->>> [10]:On, [H]:90999, [15:mi_otn]
[23:44:18:209][11921.026000] [  WARN] Idle Task: bl616_pmtickless: <<<--- [R]:WIFI, [R]:5061, [W]:11728, [L]:565
[23:44:18:240][11921.054000] [  WARN] Idle Task: bl616_pmtickless: --->>> [10]:On, [H]:85898, [15:mi_otn]
[23:44:28:451][11931.268000] [  WARN] Idle Task: bl616_pmtickless: <<<--- [R]:WIFI, [R]:10203, [W]:11738, [L]:565
[23:44:28:486][11931.298000] [  WARN] Idle Task: bl616_pmtickless: --->>> [10]:On, [H]:75654, [15:mi_otn]
[23:45:26:626][11989.441000] [  WARN] Idle Task: bl616_pmtickless: <<<--- [R]:WIFI, [R]:58132, [W]:11795, [L]:566
[23:45:26:642][11989.471000] [  WARN] Idle Task: bl616_pmtickless: --->>> [10]:On, [H]:17481, [15:mi_otn]
[23:45:44:134][12006.972000] [  WARN] Idle Task: bl616_pmtickless: <<<--- [R]:RTC, [R]:17490, [W]:11812, [L]:566
[23:45:44:150][12006.985000] [  INFO] mi_otn: [23:45:43.985 ] ots: -->kplv sent.
[23:45:44:166][12006.991000] [  WARN] Idle Task: bl616_pmtickless: --->>> [10]:On, [H]:23993, [1174644928:]
[23:45:45:049][12007.880000] [  WARN] Idle Task: bl616_pmtickless: <<<--- [R]:WIFI, [R]:878, [W]:11813, [L]:566
[23:45:45:049][12007.898000] [ DEBUG] ots_task: [23:45:44.898 ] ots: recvd 8Bytes
[23:45:45:065][12007.901000] [  INFO] ots_task: [23:45:44.901 ] ots: <--kplv ack.
[23:45:45:065][12007.907000] [ DEBUG] ots_task: [23:45:44.907 ] ots: event emit[id=11,txt=ots.keeplive,ext_len=0]
[23:45:45:081][12007.916000] [ DEBUG] ots_task: [23:45:44.916 ] ots: keeplive costtime = 928
[23:45:45:081][12007.923000] [ DEBUG] mi_otn: [23:45:44.923 ] ots: ots.keeplive[11] happened!
[23:45:45:097][12007.932000] [  WARN] Idle Task: bl616_pmtickless: --->>> [10]:On, [H]:71145, [19:netMonitorTask]
[23:45:50:176][12013.002000] [  WARN] Idle Task: bl616_pmtickless: <<<--- [R]:WIFI, [R]:5058, [W]:11818, [L]:566
[23:45:50:208][12013.035000] [  WARN] Idle Task: bl616_pmtickless: --->>> [10]:On, [H]:66042, [19:netMonitorTask]
[23:46:27:036][12049.873000] [  WARN] Idle Task: bl616_pmtickless: <<<--- [R]:WIFI, [R]:36826, [W]:11854, [L]:566
[23:46:27:068][12049.908000] [  WARN] Idle Task: bl616_pmtickless: --->>> [10]:On, [H]:29169, [19:netMonitorTask]
[23:46:56:242][12079.097000] [  WARN] Idle Task: bl616_pmtickless: <<<--- [R]:RTC, [R]:29178, [W]:11882, [L]:566
[23:46:56:258][12079.109000] [  INFO] netMonitorTask: [23:46:56.108 ] miio_monitor: work time = 12079s, memory left = 111632
[23:46:56:258][12079.116000] [ DEBUG] netMonitorTask: [23:46:56.116 ] miio_net: sta offline 0 times in last 600s
[23:46:56:290][12079.127000] [  WARN] Idle Task: bl616_pmtickless: --->>> [10]:On, [H]:19804, [15:mi_otn]
[23:47:16:098][12098.951000] [  WARN] Idle Task: bl616_pmtickless: <<<--- [R]:RTC, [R]:19813, [W]:11902, [L]:567
[23:47:16:098][12098.963000] [  INFO] mi_otn: [23:47:15.963 ] ots: -->kplv sent.
[23:47:16:114][12098.969000] [  WARN] Idle Task: bl616_pmtickless: --->>> [10]:On, [H]:23993, [1174644928:]
[23:47:17:015][12099.856000] [  WARN] Idle Task: bl616_pmtickless: <<<--- [R]:WIFI, [R]:876, [W]:11903, [L]:567
[23:47:17:015][12099.872000] [ DEBUG] ots_task: [23:47:16.872 ] ots: recvd 8Bytes
[23:47:17:015][12099.876000] [  INFO] ots_task: [23:47:16.876 ] ots: <--kplv ack.
[23:47:17:031][12099.882000] [ DEBUG] ots_task: [23:47:16.882 ] ots: event emit[id=11,txt=ots.keeplive,ext_len=0]
[23:47:17:031][12099.891000] [ DEBUG] ots_task: [23:47:16.890 ] ots: keeplive costtime = 925
[23:47:17:031][12099.898000] [ DEBUG] mi_otn: [23:47:16.898 ] ots: ots.keeplive[11] happened!
[23:47:17:064][12099.907000] [  WARN] Idle Task: bl616_pmtickless: --->>> [10]:On, [H]:90998, [15:mi_otn]
[23:47:22:122][12104.979000] [  WARN] Idle Task: bl616_pmtickless: <<<--- [R]:WIFI, [R]:5061, [W]:11908, [L]:567
[23:47:22:155][12105.010000] [  WARN] Idle Task: bl616_pmtickless: --->>> [10]:On, [H]:85895, [15:mi_otn]
[23:47:23:151][12106.005000] [  WARN] Idle Task: bl616_pmtickless: <<<--- [R]:WIFI, [R]:984, [W]:11909, [L]:567
[23:47:23:184][12106.035000] [  WARN] Idle Task: bl616_pmtickless: --->>> [10]:On, [H]:84870, [15:mi_otn]
[23:47:24:183][12107.031000] [  WARN] Idle Task: bl616_pmtickless: <<<--- [R]:WIFI, [R]:985, [W]:11910, [L]:567
[23:47:24:199][12107.063000] [  WARN] Idle Task: bl616_pmtickless: --->>> [10]:On, [H]:83842, [15:mi_otn]
[23:47:57:969][12140.830000] [  WARN] Idle Task: bl616_pmtickless: <<<--- [R]:WIFI, [R]:33756, [W]:11943, [L]:567
[23:47:58:001][12140.865000] [  WARN] Idle Task: bl616_pmtickless: --->>> [10]:On, [H]:50040, [15:mi_otn]
[23:48:20:292][12163.159000] [  WARN] Idle Task: bl616_pmtickless: <<<--- [R]:WIFI, [R]:22283, [W]:11965, [L]:568
[23:48:20:325][12163.190000] [  WARN] Idle Task: bl616_pmtickless: --->>> [10]:On, [H]:27715, [15:mi_otn]
[23:48:48:055][12190.925000] [  WARN] Idle Task: bl616_pmtickless: <<<--- [R]:RTC, [R]:27724, [W]:11992, [L]:568
[23:48:48:055][12190.937000] [  INFO] mi_otn: [23:48:47.937 ] ots: -->kplv sent.
[23:48:48:074][12190.943000] [  WARN] Idle Task: bl616_pmtickless: --->>> [10]:On, [H]:23993, [1174644928:]
[23:48:48:961][12191.837000] [  WARN] Idle Task: bl616_pmtickless: <<<--- [R]:WIFI, [R]:883, [W]:11993, [L]:568
[23:48:48:961][12191.854000] [ DEBUG] ots_task: [23:48:48.853 ] ots: recvd 8Bytes
[23:48:48:978][12191.857000] [  INFO] ots_task: [23:48:48.857 ] ots: <--kplv ack.
[23:48:48:978][12191.863000] [ DEBUG] ots_task: [23:48:48.863 ] ots: event emit[id=11,txt=ots.keeplive,ext_len=0]
[23:48:48:993][12191.872000] [ DEBUG] ots_task: [23:48:48.872 ] ots: keeplive costtime = 931
[23:48:48:993][12191.879000] [ DEBUG] mi_otn: [23:48:48.879 ] ots: ots.keeplive[11] happened!
[23:48:49:009][12191.888000] [  WARN] Idle Task: bl616_pmtickless: --->>> [10]:On, [H]:90999, [15:mi_otn]
[23:48:54:086][12196.960000] [  WARN] Idle Task: bl616_pmtickless: <<<--- [R]:WIFI, [R]:5061, [W]:11998, [L]:568
[23:48:54:118][12196.991000] [  WARN] Idle Task: bl616_pmtickless: --->>> [10]:On, [H]:85896, [15:mi_otn]
[23:49:27:879][12230.758000] [  WARN] Idle Task: bl616_pmtickless: <<<--- [R]:WIFI, [R]:33756, [W]:12031, [L]:568
[23:49:27:912][12230.786000] [  WARN] Idle Task: bl616_pmtickless: --->>> [10]:On, [H]:52101, [15:mi_otn]
[23:50:20:007][12282.907000] [  WARN] Idle Task: bl616_pmtickless: <<<--- [R]:RTC, [R]:52110, [W]:12081, [L]:568
[23:50:20:007][12282.920000] [  INFO] mi_otn: [23:50:19.920 ] ots: -->kplv sent.
[23:50:20:039][12282.926000] [  WARN] Idle Task: bl616_pmtickless: --->>> [10]:On, [H]:14047, [0:]
[23:50:20:104][12282.993000] [  WARN] Idle Task: bl616_pmtickless: <<<--- [R]:WIFI, [R]:57, [W]:12082, [L]:568
[23:50:20:104][12283.009000] [ DEBUG] ots_task: [23:50:20.009 ] ots: recvd 8Bytes
[23:50:20:104][12283.012000] [  INFO] ots_task: [23:50:20.012 ] ots: <--kplv ack.
[23:50:20:119][12283.018000] [ DEBUG] ots_task: [23:50:20.018 ] ots: event emit[id=11,txt=ots.keeplive,ext_len=0]
[23:50:20:119][12283.027000] [ DEBUG] ots_task: [23:50:20.027 ] ots: keeplive costtime = 104
[23:50:20:136][12283.034000] [ DEBUG] mi_otn: [23:50:20.034 ] ots: ots.keeplive[11] happened!
[23:50:20:152][12283.043000] [  WARN] Idle Task: bl616_pmtickless: --->>> [10]:On, [H]:90999, [15:mi_otn]
[23:50:25:215][12288.115000] [  WARN] Idle Task: bl616_pmtickless: <<<--- [R]:WIFI, [R]:5061, [W]:12087, [L]:568
[23:50:25:247][12288.143000] [  WARN] Idle Task: bl616_pmtickless: --->>> [10]:On, [H]:85899, [15:mi_otn]
[23:50:27:265][12290.165000] [  WARN] Idle Task: bl616_pmtickless: <<<--- [R]:WIFI, [R]:2011, [W]:12089, [L]:568
[23:50:27:297][12290.200000] [  WARN] Idle Task: bl616_pmtickless: --->>> [10]:On, [H]:83842, [15:mi_otn]
[23:50:59:016][12321.917000] [  WARN] Idle Task: bl616_pmtickless: <<<--- [R]:WIFI, [R]:31706, [W]:12120, [L]:568
[23:50:59:050][12321.946000] [  WARN] Idle Task: bl616_pmtickless: --->>> [10]:On, [H]:52096, [15:mi_otn]
[23:51:28:514][12351.415000] [  WARN] Idle Task: bl616_pmtickless: <<<--- [R]:WIFI, [R]:29458, [W]:12149, [L]:569
[23:51:28:530][12351.443000] [  WARN] Idle Task: bl616_pmtickless: --->>> [10]:On, [H]:22599, [15:mi_otn]
[23:51:51:142][12374.062000] [  WARN] Idle Task: bl616_pmtickless: <<<--- [R]:RTC, [R]:22608, [W]:12171, [L]:569
[23:51:51:142][12374.075000] [  INFO] mi_otn: [23:51:51.075 ] ots: -->kplv sent.
[23:51:51:174][12374.081000] [  WARN] Idle Task: bl616_pmtickless: --->>> [10]:On, [H]:5044, [19:netMonitorTask]
[23:51:52:062][12374.971000] [  WARN] Idle Task: bl616_pmtickless: <<<--- [R]:WIFI, [R]:879, [W]:12172, [L]:569
[23:51:52:062][12374.989000] [ DEBUG] ots_task: [23:51:51.989 ] ots: recvd 8Bytes
[23:51:52:062][12374.992000] [  INFO] ots_task: [23:51:51.992 ] ots: <--kplv ack.
[23:51:52:078][12374.998000] [ DEBUG] ots_task: [23:51:51.998 ] ots: event emit[id=11,txt=ots.keeplive,ext_len=0]
[23:51:52:078][12375.007000] [ DEBUG] ots_task: [23:51:52.007 ] ots: keeplive costtime = 929
[23:51:52:093][12375.014000] [ DEBUG] mi_otn: [23:51:52.014 ] ots: ots.keeplive[11] happened!
[23:51:52:109][12375.024000] [  WARN] Idle Task: bl616_pmtickless: --->>> [10]:On, [H]:4102, [19:netMonitorTask]
[23:51:56:212][12379.146000] [  WARN] Idle Task: bl616_pmtickless: <<<--- [R]:RTC, [R]:4111, [W]:12176, [L]:569
[23:51:56:228][12379.157000] [  INFO] netMonitorTask: [23:51:56.157 ] miio_monitor: work time = 12379s, memory left = 111632
[23:51:56:244][12379.164000] [ DEBUG] netMonitorTask: [23:51:56.164 ] miio_net: sta offline 0 times in last 600s
[23:51:56:260][12379.176000] [  WARN] Idle Task: bl616_pmtickless: --->>> [10]:On, [H]:58894, [15:mi_otn]
[23:51:57:273][12380.199000] [  WARN] Idle Task: bl616_pmtickless: <<<--- [R]:WIFI, [R]:1012, [W]:12177, [L]:569
[23:51:57:322][12380.235000] [  WARN] Idle Task: bl616_pmtickless: --->>> [10]:On, [H]:57834, [15:mi_otn]
[23:52:19:804][12402.731000] [  WARN] Idle Task: bl616_pmtickless: <<<--- [R]:WIFI, [R]:22485, [W]:12199, [L]:569
[23:52:19:835][12402.762000] [  WARN] Idle Task: bl616_pmtickless: --->>> [10]:On, [H]:35307, [15:mi_otn]
[23:52:22:885][12405.808000] [  WARN] Idle Task: bl616_pmtickless: <<<--- [R]:WIFI, [R]:3035, [W]:12202, [L]:569
[23:52:22:918][12405.841000] [  WARN] Idle Task: bl616_pmtickless: --->>> [10]:On, [H]:32228, [15:mi_otn]
[23:52:27:999][12410.929000] [  WARN] Idle Task: bl616_pmtickless: <<<--- [R]:WIFI, [R]:5077, [W]:12207, [L]:569
[23:52:28:031][12410.964000] [  WARN] Idle Task: bl616_pmtickless: --->>> [10]:On, [H]:27105, [15:mi_otn]
[23:52:33:122][12416.051000] [  WARN] Idle Task: bl616_pmtickless: <<<--- [R]:WIFI, [R]:5076, [W]:12212, [L]:569
[23:52:33:153][12416.079000] [  WARN] Idle Task: bl616_pmtickless: --->>> [10]:On, [H]:21990, [15:mi_otn]
[23:52:41:314][12424.246000] [  WARN] Idle Task: bl616_pmtickless: <<<--- [R]:WIFI, [R]:8156, [W]:12220, [L]:569
[23:52:41:347][12424.281000] [  WARN] Idle Task: bl616_pmtickless: --->>> [10]:On, [H]:13789, [15:mi_otn]
[23:52:53:607][12436.537000] [  WARN] Idle Task: bl616_pmtickless: <<<--- [R]:WIFI, [R]:12245, [W]:12232, [L]:569
[23:52:53:639][12436.573000] [  WARN] Idle Task: bl616_pmtickless: --->>> [10]:On, [H]:1496, [15:mi_otn]
[23:52:55:154][12438.089000] [  WARN] Idle Task: bl616_pmtickless: <<<--- [R]:RTC, [R]:1505, [W]:12233, [L]:569
[23:52:55:154][12438.105000] [ DEBUG] mi_otn: [23:52:55.105 ] miio_ot: st[1775241363], dura[1800]
[23:52:55:170][12438.112000] [  WARN] Idle Task: bl616_pmtickless: --->>> [10]:On, [H]:27922, [15:mi_otn]
[23:53:14:084][12457.025000] [  WARN] Idle Task: bl616_pmtickless: <<<--- [R]:WIFI, [R]:18902, [W]:12252, [L]:569
[23:53:14:116][12457.055000] [  WARN] Idle Task: bl616_pmtickless: --->>> [10]:On, [H]:8979, [15:mi_otn]
[23:53:23:103][12466.053000] [  WARN] Idle Task: bl616_pmtickless: <<<--- [R]:RTC, [R]:8988, [W]:12260, [L]:569
[23:53:23:103][12466.066000] [  INFO] mi_otn: [23:53:23.066 ] ots: -->kplv sent.
[23:53:23:120][12466.072000] [  WARN] Idle Task: bl616_pmtickless: --->>> [10]:On, [H]:23993, [1174644928:]
[23:53:23:297][12466.244000] [  WARN] Idle Task: bl616_pmtickless: <<<--- [R]:WIFI, [R]:161, [W]:12261, [L]:569
[23:53:23:302][12466.260000] [ DEBUG] ots_task: [23:53:23.260 ] ots: recvd 8Bytes
[23:53:23:313][12466.264000] [  INFO] ots_task: [23:53:23.264 ] ots: <--kplv ack.
[23:53:23:313][12466.270000] [ DEBUG] ots_task: [23:53:23.270 ] ots: event emit[id=11,txt=ots.keeplive,ext_len=0]
[23:53:23:313][12466.279000] [ DEBUG] ots_task: [23:53:23.279 ] ots: keeplive costtime = 210
[23:53:23:345][12466.286000] [ DEBUG] mi_otn: [23:53:23.286 ] ots: ots.keeplive[11] happened!
[23:53:23:345][12466.295000] [  WARN] Idle Task: bl616_pmtickless: --->>> [10]:On, [H]:90999, [15:mi_otn]
[23:53:28:421][12471.367000] [  WARN] Idle Task: bl616_pmtickless: <<<--- [R]:WIFI, [R]:5061, [W]:12266, [L]:569
[23:53:28:458][12471.398000] [  WARN] Idle Task: bl616_pmtickless: --->>> [10]:On, [H]:85896, [15:mi_otn]
[23:53:50:938][12493.899000] [  WARN] Idle Task: bl616_pmtickless: <<<--- [R]:WIFI, [R]:22490, [W]:12288, [L]:569
[23:53:50:970][12493.929000] [  WARN] Idle Task: bl616_pmtickless: --->>> [10]:On, [H]:63365, [15:mi_otn]
[23:53:51:967][12494.925000] [  WARN] Idle Task: bl616_pmtickless: <<<--- [R]:WIFI, [R]:985, [W]:12289, [L]:569
[23:53:51:999][12494.959000] [  WARN] Idle Task: bl616_pmtickless: --->>> [10]:On, [H]:62335, [15:mi_otn]
[23:53:55:038][12497.999000] [  WARN] Idle Task: bl616_pmtickless: <<<--- [R]:WIFI, [R]:3029, [W]:12292, [L]:569
[23:53:55:070][12498.028000] [  WARN] Idle Task: bl616_pmtickless: --->>> [10]:On, [H]:59266, [15:mi_otn]
[23:53:59:141][12502.097000] [  WARN] Idle Task: bl616_pmtickless: <<<--- [R]:WIFI, [R]:4058, [W]:12296, [L]:569
[23:53:59:173][12502.127000] [  WARN] Idle Task: bl616_pmtickless: --->>> [10]:On, [H]:55168, [15:mi_otn]
[23:54:29:651][12532.619000] [  WARN] Idle Task: bl616_pmtickless: <<<--- [R]:WIFI, [R]:30481, [W]:12326, [L]:570
[23:54:29:683][12532.651000] [  WARN] Idle Task: bl616_pmtickless: --->>> [10]:On, [H]:24643, [15:mi_otn]
[23:54:54:330][12557.314000] [  WARN] Idle Task: bl616_pmtickless: <<<--- [R]:RTC, [R]:24652, [W]:12350, [L]:570
[23:54:54:350][12557.326000] [  INFO] mi_otn: [23:54:54.326 ] ots: -->kplv sent.
[23:54:54:363][12557.332000] [  WARN] Idle Task: bl616_pmtickless: --->>> [10]:On, [H]:23993, [1174644928:]
[23:54:55:246][12558.225000] [  WARN] Idle Task: bl616_pmtickless: <<<--- [R]:WIFI, [R]:882, [W]:12351, [L]:570
[23:54:55:262][12558.243000] [ DEBUG] ots_task: [23:54:55.242 ] ots: recvd 8Bytes
[23:54:55:262][12558.246000] [  INFO] ots_task: [23:54:55.246 ] ots: <--kplv ack.
[23:54:55:279][12558.252000] [ DEBUG] ots_task: [23:54:55.252 ] ots: event emit[id=11,txt=ots.keeplive,ext_len=0]
[23:54:55:279][12558.261000] [ DEBUG] ots_task: [23:54:55.261 ] ots: keeplive costtime = 931
[23:54:55:279][12558.268000] [ DEBUG] mi_otn: [23:54:55.268 ] ots: ots.keeplive[11] happened!
[23:54:55:311][12558.277000] [  WARN] Idle Task: bl616_pmtickless: --->>> [10]:On, [H]:42433, [7:WPA]
[23:55:00:174][12563.147000] [  WARN] Idle Task: bl616_pmtickless: <<<--- [R]:WIFI, [R]:4859, [W]:12356, [L]:571
[23:55:00:204][12563.186000] [  WARN] Idle Task: bl616_pmtickless: --->>> [10]:On, [H]:37525, [7:WPA]
[23:55:05:294][12568.266000] [  WARN] Idle Task: bl616_pmtickless: <<<--- [R]:WIFI, [R]:5070, [W]:12361, [L]:571
[23:55:05:326][12568.298000] [  WARN] Idle Task: bl616_pmtickless: --->>> [10]:On, [H]:32412, [7:WPA]
[23:55:37:741][12600.730000] [  WARN] Idle Task: bl616_pmtickless: <<<--- [R]:RTC, [R]:32421, [W]:12392, [L]:572
[23:55:37:758][12600.741000] [  WARN] Idle Task: bl616_pmtickless: --->>> [10]:On, [H]:11195, [20:mi_mcmd]
[23:55:48:976][12611.956000] [  WARN] Idle Task: bl616_pmtickless: <<<--- [R]:RTC, [R]:11204, [W]:12403, [L]:572
[23:55:48:976][12611.970000] [  WARN] Idle Task: bl616_pmtickless: --->>> [10]:On, [H]:37306, [15:mi_otn]
[23:55:59:972][12622.962000] [  WARN] Idle Task: bl616_pmtickless: <<<--- [R]:WIFI, [R]:10981, [W]:12415, [L]:574
[23:56:00:004][12622.993000] [  WARN] Idle Task: bl616_pmtickless: --->>> [10]:On, [H]:26283, [15:mi_otn]
[23:56:26:297][12649.296000] [  WARN] Idle Task: bl616_pmtickless: <<<--- [R]:RTC, [R]:26292, [W]:12440, [L]:574
[23:56:26:297][12649.309000] [  INFO] mi_otn: [23:56:26.309 ] ots: -->kplv sent.
[23:56:26:323][12649.315000] [  WARN] Idle Task: bl616_pmtickless: --->>> [10]:On, [H]:18964, [0:]
[23:56:27:421][12650.414000] [  WARN] Idle Task: bl616_pmtickless: <<<--- [R]:WIFI, [R]:1088, [W]:12442, [L]:575
[23:56:27:421][12650.429000] [ DEBUG] ots_task: [23:56:27.429 ] ots: recvd 8Bytes
[23:56:27:421][12650.433000] [  INFO] ots_task: [23:56:27.432 ] ots: <--kplv ack.
[23:56:27:437][12650.438000] [ DEBUG] ots_task: [23:56:27.438 ] ots: event emit[id=11,txt=ots.keeplive,ext_len=0]
[23:56:27:437][12650.447000] [ DEBUG] ots_task: [23:56:27.447 ] ots: keeplive costtime = 1134
[23:56:27:453][12650.455000] [ DEBUG] mi_otn: [23:56:27.455 ] ots: ots.keeplive[11] happened!
[23:56:27:469][12650.464000] [  WARN] Idle Task: bl616_pmtickless: --->>> [10]:On, [H]:28710, [19:netMonitorTask]
[23:56:31:506][12654.512000] [  WARN] Idle Task: bl616_pmtickless: <<<--- [R]:WIFI, [R]:4037, [W]:12446, [L]:575
[23:56:31:538][12654.543000] [  WARN] Idle Task: bl616_pmtickless: --->>> [10]:On, [H]:24631, [19:netMonitorTask]
[23:56:56:180][12679.195000] [  WARN] Idle Task: bl616_pmtickless: <<<--- [R]:RTC, [R]:24640, [W]:12470, [L]:575
[23:56:56:196][12679.206000] [  INFO] netMonitorTask: [23:56:56.206 ] miio_monitor: work time = 12679s, memory left = 111632
[23:56:56:196][12679.214000] [ DEBUG] netMonitorTask: [23:56:56.214 ] miio_net: sta offline 0 times in last 600s
[23:56:56:212][12679.225000] [  WARN] Idle Task: bl616_pmtickless: --->>> [10]:On, [H]:62237, [15:mi_otn]
[23:57:19:738][12702.750000] [  WARN] Idle Task: bl616_pmtickless: <<<--- [R]:WIFI, [R]:23514, [W]:12493, [L]:575
[23:57:19:770][12702.778000] [  WARN] Idle Task: bl616_pmtickless: --->>> [10]:On, [H]:38684, [15:mi_otn]
[23:57:58:474][12741.482000] [  WARN] Idle Task: bl616_pmtickless: <<<--- [R]:RTC, [R]:38693, [W]:12531, [L]:577
[23:57:58:474][12741.495000] [  INFO] mi_otn: [23:57:58.495 ] ots: -->kplv sent.
[23:57:58:490][12741.501000] [  WARN] Idle Task: bl616_pmtickless: --->>> [10]:On, [H]:23993, [1174644928:]
[23:57:59:263][12742.285000] [  WARN] Idle Task: bl616_pmtickless: <<<--- [R]:WIFI, [R]:773, [W]:12532, [L]:577
[23:57:59:279][12742.306000] [ DEBUG] ots_task: [23:57:59.306 ] ots: recvd 8Bytes
[23:57:59:279][12742.309000] [  INFO] ots_task: [23:57:59.309 ] ots: <--kplv ack.
[23:57:59:295][12742.315000] [ DEBUG] ots_task: [23:57:59.315 ] ots: event emit[id=11,txt=ots.keeplive,ext_len=0]
[23:57:59:295][12742.324000] [ DEBUG] ots_task: [23:57:59.324 ] ots: keeplive costtime = 826
[23:57:59:295][12742.332000] [ DEBUG] mi_otn: [23:57:59.331 ] ots: ots.keeplive[11] happened!
[23:57:59:327][12742.341000] [  WARN] Idle Task: bl616_pmtickless: --->>> [10]:On, [H]:90998, [15:mi_otn]
[23:58:04:381][12747.409000] [  WARN] Idle Task: bl616_pmtickless: <<<--- [R]:WIFI, [R]:5057, [W]:12537, [L]:577
[23:58:04:413][12747.439000] [  WARN] Idle Task: bl616_pmtickless: --->>> [10]:On, [H]:85900, [15:mi_otn]
[23:59:01:531][12804.557000] [  WARN] Idle Task: bl616_pmtickless: <<<--- [R]:WIFI, [R]:57107, [W]:12593, [L]:578
[23:59:01:563][12804.590000] [  WARN] Idle Task: bl616_pmtickless: --->>> [10]:On, [H]:28749, [15:mi_otn]
[23:59:25:286][12828.319000] [  WARN] Idle Task: bl616_pmtickless: <<<--- [R]:WIFI, [R]:23718, [W]:12617, [L]:581
[23:59:25:325][12828.348000] [  WARN] Idle Task: bl616_pmtickless: --->>> [10]:On, [H]:4991, [15:mi_otn]
[23:59:30:311][12833.359000] [  WARN] Idle Task: bl616_pmtickless: <<<--- [R]:RTC, [R]:5000, [W]:12621, [L]:581
[23:59:30:341][12833.372000] [  INFO] mi_otn: [23:59:30.371 ] ots: -->kplv sent.
[23:59:30:341][12833.377000] [  WARN] Idle Task: bl616_pmtickless: --->>> [10]:On, [H]:23993, [1174644928:]
[23:59:30:405][12833.444000] [  WARN] Idle Task: bl616_pmtickless: <<<--- [R]:WIFI, [R]:55, [W]:12622, [L]:581
[23:59:30:405][12833.460000] [ DEBUG] ots_task: [23:59:30.459 ] ots: recvd 8Bytes
[23:59:30:424][12833.463000] [  INFO] ots_task: [23:59:30.463 ] ots: <--kplv ack.
[23:59:30:424][12833.469000] [ DEBUG] ots_task: [23:59:30.469 ] ots: event emit[id=11,txt=ots.keeplive,ext_len=0]
[23:59:30:424][12833.478000] [ DEBUG] ots_task: [23:59:30.478 ] ots: keeplive costtime = 103
[23:59:30:453][12833.485000] [ DEBUG] mi_otn: [23:59:30.485 ] ots: ots.keeplive[11] happened!
[23:59:30:453][12833.494000] [  WARN] Idle Task: bl616_pmtickless: --->>> [10]:On, [H]:90999, [15:mi_otn]
[23:59:35:522][12838.567000] [  WARN] Idle Task: bl616_pmtickless: <<<--- [R]:WIFI, [R]:5062, [W]:12627, [L]:581
[23:59:35:555][12838.595000] [  WARN] Idle Task: bl616_pmtickless: --->>> [10]:On, [H]:85898, [15:mi_otn]
[23:59:36:552][12839.592000] [  WARN] Idle Task: bl616_pmtickless: <<<--- [R]:WIFI, [R]:986, [W]:12628, [L]:581
[23:59:36:584][12839.620000] [  WARN] Idle Task: bl616_pmtickless: --->>> [10]:On, [H]:84873, [15:mi_otn]
