[20:25:13:946][20260403_20:25:13]
[20:25:29:860][    0.020000] [  INFO] nsh_main: Reset cause: POWER OFF
[20:25:29:860][    0.023000] [  INFO] nsh_main: Active Partition[0] consumed 596 Bytes
[20:25:29:860][    0.028000] [  INFO] nsh_main: Loaded app from partition /dev/fw1, offset 0x10000 size 0x180000
[20:25:29:876][    0.037000] [  INFO] nsh_main: magicCode 0x54504642; version 0x0000; entryCnt 6; age 0; crc32 0xD9834983
[20:25:29:876][    0.046000] [  INFO] nsh_main: idx type dev act  name     Addr0      Addr1      Len0       Len1       age
[20:25:29:894][    0.056000] [  INFO] nsh_main: [00] 16   0   0   Boot2    0x00000000 0x00000000 0x0000e000 0x00000000 0    
[20:25:29:907][    0.066000] [  INFO] nsh_main: [01] 0    0   0   FW       0x00010000 0x00190000 0x00180000 0x00180000 0    
[20:25:29:907][    0.076000] [  INFO] nsh_main: [02] 10   0   0   mfg      0x00190000 0x00000000 0x00180000 0x00000000 0    
[20:25:29:923][    0.085000] [  INFO] nsh_main: [03] 3    0   0   Ota      0x00310000 0x00000000 0x000dd000 0x00000000 0    
[20:25:29:939][    0.095000] [  INFO] nsh_main: [04] 2    0   0   Data     0x003ed000 0x00000000 0x00010000 0x00000000 0    
[20:25:29:939][    0.105000] [  INFO] nsh_main: [05] 4    0   0   Reserve  0x003fd000 0x00000000 0x00003000 0x00000000 0    
[20:25:29:955][    0.119000] [  INFO] nsh_main: rfparam>>pwr_mode is bf
[20:25:29:955][    0.122000] [  INFO] nsh_main: Empty slot:1
[20:25:29:971][    0.126000] [  INFO] nsh_main: rfparam>>efuse wlan pwr_offset[14]: -1,-1,-1,-1,0,0,0,0,0,0,0,0,-1,0
[20:25:29:971][    0.135000] [  INFO] nsh_main: rfparam>>tlv wlan pwr_offset[14]: 0,0,0,0,0,0,0,0,0,0,0,0,0,0
[20:25:29:987][    0.143000] [  INFO] nsh_main: rfparam>>wlan pwr_offset[14]: -1,-1,-1,-1,0,0,0,0,0,0,0,0,-1,0
[20:25:29:987][    0.152000] [  INFO] nsh_main: Empty slot:1
[20:25:29:987][    0.156000] [  INFO] nsh_main: rfparam>>efuse wlan lp pwr_offset[14]: 1,2,2,3,3,4,4,4,4,4,4,3,2,3
[20:25:30:003][    0.165000] [  INFO] nsh_main: rfparam>>tlv wlan lp pwr_offset[14]: 0,0,0,0,0,0,0,0,0,0,0,0,0,0
[20:25:30:003][    0.174000] [  INFO] nsh_main: rfparam>>wlan lp pwr_offset[14]: 1,2,2,3,3,4,4,4,4,4,4,3,2,3
[20:25:30:019][    0.182000] [  INFO] nsh_main: Empty slot:1
[20:25:30:019][    0.186000] [  INFO] nsh_main: rfparam>>efuse bz pwr_offset[5]: -2,0,0,1,-1
[20:25:30:035][    0.193000] [  INFO] nsh_main: rfparam>>tlv bz pwr_offset[5]: 0,0,0,0,0
[20:25:30:035][    0.200000] [  INFO] nsh_main: rfparam>>bz pwr_offset[5]: -2,0,0,1,-1
[20:25:30:035][    0.206000] [  INFO] nsh_main: rfparam>>pwr_11b[4]: 19,19,19,19
[20:25:30:051][    0.212000] [  INFO] nsh_main: rfparam>>pwr_11g[8]: 19,19,18,18,18,18,18,18
[20:25:30:051][    0.219000] [  INFO] nsh_main: rfparam>>pwr_11n_ht20[8]: 19,19,18,18,17,17,17,17
[20:25:30:067][    0.226000] [  INFO] nsh_main: rfparam>>pwr_11n_ht40[8]: 19,19,18,18,17,17,17,17
[20:25:30:067][    0.234000] [  INFO] nsh_main: rfparam>>pwr_11ac_vht20[10]: 19,19,18,18,17,17,17,17,15,15
[20:25:30:083][    0.242000] [  INFO] nsh_main: rfparam>>pwr_11ac_vht40[10]: 19,19,18,18,17,17,17,17,15,15
[20:25:30:083][    0.250000] [  INFO] nsh_main: rfparam>>pwr_11ax_he20[12]: 19,19,18,18,17,17,17,17,15,15,13,13
[20:25:30:099][    0.259000] [  INFO] nsh_main: rfparam>>pwr_11ax_he40[12]: 18,18,17,17,16,16,16,16,14,14,12,12
[20:25:30:099][    0.267000] [  INFO] nsh_main: rfparam>>capcode mode is MF
[20:25:30:099][    0.273000] [  INFO] nsh_main: Empty slot:1
[20:25:30:115][    0.277000] [  INFO] nsh_main: rfparam>>efuse capcode_in 34,capcode_out 34
[20:25:30:115][    0.284000] [  INFO] nsh_main: rfparam>>capcode_in 34,capcode_out 34
[20:25:30:131][    0.290000] [  INFO] nsh_main: rfparam>>tcal.en_tcal = 0
[20:25:30:131][    0.295000] [  INFO] nsh_main: rfparam>>tcal.linear_or_follow = 1
[20:25:30:131][    0.301000] [  INFO] nsh_main: rfparam>>tcal.Tchannels[5]: 2412,2427,2442,2457,2472
[20:25:30:147][    0.309000] [  INFO] nsh_main: rfparam>>tcal.Tchannel_os[5]: 180,168,163,160,157
[20:25:30:147][    0.316000] [  INFO] nsh_main: rfparam>>tcal.Tchannel_os_low[5]: 199,186,170,165,160
[20:25:30:163][    0.324000] [  INFO] nsh_main: rfparam>>tcal.Troom_os = -1
[20:25:30:163][    0.329000] [  INFO] nsh_main: rfparam>>pwr_ble = 13 
[20:25:30:163][    0.335000] [  INFO] nsh_main: rfparam>>pwr_bt[3]: 10,8,8
[20:25:30:179][    0.340000] [  INFO] nsh_main: rfparam>>pwr_zigbee = 13 
[20:25:30:179][    0.345000] [  INFO] nsh_main: rfparam>>country_code = 86 
[20:25:30:179][    0.351000] [  INFO] nsh_main: rfparam>>en_tcap = 0 
[20:25:30:196][    0.356000] [  INFO] nsh_main: rfparam>>tcap_tsen[10]: -3,-4,20,39,39,40,41,42,43,44
[20:25:30:211][    0.363000] [  INFO] nsh_main: rfparam>>tcap_cap[11]: 28,29,30,31,32,33,34,35,36,37,38
[20:25:30:325][    0.491000] [ DEBUG] xtal32k_trim: xtal32k_check_entry task enable, freq_mtimer must be 1MHz!
[20:25:30:341][    0.498000] [ DEBUG] xtal32k_trim: xtal32k_check: delay 100 ms
[20:25:30:341][    0.503000] [  INFO] nsh_main: bl616_wifi_adapter_init: Starting wifi ...
[20:25:30:341][    0.513000] [ DEBUG] WPA: WPA task started
[20:25:30:356][    0.514000] [  INFO] WPA: bl616_wifi_event_handler: [APP] [WIFI] CODE_WIFI_ON_MGMR_DONE
[20:25:30:372][    0.523000] [ DEBUG] wifi_fw: get sta mac: c4:93:bb:ad:c8:29
[20:25:30:372][    0.528000] [ DEBUG] wifi_fw: get ap mac: c4:93:bb:ad:c8:29
[20:25:30:372][    0.537000] [  INFO] wifi_fw: bl616_wifi_event_handler: [APP] [WIFI] CODE_WIFI_ON_INIT_DONE
[20:25:30:372][    0.543000] [ DEBUG] wifi_mgmr: wifi_mgmr_set_country_code:code = CN
[20:25:30:388][    0.549000] [  INFO] wifi_mgmr: bl616_wifi_event_handler: [APP] [WIFI] CODE_WIFI_ON_MGMR_DONE
[20:25:30:388][    0.558000] [  INFO] nsh_main: bl616_wlan_sta_initialize: Wi-Fi station MAC: C4:93:BB:AD:C8:29
[20:25:30:404][    0.566000] [  INFO] nsh_main: bl616_net_initialize: INFO: Initialize Wi-Fi adapter No.0 success
[20:25:30:404][    0.577000] [  INFO] nsh_main: wlan_ifup: Bringing up: 0.0.0.0
[20:25:30:404]ifup wlan0...OK
[20:25:30:404]miio_client [11:100]
[20:25:30:420]NSH auto exit.
[20:25:30:438][    0.593000] [  INFO] miio_client: [08:00:00.593 ] miio_instance: skip auto_recovery...
[20:25:30:438][    0.605000] [ DEBUG] xtal32k_trim: xtal32k_check: start check
[20:25:30:452][    0.611000] [  INFO] miio_client: [08:00:00.611 ] miio_client_func: /dev/gpio4 wakeup register succeed[7].
[20:25:30:452][    0.618000] [  INFO] miio_client: [08:00:00.618 ] miio_client_func:  count = 0, fd: 7
[20:25:30:468][    0.622000] [  INFO] xtal32k_trim: xtal32k_check: success!, total time:130ms
[20:25:30:468][    0.633000] [  INFO] xtal32k_trim: select xtal32k
[20:25:30:468][    0.638000] [  INFO] miio_client: [08:00:00.638 ] miio_client_func: OT agent listen fd: 4
[20:25:30:484][    0.646000] [  INFO] miio_client: [08:00:00.646 ] miio_client_func: BT conn listen fd: 5
[20:25:30:484][    0.654000] [  INFO] miio_client: [08:00:00.654 ] miio_client_func: netlink listen fd: 6
[20:25:30:500][    0.662000] [  INFO] miio_client: [08:00:00.662 ] miio_client: pollfds[0]: 7
[20:25:30:500][    0.669000] [  INFO] miio_client: [08:00:00.669 ] miio_client: pollfds[1]: 4
[20:25:30:516][    0.676000] [  INFO] miio_client: [08:00:00.676 ] miio_client: pollfds[2]: 5
[20:25:30:516][    0.683000] [  INFO] miio_client: [08:00:00.683 ] miio_client: pollfds[3]: 6
[20:25:30:548][    0.695000] [ EMERG] miio_client: [E]: psm get coredump_flag failed!
[20:25:30:548][    0.702000] [  WARN] miio_client: [08:00:00.702 ] miio_instance: sn is not exist.
[20:25:30:564][    0.729000] [  INFO] miio_client: [08:00:00.729 ] miio_ot: httpdns enabled
[20:25:30:564][    0.738000] [  INFO] miio_client: [08:00:00.738 ] miio_pm: pm_config: 1
[20:25:30:580][    0.742000] [  INFO] miio_client: [08:00:00.742 ] miio_pm: pm_config: low power
[20:25:30:580][    0.750000] [  INFO] miio_client: bl616_wifi_sta_dtim: set dtim: 10
[20:25:30:596][    0.756000] [  INFO] miio_client: [08:00:00.756 ] arch_wifi: set dtim 10 successfully!
[20:25:30:596][    0.768000] [  WARN] miio_client: [08:00:00.768 ] miio_pm_uart: not support uart power mode setting !
[20:25:30:612][    0.776000] [  INFO] miio_client: [08:00:00.775 ] arch_wifi: set powersave off ok!
[20:25:30:612][    0.782000] [  INFO] miio_client: [08:00:00.782 ] arch_pm: pm_mode switch to 1 succeed!
[20:25:30:628][    0.790000] [  INFO] miio_client: [08:00:00.790 ] miio_pm: lock_status: 1, lock[0]
[20:25:30:628][    0.797000] [  INFO] miio_client: [08:00:00.797 ] miio_net: miio monitor switch to high power!
[20:25:30:660][    0.806000] [  INFO] miio_client: [08:00:00.806 ] miio_net: Set Startup time: 806
[20:25:30:677][    0.834000] [  INFO] miio_client: [08:00:00.834 ] miio_wifi: cc=CN, schan=1, nchan=13, max_tx_dbm=0
[20:25:30:692][    0.854000] [ EMERG] miio_client: 
[20:25:30:692]
[20:25:30:692][    0.855000] [ EMERG] miio_client: _|      _|  _|_|_|  _|_|_|    _|_|  
[20:25:30:692][    0.861000] [ EMERG] miio_client: _|_|  _|_|    _|      _|    _|    _|
[20:25:30:708][    0.868000] [ EMERG] miio_client: _|  _|  _|    _|      _|    _|    _|
[20:25:30:708][    0.874000] [ EMERG] miio_client: _|      _|    _|      _|    _|    _|
[20:25:30:708][    0.881000] [ EMERG] miio_client: _|      _|  _|_|_|  _|_|_|    _|_|  
[20:25:30:724][    0.887000] [ EMERG] miio_client: JENKINS BUILD NUMBER: N/A
[20:25:30:724][    0.893000] [ EMERG] miio_client: BUILD TIME: Jan 27 2026,18:27:07
[20:25:30:724][    0.899000] [ EMERG] miio_client: BUILT BY: N/A.
[20:25:30:741][    0.904000] [ EMERG] miio_client: MIIO APP VER: 1.0.3
[20:25:30:741][    0.909000] [ EMERG] miio_client: SECURE BOOT NOT SUPPORT
[20:25:30:757][    0.916000] [ EMERG] miio_client: MIIO MCU VER: 
[20:25:30:757][    0.919000] [ EMERG] miio_client: MIIO DID: 821847588
[20:25:30:757][    0.924000] [ EMERG] miio_client: MIIO WIFI MAC: c493bbadc829
[20:25:30:773][    0.932000] [ EMERG] miio_client: MIIO MODEL: xiaomi.dev.bl3
[20:25:30:773][    0.937000] [ EMERG] miio_client: ARCH TYPE: BL616-BL3,0x00000001
[20:25:30:773][    0.941000] [ EMERG] miio_client: ARCH VER      : 0.0.0-8f8e516b30-dirty
[20:25:30:789][    0.949000] [ EMERG] miio_client: FLASH INFO: manufacturer(0xc8), memory type(0x60), capacity(0x16)
[20:25:30:789][    0.963000] [  WARN] netMonitorTask: [08:00:00.963 ] miio_net_analyse: no offline info this boot
[20:25:30:805][    0.969000] [NOTICE] netMonitorTask: [08:00:00.969 ] miio_net: Wifi station started
[20:25:30:821][    0.978000] [  INFO] netMonitorTask: bl616_wifi_sta_freq: set channel: 6, freq: 2437
[20:25:30:821][    0.985000] [  INFO] netMonitorTask: bl616_wifi_sta_connect: connect ssid:Xiaomi_be3600
[20:25:30:837][    0.993000] [  INFO] netMonitorTask: bl616_wifi_sta_connect: connect bssid:42:ee:97:f0:4c:60
[20:25:30:837][    1.001000] [  INFO] netMonitorTask: bl616_wifi_sta_connect: connect channel:6
[20:25:30:853][    1.008000] [  INFO] netMonitorTask: bl616_wifi_sta_connect: PTA 2 -> 4, window 8 interval 160
[20:25:30:869][    1.017000] [  INFO] netMonitorTask: platform_hook_prevent_sleep: event: CONNECT, prevent: 1
[20:25:30:885][    1.036000] [  INFO] wifi_driver: platform_hook_prevent_sleep: event: SCAN, prevent: 1
[20:25:31:014][    1.168000] [  INFO] wifi_driver: platform_hook_prevent_sleep: event: SCAN, prevent: 0
[20:25:31:675][    1.841000] [  INFO] WPA: platform_hook_prevent_sleep: event: CONNECT, prevent: 0
[20:25:31:691][    1.846000] [  INFO] wifi_driver: platform_hook_prevent_sleep: event: CONNECT, prevent: 0
[20:25:31:697][    1.854000] [  INFO] wifi_driver: bl616_wlan_sta_set_linkstatus: INFO: Wi-Fi station link up 0
[20:25:31:706][    1.862000] [  INFO] wifi_driver: bl616_wifi_event_handler: [APP] [EVT] CODE_WIFI_ON_CONNECTED
[20:25:31:710][    1.871000] [  INFO] wifi_driver: platform_hook_prevent_sleep: event: CONNECT, prevent: 0
[20:25:31:722][    1.881000] [  INFO] netMonitorTask: [08:00:01.881 ] miio_net: fixed ap connect ok.
[20:25:31:722][    1.887000] [NOTICE] netMonitorTask: [08:00:01.887 ] miio_net: Wifi station connected
[20:25:31:738][    1.896000] [NOTICE] netMonitorTask: [08:00:01.896 ] miio_net: Wifi station got ip
[20:25:31:738][    1.902000] [  INFO] netMonitorTask: [08:00:01.902 ] arch_net: Current IP Info:
[20:25:31:754][    1.910000] [  INFO] netMonitorTask: [08:00:01.910 ] arch_net: IP[192.168.3.66]
[20:25:31:770][    1.919000] [  INFO] netMonitorTask: [08:00:01.919 ] arch_net: Netmask[255.255.255.0]
[20:25:31:770][    1.925000] [  INFO] netMonitorTask: [08:00:01.925 ] arch_net: Gateway[192.168.3.1]
[20:25:31:770][    1.939000] [  INFO] mi_otn: [08:00:01.938 ] miio_net: miio_net_provision_stat_hook called
[20:25:31:786][    1.945000] [NOTICE] miio_client: [08:00:01.945 ] miio_netlink: wlan0 link up
[20:25:31:786][    1.958000] [  INFO] otu_task: [08:00:01.958 ] otu: Opened.
[20:25:31:802][    1.962000] [NOTICE] ots_task: [08:00:01.962 ] ots: ots connect 124.251.34.212::443...
[20:25:31:802][    1.970000] [NOTICE] ots_task: [08:00:01.970 ] tls: opening
[20:25:31:834][    1.980000] [NOTICE] ots_task: [08:00:01.979 ] tls: connect to server Mijia Cloud, domain is 124.251.34.212, port is 443.
[20:25:31:882][    2.033000] [NOTICE] ots_task: [08:00:02.033 ] tls: Socket Connected.
[20:25:32:027][    2.187000] [NOTICE] ots_task: [08:00:02.186 ] tls: handshake ok! Protocol is TLSv1.2, Ciphersuite is TLS-PSK-WITH-AES-128-GCM-SHA256.
[20:25:32:027][    2.196000] [NOTICE] ots_task: [08:00:02.196 ] ots: Connected.
[20:25:32:059][    2.202000] [  INFO] ots_task: [08:00:02.202 ] miio_net: miio_net_provision_stat_hook called
[20:25:32:059][    2.214000] [NOTICE] mi_otn: [08:00:02.214 ] ots: -->sync sent.
[20:25:32:107][    2.259000] [NOTICE] ots_task: [08:00:02.259 ] ots: <--sync ack.
[20:25:32:155][    2.321000] [NOTICE] mi_otn: [20:25:32.320 ] ots: -->login sent.
[20:25:32:171][    2.325000] [  INFO] mi_otn: [20:25:32.324 ] miio_net: miio_net_provision_stat_hook called
[20:25:32:187][    2.351000] [NOTICE] ots_task: [20:25:32.351 ] ots: <--login ack, code=0.
[20:25:32:187][    2.356000] [NOTICE] mi_otn: [20:25:32.356 ] miio_ot: info(ots) will start in 0 ms...
[20:25:32:219][    2.363000] [  INFO] mi_otn: [20:25:32.363 ] miio_instance: miio_online_hook_default called
[20:25:32:219][    2.389000] [  INFO] mi_otn: [20:25:32.389 ] miio_net: reporting last stored reboot reason.
[20:25:32:235][    2.400000] [  INFO] mi_otn: [20:25:32.400 ] miio_net_analyse: miio_online_stats_gather 
[20:25:32:251][    2.406000] [  INFO] mi_otn: [20:25:32.406 ] miio_net_analyse: prepare online event information ip=192.168.3.66, gw=192.168.3.1, netmask=255.255.255.0, rssi=-21
[20:25:32:266][    2.434000] [  INFO] mi_otn: [20:25:32.434 ] miio_pm: pm_config: 1
[20:25:32:282][    2.437000] [  INFO] mi_otn: [20:25:32.437 ] miio_net: miio monitor switch to low power!
[20:25:32:282][    2.447000] [  INFO] mi_otn: [20:25:32.447 ] arch_wifi: set powersave on ok!
[20:25:32:282][    2.453000] [  INFO] mi_otn: [20:25:32.453 ] arch_pm: pm_mode switch to 0 succeed!
[20:25:32:298][    2.460000] [  INFO] mi_otn: [20:25:32.460 ] miio_pm: lock_status: 0, unlock[0]
[20:25:32:298][    2.467000] [  INFO] mi_otn: [20:25:32.467 ] miio_info: 1 props left, 1 events left.
[20:25:32:314][    2.475000] [  INFO] mi_otn: [20:25:32.475 ] miio_info: some props/events has not been sent, the switch will be excuted later..
[20:25:32:331][    2.487000] [  INFO] mi_otn: [20:25:32.487 ] miio_pm: pm_lock[1]: already unlocked
[20:25:32:331][    2.494000] [  INFO] mi_otn: [20:25:32.494 ] miio_pm: lock_status: 0, unlock[1]
[20:25:32:346][    2.501000] [  INFO] mi_otn: [20:25:32.501 ] miio_pm_uart: Command Recv Timeout: 1800000
[20:25:32:346][    2.509000] [  INFO] mi_otn: [20:25:32.509 ] miio_pm_instance: enable uart sleep.
[20:25:32:346][    2.517000] [  WARN] mi_otn: [20:25:32.517 ] miio_client_func: Got online msg.
[20:25:32:378][    2.528000] [  INFO] mi_otn: [20:25:32.527 ] miio_instance: miio_info_kvs_hook_default called
[20:25:32:378][    2.541000] [NOTICE] mi_otn: [20:25:32.540 ] miio_ot: up _otc.info:{"id":1845166083,"method":"_otc.info","params":{"life":2,"model":"xiaomi.dev.bl3","token":"06dd************************441a","ipflag":1,"fw_ver":"1.0.3","miio_ver":"0.1.0","hw_ver":"BL616-BL3","chip_ver":1,"mmfree":110152,"mac":"C4:93:BB:AD:C8:29","wifi_fw_ver":"WifiVer.N\/A","ap":{"ssid":"Xiaomi_be3600","bssid":"42:EE:97:F0:4C:60","rssi":-22,"primary":6},"netif":{"localIp":"192.168.3.66","mask":"255.255.255.0","gw":"192.168.3.1"},"uid":1205295674}}
[20:25:32:426][    2.584000] [  INFO] mi_otn: [20:25:32.584 ] miio_ot: -->info(ots).
[20:25:32:426][    2.600000] [  INFO] netMonitorTask: [20:25:32.600 ] miio_net: task_monitor enter powersave!
[20:25:32:458][    2.608000] [  WARN] Idle Task: bl616_pmtickless: --->>> [10]:On, [H]:756, [15:mi_otn]
[20:25:33:213][    3.384000] [  WARN] Idle Task: bl616_pmtickless: <<<--- [R]:RTC, [R]:765, [W]:0, [L]:0
[20:25:33:230][    3.393000] [  INFO] mi_otn: [20:25:33.393 ] miio_ot: -->pull ip list sent.
[20:25:33:245][    3.404000] [  WARN] Idle Task: bl616_pmtickless: --->>> [10]:On, [H]:534, [16777215:]
[20:25:33:794][    3.958000] [  WARN] Idle Task: bl616_pmtickless: <<<--- [R]:RTC, [R]:543, [W]:1, [L]:1
[20:25:33:810][    3.968000] [  WARN] Idle Task: bl616_pmtickless: --->>> [10]:On, [H]:624, [1107536064:]
[20:25:34:455][    4.612000] [  WARN] Idle Task: bl616_pmtickless: <<<--- [R]:RTC, [R]:633, [W]:2, [L]:2
[20:25:34:471][    4.626000] [  WARN] Idle Task: bl616_pmtickless: --->>> [10]:On, [H]:1495, [1107536064:]
[20:25:34:535][    4.691000] [  WARN] Idle Task: bl616_pmtickless: <<<--- [R]:WIFI, [R]:54, [W]:3, [L]:2
[20:25:34:585][    4.743000] [  INFO] mi_otn: [20:25:34.743 ] miio_ot: <--info ack(ots).
[20:25:34:598][    4.759000] [  INFO] mi_otn: [20:25:34.759 ] miio_instance: <--query upgrade ack.
[20:25:34:614][    4.769000] [  WARN] Idle Task: bl616_pmtickless: --->>> [10]:On, [H]:1449, [15:mi_otn]
[20:25:35:548][    5.719000] [  WARN] Idle Task: bl616_pmtickless: <<<--- [R]:WIFI, [R]:940, [W]:4, [L]:2
[20:25:35:596][    5.752000] [  WARN] Idle Task: bl616_pmtickless: --->>> [10]:On, [H]:466, [15:mi_otn]
[20:25:36:079][    6.237000] [  WARN] Idle Task: bl616_pmtickless: <<<--- [R]:RTC, [R]:475, [W]:4, [L]:2
[20:25:36:079][    6.249000] [NOTICE] mi_otn: [20:25:36.249 ] ots: -->sync sent.
[20:25:36:577][    6.255000] [  WARN] Idle Task: bl616_pmtickless: --->>> [10]:On, [H]:626, [0:
[    6.750000] [  WARN] Idle Task: bl616_pmtickless: <<<--- [R]:WIFI, [R]:485, [W]:5, [L]:2
[20:25:36:609][    6.771000] [NOTICE] ots_task: [20:25:36.771 ] ots: <--sync ack.
[20:25:36:721][    6.786000] [  WARN] Idle Task: bl616_pmtickless: --->>> [10]:On, [H]:95, [0:
[    6.900000] [  WARN] Idle Task: bl616_pmtickless: <<<--- [R]:RTC, [R]:104, [W]:5, [L]:2
[20:25:36:721][    6.908000] [  INFO] lpwork: bl616_coex_restore_work: Restore PTA 4 -> 2
[20:25:36:753][    6.915000] [  WARN] Idle Task: bl616_pmtickless: --->>> [10]:On, [H]:456, [15:mi_otn]
[20:25:37:216][    7.391000] [  WARN] Idle Task: bl616_pmtickless: <<<--- [R]:RTC, [R]:465, [W]:5, [L]:2
[20:25:37:232][    7.410000] [  WARN] Idle Task: bl616_pmtickless: --->>> [10]:On, [H]:20, [15:mi_otn]
[20:25:37:248][    7.416000] [  WARN] Idle Task: bl616_pmtickless: <<<--- exit: sleep time too short 20
[20:25:37:264][    7.432000] [  WARN] Idle Task: bl616_pmtickless: --->>> [10]:On, [H]:1471, [1107536064:]
[20:25:38:754][    8.923000] [  WARN] Idle Task: bl616_pmtickless: <<<--- [R]:RTC, [R]:1480, [W]:7, [L]:4
[20:25:38:770][    8.937000] [  WARN] Idle Task: bl616_pmtickless: --->>> [10]:On, [H]:2111, [20:mi_mcmd]
[20:25:38:834][    9.014000] [  WARN] Idle Task: bl616_pmtickless: <<<--- [R]:WIFI, [R]:66, [W]:8, [L]:4
[20:25:38:865][    9.041000] [  INFO] mi_otn: [20:25:39.040 ] miio_info: 2 props left, 1 events left.
[20:25:38:865][    9.046000] [  INFO] mi_otn: [20:25:39.046 ] miio_info: some props/events has not been sent, the switch will be excuted later..
[20:25:38:881][    9.060000] [  WARN] Idle Task: bl616_pmtickless: --->>> [10]:On, [H]:1988, [20:mi_mcmd]
[20:25:40:891][   11.068000] [  WARN] Idle Task: bl616_pmtickless: <<<--- [R]:RTC, [R]:1997, [W]:10, [L]:6
[20:25:40:907][   11.081000] [  WARN] Idle Task: bl616_pmtickless: --->>> [10]:On, [H]:326, [15:mi_otn]
[20:25:41:242][   11.427000] [  WARN] Idle Task: bl616_pmtickless: <<<--- [R]:RTC, [R]:335, [W]:11, [L]:7
[20:25:41:242][   11.435000] [  WARN] mi_otn: [20:25:41.435 ] ot: up session[id=539426825] timeout
[20:25:41:258][   11.440000] [  WARN] mi_otn: [20:25:41.440 ] miio_info: no "result" in event_ack
[20:25:41:274][   11.450000] [  WARN] Idle Task: bl616_pmtickless: --->>> [10]:On, [H]:486, [954:]
[20:25:41:769][   11.955000] [  WARN] Idle Task: bl616_pmtickless: <<<--- [R]:RTC, [R]:495, [W]:13, [L]:9
[20:25:41:769][   11.966000] [  INFO] lpwork: [20:25:41.966 ] miio_pm: pm_config: 1
[20:25:41:785][   11.969000] [  INFO] lpwork: [20:25:41.969 ] miio_net: miio monitor switch to low power!
[20:25:41:785][   11.979000] [  INFO] lpwork: [20:25:41.979 ] miio_pm: pm_lock[0]: already unlocked
[20:25:41:801][   11.986000] [  INFO] lpwork: [20:25:41.986 ] miio_pm: lock_status: 0, unlock[0]
[20:25:41:801][   11.993000] [  INFO] lpwork: [20:25:41.993 ] miio_info: 2 props left, 1 events left.
[20:25:41:817][   12.000000] [  INFO] lpwork: [20:25:42.000 ] miio_info: some props/events has not been sent, the switch will be excuted later..
[20:25:41:817][   12.012000] [  INFO] netMonitorTask: [20:25:42.012 ] miio_net: task_monitor enter powersave!
[20:25:41:833][   12.022000] [  INFO] netMonitorTask: [20:25:42.022 ] miio_monitor: work time = 12s, memory left = 112160
[20:25:41:833][   12.033000] [  WARN] mi_otn: [20:25:42.033 ] ot: up session[id=539426825] not found
[20:25:41:866][   12.040000] [  WARN] Idle Task: bl616_pmtickless: --->>> [10]:On, [H]:361, [15:mi_otn]
[20:25:42:230][   12.421000] [  WARN] Idle Task: bl616_pmtickless: <<<--- [R]:RTC, [R]:370, [W]:13, [L]:9
[20:25:42:262][   12.441000] [  WARN] Idle Task: bl616_pmtickless: --->>> [10]:On, [H]:2992, [1107536064:]
[20:25:42:819][   13.008000] [  WARN] Idle Task: bl616_pmtickless: <<<--- [R]:WIFI, [R]:556, [W]:14, [L]:9
[20:25:42:851][   13.036000] [  WARN] Idle Task: bl616_pmtickless: --->>> [10]:On, [H]:2993, [1107536064:]
[20:25:45:865][   16.049000] [  WARN] Idle Task: bl616_pmtickless: <<<--- [R]:RTC, [R]:3002, [W]:16, [L]:9
[20:25:45:881][   16.063000] [  WARN] Idle Task: bl616_pmtickless: --->>> [10]:On, [H]:372, [15:mi_otn]
[20:25:45:994][   16.187000] [  WARN] Idle Task: bl616_pmtickless: <<<--- [R]:WIFI, [R]:113, [W]:17, [L]:9
[20:25:45:994][   16.204000] [  INFO] mi_otn: [20:25:46.204 ] miio_info: 0 props left, 1 events left.
[20:25:46:010][   16.209000] [  INFO] mi_otn: [20:25:46.209 ] miio_info: some props/events has not been sent, the switch will be excuted later..
[20:25:46:027][   16.223000] [  WARN] Idle Task: bl616_pmtickless: --->>> [10]:On, [H]:215, [15:mi_otn]
[20:25:46:252][   16.457000] [  WARN] Idle Task: bl616_pmtickless: <<<--- [R]:RTC, [R]:224, [W]:17, [L]:9
[20:25:46:269][   16.466000] [  WARN] mi_otn: [20:25:46.466 ] ot: up session[id=539426825] timeout
[20:25:46:269][   16.471000] [  WARN] mi_otn: [20:25:46.471 ] miio_info: no "result" in event_ack
[20:25:46:286][   16.481000] [  WARN] Idle Task: bl616_pmtickless: --->>> [10]:On, [H]:963, [15:mi_otn]
[20:25:47:022][   17.214000] [  WARN] Idle Task: bl616_pmtickless: <<<--- [R]:WIFI, [R]:723, [W]:18, [L]:9
[20:25:47:038][   17.232000] [  WARN] mi_otn: [20:25:47.232 ] ot: up session[id=539426825] not found
[20:25:47:054][   17.242000] [  WARN] Idle Task: bl616_pmtickless: --->>> [10]:On, [H]:190, [15:mi_otn]
[20:25:47:263][   17.452000] [  WARN] Idle Task: bl616_pmtickless: <<<--- [R]:RTC, [R]:199, [W]:18, [L]:9
[20:25:47:278][   17.468000] [  WARN] Idle Task: bl616_pmtickless: --->>> [10]:On, [H]:3998, [15:mi_otn]
[20:25:48:047][   18.246000] [  WARN] Idle Task: bl616_pmtickless: <<<--- [R]:WIFI, [R]:768, [W]:19, [L]:9
[20:25:48:079][   18.268000] [  INFO] mi_otn: [20:25:48.267 ] miio_info: 0 props left, 0 events left.
[20:25:48:079][   18.276000] [  WARN] Idle Task: bl616_pmtickless: --->>> [10]:On, [H]:44249, [15:mi_otn]
[20:26:09:352][   39.549000] [  WARN] Idle Task: bl616_pmtickless: <<<--- [R]:WIFI, [R]:21263, [W]:40, [L]:10
[20:26:09:384][   39.577000] [  WARN] Idle Task: bl616_pmtickless: --->>> [10]:On, [H]:22948, [15:mi_otn]
[20:26:32:337][   62.545000] [  WARN] Idle Task: bl616_pmtickless: <<<--- [R]:RTC, [R]:22957, [W]:63, [L]:13
[20:26:32:353][   62.563000] [  WARN] Idle Task: bl616_pmtickless: --->>> [10]:On, [H]:46712, [15:mi_otn]
[20:26:49:288][   79.490000] [  WARN] Idle Task: bl616_pmtickless: <<<--- [R]:WIFI, [R]:16916, [W]:80, [L]:14
[20:26:49:320][   79.524000] [  WARN] Idle Task: bl616_pmtickless: --->>> [10]:On, [H]:29751, [15:mi_otn]
[20:27:19:078][  109.295000] [  WARN] Idle Task: bl616_pmtickless: <<<--- [R]:RTC, [R]:29760, [W]:109, [L]:14
[20:27:19:078][  109.307000] [  INFO] mi_otn: [20:27:19.307 ] ots: -->kplv sent.
[20:27:19:093][  109.313000] [  WARN] Idle Task: bl616_pmtickless: --->>> [10]:On, [H]:5993, [1107536064:]
[20:27:20:000][  110.217000] [  WARN] Idle Task: bl616_pmtickless: <<<--- [R]:WIFI, [R]:893, [W]:110, [L]:14
[20:27:20:015][  110.236000] [  INFO] ots_task: [20:27:20.236 ] ots: <--kplv ack.
[20:27:20:031][  110.247000] [  WARN] Idle Task: bl616_pmtickless: --->>> [10]:On, [H]:36502, [15:mi_otn]
[20:27:24:923][  115.135000] [  WARN] Idle Task: bl616_pmtickless: <<<--- [R]:WIFI, [R]:4877, [W]:115, [L]:15
[20:27:24:955][  115.171000] [  WARN] Idle Task: bl616_pmtickless: --->>> [10]:On, [H]:31578, [15:mi_otn]
[20:27:25:946][  116.160000] [  WARN] Idle Task: bl616_pmtickless: <<<--- [R]:WIFI, [R]:978, [W]:116, [L]:15
[20:27:25:977][  116.195000] [  WARN] Idle Task: bl616_pmtickless: --->>> [10]:On, [H]:30554, [15:mi_otn]
[20:27:54:206][  144.430000] [  WARN] Idle Task: bl616_pmtickless: <<<--- [R]:WIFI, [R]:28224, [W]:144, [L]:17
[20:27:54:238][  144.469000] [  WARN] Idle Task: bl616_pmtickless: --->>> [10]:On, [H]:2280, [15:mi_otn]
[20:27:55:233][  145.454000] [  WARN] Idle Task: bl616_pmtickless: <<<--- [R]:WIFI, [R]:974, [W]:145, [L]:17
[20:27:55:271][  145.486000] [  WARN] Idle Task: bl616_pmtickless: --->>> [10]:On, [H]:1263, [15:mi_otn]
[20:27:56:548][  146.768000] [  WARN] Idle Task: bl616_pmtickless: <<<--- [R]:RTC, [R]:1272, [W]:146, [L]:17
[20:27:56:564][  146.796000] [  WARN] Idle Task: bl616_pmtickless: --->>> [10]:On, [H]:3985, [15:mi_otn]
[20:27:59:019][  149.245000] [  WARN] Idle Task: bl616_pmtickless: <<<--- [R]:WIFI, [R]:2439, [W]:149, [L]:19
[20:27:59:051][  149.274000] [  WARN] Idle Task: bl616_pmtickless: --->>> [10]:On, [H]:1491, [15:mi_otn]
[20:28:00:547][  150.785000] [  WARN] Idle Task: bl616_pmtickless: <<<--- [R]:RTC, [R]:1500, [W]:150, [L]:19
[20:28:00:579][  150.806000] [  WARN] Idle Task: bl616_pmtickless: --->>> [10]:On, [H]:3993, [15:mi_otn]
[20:28:01:061][  151.299000] [  WARN] Idle Task: bl616_pmtickless: <<<--- [R]:WIFI, [R]:482, [W]:151, [L]:19
[20:28:01:093][  151.326000] [  WARN] Idle Task: bl616_pmtickless: --->>> [10]:On, [H]:90990, [15:mi_otn]
[20:28:02:091][  152.323000] [  WARN] Idle Task: bl616_pmtickless: <<<--- [R]:WIFI, [R]:986, [W]:152, [L]:19
[20:28:02:123][  152.352000] [  WARN] Idle Task: bl616_pmtickless: --->>> [10]:On, [H]:89964, [15:mi_otn]
[20:28:03:110][  153.349000] [  WARN] Idle Task: bl616_pmtickless: <<<--- [R]:WIFI, [R]:986, [W]:153, [L]:19
[20:28:03:142][  153.383000] [  WARN] Idle Task: bl616_pmtickless: --->>> [10]:On, [H]:88933, [15:mi_otn]
[20:28:16:017][  166.255000] [  WARN] Idle Task: bl616_pmtickless: <<<--- [R]:WIFI, [R]:12861, [W]:166, [L]:21
[20:28:16:064][  166.301000] [  WARN] Idle Task: bl616_pmtickless: --->>> [10]:On, [H]:76015, [15:mi_otn]
[20:28:17:030][  167.281000] [  WARN] Idle Task: bl616_pmtickless: <<<--- [R]:WIFI, [R]:969, [W]:167, [L]:21
[20:28:17:079][  167.321000] [  WARN] Idle Task: bl616_pmtickless: --->>> [10]:On, [H]:74995, [15:mi_otn]
[20:28:50:008][  200.260000] [  WARN] Idle Task: bl616_pmtickless: <<<--- [R]:WIFI, [R]:32928, [W]:201, [L]:28
[20:28:50:037][  200.294000] [  WARN] Idle Task: bl616_pmtickless: --->>> [10]:On, [H]:42022, [15:mi_otn]
[20:29:32:077][  242.336000] [  WARN] Idle Task: bl616_pmtickless: <<<--- [R]:RTC, [R]:42031, [W]:244, [L]:37
[20:29:32:085][  242.348000] [  INFO] mi_otn: [20:29:32.348 ] ots: -->kplv sent.
[20:29:32:092][  242.354000] [  WARN] Idle Task: bl616_pmtickless: --->>> [10]:On, [H]:5993, [1107536064:]
[20:29:32:809][  243.073000] [  WARN] Idle Task: bl616_pmtickless: <<<--- [R]:WIFI, [R]:708, [W]:245, [L]:37
[20:29:32:829][  243.096000] [  INFO] ots_task: [20:29:33.096 ] ots: <--kplv ack.
[20:29:32:859][  243.110000] [  WARN] Idle Task: bl616_pmtickless: --->>> [10]:On, [H]:68921, [19:netMonitorTask]
[20:29:37:937][  248.195000] [  WARN] Idle Task: bl616_pmtickless: <<<--- [R]:WIFI, [R]:5073, [W]:250, [L]:37
[20:29:37:981][  248.235000] [  WARN] Idle Task: bl616_pmtickless: --->>> [10]:On, [H]:63796, [19:netMonitorTask]
[20:30:08:041][  278.306000] [  WARN] Idle Task: bl616_pmtickless: <<<--- [R]:WIFI, [R]:30060, [W]:280, [L]:40
[20:30:08:081][  278.340000] [  WARN] Idle Task: bl616_pmtickless: --->>> [10]:On, [H]:33691, [19:netMonitorTask]
[20:30:11:932][  282.200000] [  WARN] Idle Task: bl616_pmtickless: <<<--- [R]:WIFI, [R]:3848, [W]:284, [L]:41
[20:30:11:963][  282.234000] [  WARN] Idle Task: bl616_pmtickless: --->>> [10]:On, [H]:29797, [19:netMonitorTask]
[20:30:14:996][  285.274000] [  WARN] Idle Task: bl616_pmtickless: <<<--- [R]:WIFI, [R]:3029, [W]:287, [L]:41
[20:30:15:044][  285.308000] [  WARN] Idle Task: bl616_pmtickless: --->>> [10]:On, [H]:26723, [19:netMonitorTask]
[20:30:19:921][  290.191000] [  WARN] Idle Task: bl616_pmtickless: <<<--- [R]:WIFI, [R]:4872, [W]:292, [L]:42
[20:30:19:952][  290.227000] [  WARN] Idle Task: bl616_pmtickless: --->>> [10]:On, [H]:21804, [19:netMonitorTask]
[20:30:29:757][  300.026000] [  WARN] Idle Task: bl616_pmtickless: <<<--- [R]:WIFI, [R]:9787, [W]:303, [L]:47
[20:30:29:796][  300.058000] [  WARN] Idle Task: bl616_pmtickless: --->>> [10]:On, [H]:11973, [19:netMonitorTask]
[20:30:34:867][  305.147000] [  WARN] Idle Task: bl616_pmtickless: <<<--- [R]:WIFI, [R]:5078, [W]:308, [L]:47
[20:30:34:901][  305.176000] [  WARN] Idle Task: bl616_pmtickless: --->>> [10]:On, [H]:6855, [19:netMonitorTask]
[20:30:35:892][  306.174000] [  WARN] Idle Task: bl616_pmtickless: <<<--- [R]:WIFI, [R]:986, [W]:309, [L]:47
[20:30:35:935][  306.207000] [  WARN] Idle Task: bl616_pmtickless: --->>> [10]:On, [H]:5824, [19:netMonitorTask]
[20:30:38:975][  309.248000] [  WARN] Idle Task: bl616_pmtickless: <<<--- [R]:WIFI, [R]:3029, [W]:312, [L]:47
[20:30:39:002][  309.277000] [  WARN] Idle Task: bl616_pmtickless: --->>> [10]:On, [H]:2754, [19:netMonitorTask]
[20:30:39:982][  310.275000] [  WARN] Idle Task: bl616_pmtickless: <<<--- [R]:WIFI, [R]:987, [W]:313, [L]:47
[20:30:40:027][  310.306000] [  WARN] Idle Task: bl616_pmtickless: --->>> [10]:On, [H]:1725, [19:netMonitorTask]
[20:30:41:766][  312.052000] [  WARN] Idle Task: bl616_pmtickless: <<<--- [R]:RTC, [R]:1734, [W]:314, [L]:47
[20:30:41:771][  312.063000] [  INFO] netMonitorTask: [20:30:42.063 ] miio_monitor: work time = 312s, memory left = 112312
[20:30:41:779][  312.073000] [  WARN] Idle Task: bl616_pmtickless: --->>> [10]:On, [H]:22028, [15:mi_otn]
[20:30:43:065][  313.350000] [  WARN] Idle Task: bl616_pmtickless: <<<--- [R]:WIFI, [R]:1266, [W]:316, [L]:47
[20:30:43:118][  313.397000] [  WARN] Idle Task: bl616_pmtickless: --->>> [10]:On, [H]:20704, [15:mi_otn]
[20:30:47:563][  317.857000] [  WARN] Idle Task: bl616_pmtickless: <<<--- [R]:WIFI, [R]:4450, [W]:321, [L]:49
[20:30:47:595][  317.887000] [  WARN] Idle Task: bl616_pmtickless: --->>> [10]:On, [H]:16214, [15:mi_otn]
[20:30:52:693][  322.980000] [  WARN] Idle Task: bl616_pmtickless: <<<--- [R]:WIFI, [R]:5082, [W]:326, [L]:49
[20:30:52:722][  323.013000] [  WARN] Idle Task: bl616_pmtickless: --->>> [10]:On, [H]:11088, [15:mi_otn]
[20:30:53:708][  324.005000] [  WARN] Idle Task: bl616_pmtickless: <<<--- [R]:WIFI, [R]:981, [W]:327, [L]:49
[20:30:53:741][  324.033000] [  WARN] Idle Task: bl616_pmtickless: --->>> [10]:On, [H]:10068, [15:mi_otn]
[20:31:00:281][  330.584000] [  WARN] Idle Task: bl616_pmtickless: <<<--- [R]:AP_LOSS, [R]:6540, [W]:336, [L]:56
[20:31:00:337][  330.629000] [  WARN] Idle Task: bl616_pmtickless: --->>> [10]:On, [H]:3472, [15:mi_otn]
[20:31:03:803][  334.115000] [  WARN] Idle Task: bl616_pmtickless: <<<--- [R]:RTC, [R]:3475, [W]:341, [L]:61
[20:31:03:819][  334.127000] [  INFO] mi_otn: [20:31:04.127 ] ots: -->kplv sent.
[20:31:03:835][  334.133000] [  WARN] Idle Task: bl616_pmtickless: --->>> [10]:On, [H]:5993, [1107536064:]
[20:31:03:972][  334.278000] [  WARN] Idle Task: bl616_pmtickless: <<<--- [R]:AP_LOSS, [R]:134, [W]:342, [L]:62
[20:31:04:019][  334.327000] [  WARN] Idle Task: bl616_pmtickless: --->>> [10]:On, [H]:5799, [1107536064:]
[20:31:07:692][  337.996000] [  WARN] Idle Task: bl616_pmtickless: <<<--- [R]:AP_LOSS, [R]:3658, [W]:348, [L]:68
[20:31:07:740][  338.065000] [  INFO] wifi_fw: platform_hook_prevent_sleep: event: DISCONNECT, prevent: 1
[20:31:07:764][  338.071000] [  INFO] wifi_driver: platform_hook_prevent_sleep: event: DISCONNECT, prevent: 0
[20:31:07:772][  338.079000] [  INFO] wifi_driver: bl616_wlan_sta_set_linkstatus: INFO: Wi-Fi station link down 0
[20:31:07:788][  338.087000] [  INFO] wifi_driver: bl616_wifi_event_handler: [APP] [EVT] CODE_WIFI_ON_DISCONNECT, status 16, reason 65535
[20:31:07:788][  338.101000] [ ERROR] ots_task: [20:31:08.100 ] tls: mbedtls_ssl_read returned -0x4c
[20:31:07:788][  338.106000] [NOTICE] miio_client: [20:31:08.106 ] miio_netlink: wlan0 link down
[20:31:07:812][  338.114000] [  WARN] mi_otn: [20:31:08.114 ] ots: ots reconnect will start in 11353 ms...
[20:31:07:812][  338.122000] [  INFO] mi_otn: [20:31:08.121 ] miio_instance:  miio_offline_hook_default called
[20:31:07:820][  338.131000] [  INFO] mi_otn: [20:31:08.131 ] arch_wifi: set powersave off ok!
[20:31:07:820][  338.137000] [  INFO] mi_otn: [20:31:08.137 ] arch_pm: pm_mode switch to 1 succeed!
[20:31:07:836][  338.144000] [  INFO] mi_otn: [20:31:08.144 ] miio_pm: lock_status: 1, lock[0]
[20:31:07:846][  338.152000] [  INFO] mi_otn: [20:31:08.151 ] miio_net: miio monitor switch to high power!
[20:31:07:851][  338.160000] [  INFO] mi_otn: [20:31:08.160 ] miio_pm: lock_status: 3, lock[1]
[20:31:07:851][  338.167000] [  INFO] mi_otn: [20:31:08.167 ] miio_pm_uart: Command Recv Timeout: 10000
[20:31:07:869][  338.175000] [  INFO] mi_otn: [20:31:08.175 ] miio_pm_instance: disable uart sleep.
[20:31:07:877][  338.183000] [  INFO] mi_otn: [20:31:08.183 ] miio_net_analyse: enable the miio offline detect feature 
[20:31:07:883][  338.192000] [  WARN] mi_otn: [20:31:08.192 ] miio_client_func: Got offline msg.
[20:31:07:899][  338.200000] [NOTICE] netMonitorTask: [20:31:08.200 ] miio_net: Wifi station disconnected
[20:31:07:899][  338.207000] [  WARN] netMonitorTask: [20:31:08.207 ] miio_net: miio_wifi_disconnect
[20:31:07:901][  338.215000] [  INFO] netMonitorTask: bl616_wifi_sta_disconnect: disconnect Wi-Fi
[20:31:07:915][  338.224000] [  INFO] netMonitorTask: bl616_wifi_sta_disconnect: disconnect Wi-Fi
[20:31:07:915][  338.231000] [  INFO] netMonitorTask: bl616_wifi_sta_freq: set channel: 6, freq: 2437
[20:31:07:931][  338.238000] [  INFO] netMonitorTask: bl616_wifi_sta_connect: connect ssid:Xiaomi_be3600
[20:31:07:931][  338.245000] [  INFO] netMonitorTask: bl616_wifi_sta_connect: connect bssid:42:ee:97:f0:4c:60
[20:31:07:947][  338.253000] [  INFO] netMonitorTask: bl616_wifi_sta_connect: connect channel:6
[20:31:07:957][  338.261000] [  INFO] netMonitorTask: bl616_wifi_sta_connect: PTA 2 -> 4, window 8 interval 160
[20:31:07:965][  338.269000] [  INFO] netMonitorTask: platform_hook_prevent_sleep: event: CONNECT, prevent: 1
[20:31:07:978][  338.289000] [  INFO] wifi_driver: platform_hook_prevent_sleep: event: SCAN, prevent: 1
[20:31:07:978][  338.298000] [  INFO] ots_task: [20:31:08.298 ] ots: closed.
[20:31:07:994][  338.302000] [  INFO] otu_task: [20:31:08.302 ] udp: udp recv ctrl event.
[20:31:08:010][  338.308000] [  INFO] otu_task: [20:31:08.308 ] otu: closing.
[20:31:08:010][  338.315000] [  INFO] otu_task: [20:31:08.315 ] otu: closed.
[20:31:08:107][  338.422000] [  INFO] wifi_driver: platform_hook_prevent_sleep: event: SCAN, prevent: 0
[20:31:08:121][  338.428000] [  INFO] WPA: platform_hook_prevent_sleep: event: CONNECT, prevent: 0
[20:31:08:131][  338.434000] [  INFO] WPA: platform_hook_prevent_sleep: event: DISCONNECT, prevent: 0
[20:31:08:143][  338.442000] [  INFO] wifi_driver: bl616_wifi_event_handler: [APP] [EVT] CODE_WIFI_ON_DISCONNECT, status 12, reason 0
[20:31:08:143][  338.454000] [ ERROR] netMonitorTask: bl616_wifi_sta_connect: ERROR: connect Wi-Fi ret=12
[20:31:08:153][  338.461000] [  INFO] netMonitorTask: bl616_coex_restore_work: Restore PTA 4 -> 2
[20:31:08:153][  338.468000] [ ERROR] netMonitorTask: wlan_ioctl: ERROR: Failed to connect
[20:31:08:169][  338.475000] [ ERROR] netMonitorTask: wapi_set_ap: ioctl(SIOCSIWAP): 12
[20:31:08:169][  338.483000] [  INFO] netMonitorTask: bl616_wifi_sta_freq: set channel: 6, freq: 2437
[20:31:08:184][  338.490000] [  INFO] netMonitorTask: bl616_wifi_sta_connect: connect ssid:Xiaomi_be3600
[20:31:08:184][  338.497000] [  INFO] netMonitorTask: bl616_wifi_sta_connect: connect bssid:42:ee:97:f0:4c:60
[20:31:08:200][  338.506000] [  INFO] netMonitorTask: bl616_wifi_sta_connect: connect channel:6
[20:31:08:200][  338.513000] [  INFO] netMonitorTask: bl616_wifi_sta_connect: PTA 2 -> 4, window 8 interval 160
[20:31:08:216][  338.521000] [  INFO] netMonitorTask: platform_hook_prevent_sleep: event: CONNECT, prevent: 1
[20:31:08:232][  338.543000] [  INFO] wifi_driver: platform_hook_prevent_sleep: event: SCAN, prevent: 1
[20:31:08:360][  338.675000] [  INFO] wifi_driver: platform_hook_prevent_sleep: event: SCAN, prevent: 0
[20:31:08:360][  338.681000] [  INFO] WPA: platform_hook_prevent_sleep: event: CONNECT, prevent: 0
[20:31:08:376][  338.688000] [  INFO] WPA: platform_hook_prevent_sleep: event: DISCONNECT, prevent: 0
[20:31:08:394][  338.696000] [  INFO] wifi_driver: bl616_wifi_event_handler: [APP] [EVT] CODE_WIFI_ON_DISCONNECT, status 12, reason 0
[20:31:08:396][  338.706000] [ ERROR] netMonitorTask: bl616_wifi_sta_connect: ERROR: connect Wi-Fi ret=12
[20:31:08:408][  338.714000] [  INFO] netMonitorTask: bl616_coex_restore_work: Restore PTA 4 -> 2
[20:31:08:408][  338.721000] [ ERROR] netMonitorTask: wlan_ioctl: ERROR: Failed to connect
[20:31:08:408][  338.728000] [ ERROR] netMonitorTask: wapi_set_ap: ioctl(SIOCSIWAP): 12
[20:31:08:435][  338.736000] [  INFO] netMonitorTask: bl616_wifi_sta_freq: set channel: 6, freq: 2437
[20:31:08:435][  338.743000] [  INFO] netMonitorTask: bl616_wifi_sta_connect: connect ssid:Xiaomi_be3600
[20:31:08:440][  338.750000] [  INFO] netMonitorTask: bl616_wifi_sta_connect: connect bssid:42:ee:97:f0:4c:60
[20:31:08:440][  338.759000] [  INFO] netMonitorTask: bl616_wifi_sta_connect: connect channel:6
[20:31:08:472][  338.766000] [  INFO] netMonitorTask: bl616_wifi_sta_connect: PTA 2 -> 4, window 8 interval 160
[20:31:08:472][  338.775000] [  INFO] netMonitorTask: platform_hook_prevent_sleep: event: CONNECT, prevent: 1
[20:31:08:488][  338.796000] [  INFO] wifi_driver: platform_hook_prevent_sleep: event: SCAN, prevent: 1
[20:31:08:616][  338.928000] [  INFO] wifi_driver: platform_hook_prevent_sleep: event: SCAN, prevent: 0
[20:31:08:616][  338.934000] [  INFO] WPA: platform_hook_prevent_sleep: event: CONNECT, prevent: 0
[20:31:08:632][  338.941000] [  INFO] WPA: platform_hook_prevent_sleep: event: DISCONNECT, prevent: 0
[20:31:08:632][  338.949000] [  INFO] wifi_driver: bl616_wifi_event_handler: [APP] [EVT] CODE_WIFI_ON_DISCONNECT, status 12, reason 0
[20:31:08:647][  338.960000] [ ERROR] netMonitorTask: bl616_wifi_sta_connect: ERROR: connect Wi-Fi ret=12
[20:31:08:647][  338.967000] [  INFO] netMonitorTask: bl616_coex_restore_work: Restore PTA 4 -> 2
[20:31:08:669][  338.974000] [ ERROR] netMonitorTask: wlan_ioctl: ERROR: Failed to connect
[20:31:08:669][  338.981000] [ ERROR] netMonitorTask: wapi_set_ap: ioctl(SIOCSIWAP): 12
[20:31:08:680][  338.988000] [  WARN] netMonitorTask: [20:31:08.988 ] miio_net: none best ap
[20:31:08:680][  338.995000] [  INFO] netMonitorTask: [20:31:08.995 ] miio_net: sta disconnect, then new connect faild: -9, and no other ap of same ssid found
[20:31:08:696][  339.007000] [NOTICE] netMonitorTask: [20:31:09.007 ] miio_net: clear ap-info list when starting scan
[20:31:08:712][  339.017000] [  INFO] netMonitorTask: bl616_wifi_sta_scan: Start scan ssid:Xiaomi_be3600, bssid:FF:FF:FF:FF:FF:FF, channel:6
[20:31:08:727][  339.028000] [  INFO] wifi_driver: platform_hook_prevent_sleep: event: SCAN, prevent: 1
[20:31:08:887][  339.197000] [  INFO] wifi_driver: platform_hook_prevent_sleep: event: SCAN, prevent: 0
[20:31:08:887][  339.202000] [  INFO] wifi_driver: bl616_wifi_event_handler: [APP] [EVT] CODE_WIFI_ON_SCAN_DONE
[20:31:08:903][  339.211000] [ ERROR] netMonitorTask: wapi_scan_stat: ioctl(SIOCGIWSCAN): 2
[20:31:08:903][  339.221000] [  INFO] netMonitorTask: [20:31:09.221 ] miio_monitor: work time = 339s, memory left = 127704
[20:31:08:919][  339.228000] [  INFO] netMonitorTask: [20:31:09.228 ] miio_net_analyse: recording the miio offline with reason 40 
[20:31:08:919][  339.238000] [  INFO] netMonitorTask: [20:31:09.238 ] miio_net_analyse: dump miio offline info : start_time 1775219469, reason 40, dev_ip 192.168.3.66, gateway 192.168.3.1, rssi -21 
[20:31:08:935][  339.254000] [  INFO] netMonitorTask: [20:31:09.254 ] miio_net_analyse: _miio_offline_info_store
[20:31:08:967][  339.263000] [  INFO] netMonitorTask: [20:31:09.263 ] miio_net_analyse: info store in psm 
[20:31:09:065][  339.372000] [  INFO] netMonitorTask: [20:31:09.372 ] miio_net: Wifi scan done
[20:31:09:065][  339.377000] [  INFO] netMonitorTask: bl616_wifi_sta_scan: Start scan ssid:Xiaomi_be3600, bssid:FF:FF:FF:FF:FF:FF, channel:6
[20:31:09:078][  339.387000] [  INFO] wifi_driver: platform_hook_prevent_sleep: event: SCAN, prevent: 1
[20:31:09:239][  339.557000] [  INFO] wifi_driver: platform_hook_prevent_sleep: event: SCAN, prevent: 0
[20:31:09:254][  339.563000] [  INFO] wifi_driver: bl616_wifi_event_handler: [APP] [EVT] CODE_WIFI_ON_SCAN_DONE
[20:31:09:255][  339.571000] [ ERROR] netMonitorTask: wapi_scan_stat: ioctl(SIOCGIWSCAN): 2
[20:31:09:269][  339.579000] [  INFO] netMonitorTask: [20:31:09.579 ] miio_net: Wifi scan done
[20:31:09:269][  339.585000] [  INFO] netMonitorTask: bl616_wifi_sta_scan: Start scan ssid:Xiaomi_be3600, bssid:FF:FF:FF:FF:FF:FF, channel:6
[20:31:09:301][  339.596000] [  INFO] wifi_driver: platform_hook_prevent_sleep: event: SCAN, prevent: 1
[20:31:09:445][  339.764000] [  INFO] wifi_driver: platform_hook_prevent_sleep: event: SCAN, prevent: 0
[20:31:09:461][  339.769000] [  INFO] wifi_driver: bl616_wifi_event_handler: [APP] [EVT] CODE_WIFI_ON_SCAN_DONE
[20:31:09:461][  339.778000] [ ERROR] netMonitorTask: wapi_scan_stat: ioctl(SIOCGIWSCAN): 2
[20:31:09:476][  339.785000] [  INFO] netMonitorTask: [20:31:09.785 ] miio_net: Wifi scan done
[20:31:09:492][  339.792000] [  INFO] netMonitorTask: bl616_wifi_sta_scan: Start scan ssid:Xiaomi_be3600, bssid:FF:FF:FF:FF:FF:FF, channel:6
[20:31:09:508][  339.803000] [  INFO] wifi_driver: platform_hook_prevent_sleep: event: SCAN, prevent: 1
[20:31:09:651][  339.970000] [  INFO] wifi_driver: platform_hook_prevent_sleep: event: SCAN, prevent: 0
[20:31:09:669][  339.976000] [  INFO] wifi_driver: bl616_wifi_event_handler: [APP] [EVT] CODE_WIFI_ON_SCAN_DONE
[20:31:09:669][  339.985000] [ ERROR] netMonitorTask: wapi_scan_stat: ioctl(SIOCGIWSCAN): 2
[20:31:09:684][  339.992000] [  INFO] netMonitorTask: [20:31:09.992 ] miio_net: Wifi scan done
[20:31:09:684][  339.999000] [  INFO] netMonitorTask: bl616_wifi_sta_scan: Start scan ssid:Xiaomi_be3600, bssid:FF:FF:FF:FF:FF:FF, channel:6
[20:31:09:716][  340.010000] [  INFO] wifi_driver: platform_hook_prevent_sleep: event: SCAN, prevent: 1
[20:31:09:861][  340.180000] [  INFO] wifi_driver: platform_hook_prevent_sleep: event: SCAN, prevent: 0
[20:31:09:875][  340.185000] [  INFO] wifi_driver: bl616_wifi_event_handler: [APP] [EVT] CODE_WIFI_ON_SCAN_DONE
[20:31:09:875][  340.194000] [ ERROR] netMonitorTask: wapi_scan_stat: ioctl(SIOCGIWSCAN): 2
[20:31:09:893][  340.201000] [  INFO] netMonitorTask: [20:31:10.201 ] miio_net: Wifi scan done
[20:31:09:893][  340.208000] [  INFO] netMonitorTask: bl616_wifi_sta_scan: Start scan ssid:Xiaomi_be3600, bssid:FF:FF:FF:FF:FF:FF, channel:1
[20:31:09:922][  340.219000] [  INFO] wifi_driver: platform_hook_prevent_sleep: event: SCAN, prevent: 1
[20:31:10:067][  340.386000] [  INFO] wifi_driver: platform_hook_prevent_sleep: event: SCAN, prevent: 0
[20:31:10:084][  340.392000] [  INFO] wifi_driver: bl616_wifi_event_handler: [APP] [EVT] CODE_WIFI_ON_SCAN_DONE
[20:31:10:084][  340.400000] [ ERROR] netMonitorTask: wapi_scan_stat: ioctl(SIOCGIWSCAN): 2
[20:31:10:098][  340.408000] [  INFO] netMonitorTask: [20:31:10.408 ] miio_net: Wifi scan done
[20:31:10:098][  340.415000] [  INFO] netMonitorTask: bl616_wifi_sta_scan: Start scan ssid:Xiaomi_be3600, bssid:FF:FF:FF:FF:FF:FF, channel:1
[20:31:10:130][  340.425000] [  INFO] wifi_driver: platform_hook_prevent_sleep: event: SCAN, prevent: 1
[20:31:10:274][  340.593000] [  INFO] wifi_driver: platform_hook_prevent_sleep: event: SCAN, prevent: 0
[20:31:10:290][  340.599000] [  INFO] wifi_driver: bl616_wifi_event_handler: [APP] [EVT] CODE_WIFI_ON_SCAN_DONE
[20:31:10:290][  340.607000] [ ERROR] netMonitorTask: wapi_scan_stat: ioctl(SIOCGIWSCAN): 2
[20:31:10:306][  340.615000] [  INFO] netMonitorTask: [20:31:10.614 ] miio_net: Wifi scan done
[20:31:10:306][  340.621000] [  INFO] netMonitorTask: bl616_wifi_sta_scan: Start scan ssid:Xiaomi_be3600, bssid:FF:FF:FF:FF:FF:FF, channel:1
[20:31:10:337][  340.632000] [  INFO] wifi_driver: platform_hook_prevent_sleep: event: SCAN, prevent: 1
[20:31:10:494][  340.800000] [  INFO] wifi_driver: platform_hook_prevent_sleep: event: SCAN, prevent: 0
[20:31:10:498][  340.805000] [  INFO] wifi_driver: bl616_wifi_event_handler: [APP] [EVT] CODE_WIFI_ON_SCAN_DONE
[20:31:10:500][  340.814000] [ ERROR] netMonitorTask: wapi_scan_stat: ioctl(SIOCGIWSCAN): 2
[20:31:10:500][  340.821000] [  INFO] netMonitorTask: [20:31:10.821 ] miio_net: Wifi scan done
[20:31:10:514][  340.828000] [  INFO] netMonitorTask: bl616_wifi_sta_scan: Start scan ssid:Xiaomi_be3600, bssid:FF:FF:FF:FF:FF:FF, channel:1
[20:31:10:530][  340.839000] [  INFO] wifi_driver: platform_hook_prevent_sleep: event: SCAN, prevent: 1
[20:31:10:690][  341.007000] [  INFO] wifi_driver: platform_hook_prevent_sleep: event: SCAN, prevent: 0
[20:31:10:706][  341.012000] [  INFO] wifi_driver: bl616_wifi_event_handler: [APP] [EVT] CODE_WIFI_ON_SCAN_DONE
[20:31:10:706][  341.021000] [ ERROR] netMonitorTask: wapi_scan_stat: ioctl(SIOCGIWSCAN): 2
[20:31:10:706][  341.028000] [  INFO] netMonitorTask: [20:31:11.028 ] miio_net: Wifi scan done
[20:31:10:722][  341.035000] [  INFO] netMonitorTask: bl616_wifi_sta_scan: Start scan ssid:Xiaomi_be3600, bssid:FF:FF:FF:FF:FF:FF, channel:1
[20:31:10:737][  341.046000] [  INFO] wifi_driver: platform_hook_prevent_sleep: event: SCAN, prevent: 1
[20:31:10:897][  341.213000] [  INFO] wifi_driver: platform_hook_prevent_sleep: event: SCAN, prevent: 0
[20:31:10:915][  341.219000] [  INFO] wifi_driver: bl616_wifi_event_handler: [APP] [EVT] CODE_WIFI_ON_SCAN_DONE
[20:31:10:915][  341.228000] [ ERROR] netMonitorTask: wapi_scan_stat: ioctl(SIOCGIWSCAN): 2
[20:31:10:915][  341.235000] [  INFO] netMonitorTask: [20:31:11.235 ] miio_net: Wifi scan done
[20:31:10:928][  341.242000] [  INFO] netMonitorTask: bl616_wifi_sta_scan: Start scan ssid:Xiaomi_be3600, bssid:FF:FF:FF:FF:FF:FF, channel:11
[20:31:10:945][  341.253000] [  INFO] wifi_driver: platform_hook_prevent_sleep: event: SCAN, prevent: 1
[20:31:11:105][  341.420000] [  INFO] wifi_driver: platform_hook_prevent_sleep: event: SCAN, prevent: 0
[20:31:11:121][  341.426000] [  INFO] wifi_driver: bl616_wifi_event_handler: [APP] [EVT] CODE_WIFI_ON_SCAN_DONE
[20:31:11:121][  341.435000] [  INFO] netMonitorTask: [20:31:11.435 ] miio_net: Wifi scan done
[20:31:11:137][  341.442000] [NOTICE] netMonitorTask: [20:31:11.442 ] miio_net: insert ssid=Xiaomi_be3600, bssid=42:EE:97:F0:4C:60, pri=11, rssi=-28, authmode=4
[20:31:11:137][  341.455000] [  INFO] netMonitorTask: bl616_wifi_sta_scan: Start scan ssid:Xiaomi_be3600, bssid:FF:FF:FF:FF:FF:FF, channel:11
[20:31:11:169][  341.466000] [  INFO] wifi_driver: platform_hook_prevent_sleep: event: SCAN, prevent: 1
[20:31:11:313][  341.633000] [  INFO] wifi_driver: platform_hook_prevent_sleep: event: SCAN, prevent: 0
[20:31:11:329][  341.638000] [  INFO] wifi_driver: bl616_wifi_event_handler: [APP] [EVT] CODE_WIFI_ON_SCAN_DONE
[20:31:11:329][  341.648000] [  INFO] netMonitorTask: [20:31:11.648 ] miio_net: Wifi scan done
[20:31:11:345][  341.655000] [  INFO] netMonitorTask: bl616_wifi_sta_scan: Start scan ssid:Xiaomi_be3600, bssid:FF:FF:FF:FF:FF:FF, channel:11
[20:31:11:361][  341.665000] [  INFO] wifi_driver: platform_hook_prevent_sleep: event: SCAN, prevent: 1
[20:31:11:525][  341.834000] [  INFO] wifi_driver: platform_hook_prevent_sleep: event: SCAN, prevent: 0
[20:31:11:525][  341.840000] [  INFO] wifi_driver: bl616_wifi_event_handler: [APP] [EVT] CODE_WIFI_ON_SCAN_DONE
[20:31:11:536][  341.849000] [  INFO] netMonitorTask: [20:31:11.849 ] miio_net: Wifi scan done
[20:31:11:536][  341.856000] [  INFO] netMonitorTask: bl616_wifi_sta_scan: Start scan ssid:Xiaomi_be3600, bssid:FF:FF:FF:FF:FF:FF, channel:11
[20:31:11:569][  341.867000] [  INFO] wifi_driver: platform_hook_prevent_sleep: event: SCAN, prevent: 1
[20:31:11:713][  342.034000] [  INFO] wifi_driver: platform_hook_prevent_sleep: event: SCAN, prevent: 0
[20:31:11:729][  342.040000] [  INFO] wifi_driver: bl616_wifi_event_handler: [APP] [EVT] CODE_WIFI_ON_SCAN_DONE
[20:31:11:729][  342.049000] [  INFO] netMonitorTask: [20:31:12.049 ] miio_net: Wifi scan done
[20:31:11:745][  342.056000] [  INFO] netMonitorTask: bl616_wifi_sta_scan: Start scan ssid:Xiaomi_be3600, bssid:FF:FF:FF:FF:FF:FF, channel:11
[20:31:11:761][  342.067000] [  INFO] wifi_driver: platform_hook_prevent_sleep: event: SCAN, prevent: 1
[20:31:11:955][  342.234000] [  INFO] wifi_driver: platform_hook_prevent_sleep: event: SCAN, prevent: 0
[20:31:11:955][  342.239000] [  INFO] wifi_driver: bl616_wifi_event_handler: [APP] [EVT] CODE_WIFI_ON_SCAN_DONE
[20:31:11:955][  342.249000] [  INFO] netMonitorTask: [20:31:12.249 ] miio_net: Wifi scan done
[20:31:11:955][  342.256000] [  INFO] netMonitorTask: bl616_wifi_sta_scan: Start scan ssid:Xiaomi_be3600, bssid:FF:FF:FF:FF:FF:FF, channel:2
[20:31:11:969][  342.266000] [  INFO] wifi_driver: platform_hook_prevent_sleep: event: SCAN, prevent: 1
[20:31:12:112][  342.434000] [  INFO] wifi_driver: platform_hook_prevent_sleep: event: SCAN, prevent: 0
[20:31:12:128][  342.439000] [  INFO] wifi_driver: bl616_wifi_event_handler: [APP] [EVT] CODE_WIFI_ON_SCAN_DONE
[20:31:12:128][  342.448000] [ ERROR] netMonitorTask: wapi_scan_stat: ioctl(SIOCGIWSCAN): 2
[20:31:12:144][  342.455000] [  INFO] netMonitorTask: [20:31:12.455 ] miio_net: Wifi scan done
[20:31:12:144][  342.462000] [  INFO] netMonitorTask: bl616_wifi_sta_scan: Start scan ssid:Xiaomi_be3600, bssid:FF:FF:FF:FF:FF:FF, channel:3
[20:31:12:176][  342.473000] [  INFO] wifi_driver: platform_hook_prevent_sleep: event: SCAN, prevent: 1
[20:31:12:320][  342.640000] [  INFO] wifi_driver: platform_hook_prevent_sleep: event: SCAN, prevent: 0
[20:31:12:335][  342.645000] [  INFO] wifi_driver: bl616_wifi_event_handler: [APP] [EVT] CODE_WIFI_ON_SCAN_DONE
[20:31:12:335][  342.654000] [ ERROR] netMonitorTask: wapi_scan_stat: ioctl(SIOCGIWSCAN): 2
[20:31:12:351][  342.661000] [  INFO] netMonitorTask: [20:31:12.661 ] miio_net: Wifi scan done
[20:31:12:351][  342.668000] [  INFO] netMonitorTask: bl616_wifi_sta_scan: Start scan ssid:Xiaomi_be3600, bssid:FF:FF:FF:FF:FF:FF, channel:4
[20:31:12:383][  342.679000] [  INFO] wifi_driver: platform_hook_prevent_sleep: event: SCAN, prevent: 1
[20:31:12:555][  342.846000] [  INFO] wifi_driver: platform_hook_prevent_sleep: event: SCAN, prevent: 0
[20:31:12:555][  342.852000] [  INFO] wifi_driver: bl616_wifi_event_handler: [APP] [EVT] CODE_WIFI_ON_SCAN_DONE
[20:31:12:555][  342.861000] [ ERROR] netMonitorTask: wapi_scan_stat: ioctl(SIOCGIWSCAN): 2
[20:31:12:557][  342.868000] [  INFO] netMonitorTask: [20:31:12.868 ] miio_net: Wifi scan done
[20:31:12:573][  342.875000] [  INFO] netMonitorTask: bl616_wifi_sta_scan: Start scan ssid:Xiaomi_be3600, bssid:FF:FF:FF:FF:FF:FF, channel:5
[20:31:12:589][  342.886000] [  INFO] wifi_driver: platform_hook_prevent_sleep: event: SCAN, prevent: 1
[20:31:12:732][  343.053000] [  INFO] wifi_driver: platform_hook_prevent_sleep: event: SCAN, prevent: 0
[20:31:12:748][  343.059000] [  INFO] wifi_driver: bl616_wifi_event_handler: [APP] [EVT] CODE_WIFI_ON_SCAN_DONE
[20:31:12:748][  343.067000] [ ERROR] netMonitorTask: wapi_scan_stat: ioctl(SIOCGIWSCAN): 2
[20:31:12:764][  343.075000] [  INFO] netMonitorTask: [20:31:13.075 ] miio_net: Wifi scan done
[20:31:12:764][  343.082000] [  INFO] netMonitorTask: bl616_wifi_sta_scan: Start scan ssid:Xiaomi_be3600, bssid:FF:FF:FF:FF:FF:FF, channel:7
[20:31:12:796][  343.092000] [  INFO] wifi_driver: platform_hook_prevent_sleep: event: SCAN, prevent: 1
[20:31:12:950][  343.260000] [  INFO] wifi_driver: platform_hook_prevent_sleep: event: SCAN, prevent: 0
[20:31:12:955][  343.265000] [  INFO] wifi_driver: bl616_wifi_event_handler: [APP] [EVT] CODE_WIFI_ON_SCAN_DONE
[20:31:12:966][  343.274000] [ ERROR] netMonitorTask: wapi_scan_stat: ioctl(SIOCGIWSCAN): 2
[20:31:12:971][  343.281000] [  INFO] netMonitorTask: [20:31:13.281 ] miio_net: Wifi scan done
[20:31:12:971][  343.288000] [  INFO] netMonitorTask: bl616_wifi_sta_scan: Start scan ssid:Xiaomi_be3600, bssid:FF:FF:FF:FF:FF:FF, channel:8
[20:31:13:003][  343.299000] [  INFO] wifi_driver: platform_hook_prevent_sleep: event: SCAN, prevent: 1
[20:31:13:168][  343.468000] [  INFO] wifi_driver: platform_hook_prevent_sleep: event: SCAN, prevent: 0
[20:31:13:168][  343.473000] [  INFO] wifi_driver: bl616_wifi_event_handler: [APP] [EVT] CODE_WIFI_ON_SCAN_DONE
[20:31:13:168][  343.482000] [ ERROR] netMonitorTask: wapi_scan_stat: ioctl(SIOCGIWSCAN): 2
[20:31:13:177][  343.489000] [  INFO] netMonitorTask: [20:31:13.489 ] miio_net: Wifi scan done
[20:31:13:177][  343.496000] [  INFO] netMonitorTask: bl616_wifi_sta_scan: Start scan ssid:Xiaomi_be3600, bssid:FF:FF:FF:FF:FF:FF, channel:9
[20:31:13:209][  343.507000] [  INFO] wifi_driver: platform_hook_prevent_sleep: event: SCAN, prevent: 1
[20:31:13:351][  343.674000] [  INFO] wifi_driver: platform_hook_prevent_sleep: event: SCAN, prevent: 0
[20:31:13:367][  343.679000] [  INFO] wifi_driver: bl616_wifi_event_handler: [APP] [EVT] CODE_WIFI_ON_SCAN_DONE
[20:31:13:367][  343.688000] [ ERROR] netMonitorTask: wapi_scan_stat: ioctl(SIOCGIWSCAN): 2
[20:31:13:386][  343.696000] [  INFO] netMonitorTask: [20:31:13.695 ] miio_net: Wifi scan done
[20:31:13:399][  343.702000] [  INFO] netMonitorTask: bl616_wifi_sta_scan: Start scan ssid:Xiaomi_be3600, bssid:FF:FF:FF:FF:FF:FF, channel:10
[20:31:13:416][  343.713000] [  INFO] wifi_driver: platform_hook_prevent_sleep: event: SCAN, prevent: 1
[20:31:13:558][  343.881000] [  INFO] wifi_driver: platform_hook_prevent_sleep: event: SCAN, prevent: 0
[20:31:13:584][  343.886000] [  INFO] wifi_driver: bl616_wifi_event_handler: [APP] [EVT] CODE_WIFI_ON_SCAN_DONE
[20:31:13:584][  343.895000] [ ERROR] netMonitorTask: wapi_scan_stat: ioctl(SIOCGIWSCAN): 2
[20:31:13:598][  343.902000] [  INFO] netMonitorTask: [20:31:13.902 ] miio_net: Wifi scan done
[20:31:13:606][  343.909000] [  INFO] netMonitorTask: bl616_wifi_sta_scan: Start scan ssid:Xiaomi_be3600, bssid:FF:FF:FF:FF:FF:FF, channel:12
[20:31:13:622][  343.920000] [  INFO] wifi_driver: platform_hook_prevent_sleep: event: SCAN, prevent: 1
[20:31:13:767][  344.087000] [  INFO] wifi_driver: platform_hook_prevent_sleep: event: SCAN, prevent: 0
[20:31:13:782][  344.093000] [  INFO] wifi_driver: bl616_wifi_event_handler: [APP] [EVT] CODE_WIFI_ON_SCAN_DONE
[20:31:13:782][  344.101000] [ ERROR] netMonitorTask: wapi_scan_stat: ioctl(SIOCGIWSCAN): 2
[20:31:13:798][  344.109000] [  INFO] netMonitorTask: [20:31:14.108 ] miio_net: Wifi scan done
[20:31:13:798][  344.115000] [  INFO] netMonitorTask: bl616_wifi_sta_scan: Start scan ssid:Xiaomi_be3600, bssid:FF:FF:FF:FF:FF:FF, channel:13
[20:31:13:830][  344.126000] [  INFO] wifi_driver: platform_hook_prevent_sleep: event: SCAN, prevent: 1
[20:31:13:974][  344.294000] [  INFO] wifi_driver: platform_hook_prevent_sleep: event: SCAN, prevent: 0
[20:31:13:990][  344.299000] [  INFO] wifi_driver: bl616_wifi_event_handler: [APP] [EVT] CODE_WIFI_ON_SCAN_DONE
[20:31:13:990][  344.308000] [ ERROR] netMonitorTask: wapi_scan_stat: ioctl(SIOCGIWSCAN): 2
[20:31:14:006][  344.315000] [  INFO] netMonitorTask: [20:31:14.315 ] miio_net: Wifi scan done
[20:31:14:006][  344.322000] [NOTICE] netMonitorTask: [20:31:14.322 ] miio_net: wifi scan finished, 1 Xiaomi_be3600 found.
[20:31:14:022][  344.332000] [NOTICE] netMonitorTask: [20:31:14.332 ] miio_net: bingo ssid=Xiaomi_be3600, bssid=42:EE:97:F0:4C:60, pri=11, rssi=-28
[20:31:14:038][  344.344000] [  INFO] netMonitorTask: bl616_wifi_sta_freq: set channel: 11, freq: 2462
[20:31:14:038][  344.351000] [  INFO] netMonitorTask: bl616_wifi_sta_connect: connect ssid:Xiaomi_be3600
[20:31:14:054][  344.359000] [  INFO] netMonitorTask: bl616_wifi_sta_connect: connect bssid:42:ee:97:f0:4c:60
[20:31:14:054][  344.367000] [  INFO] netMonitorTask: bl616_wifi_sta_connect: connect channel:11
[20:31:14:070][  344.374000] [  INFO] netMonitorTask: bl616_wifi_sta_connect: PTA 2 -> 4, window 8 interval 160
[20:31:14:086][  344.383000] [  INFO] netMonitorTask: platform_hook_prevent_sleep: event: CONNECT, prevent: 1
[20:31:14:197][  344.494000] [  INFO] wifi_driver: platform_hook_prevent_sleep: event: SCAN, prevent: 1
[20:31:14:326][  344.626000] [  INFO] wifi_driver: platform_hook_prevent_sleep: event: SCAN, prevent: 0
[20:31:14:408][  344.730000] [  INFO] WPA: platform_hook_prevent_sleep: event: CONNECT, prevent: 0
[20:31:14:421][  344.735000] [  INFO] wifi_driver: platform_hook_prevent_sleep: event: CONNECT, prevent: 0
[20:31:14:437][  344.743000] [  INFO] wifi_driver: bl616_wlan_sta_set_linkstatus: INFO: Wi-Fi station link up 0
[20:31:14:437][  344.751000] [  INFO] wifi_driver: bl616_wifi_event_handler: [APP] [EVT] CODE_WIFI_ON_CONNECTED
[20:31:14:453][  344.760000] [  INFO] wifi_driver: platform_hook_prevent_sleep: event: CONNECT, prevent: 0
[20:31:14:453][  344.769000] [  INFO] netMonitorTask: [20:31:14.769 ] arch_wifi: dhcp begin
[20:31:14:469][  344.778000] [NOTICE] miio_client: [20:31:14.778 ] miio_netlink: wlan0 link up
[20:31:14:517][  344.837000] [  INFO] netMonitorTask: [20:31:14.837 ] arch_wifi: dhcp end
[20:31:14:533][  344.842000] [NOTICE] netMonitorTask: [20:31:14.841 ] miio_net: Wifi station connected
[20:31:14:533][  344.849000] [NOTICE] netMonitorTask: [20:31:14.849 ] miio_net: Wifi station got ip
[20:31:14:549][  344.857000] [  INFO] netMonitorTask: [20:31:14.857 ] arch_net: Current IP Info:
[20:31:14:549][  344.864000] [  INFO] netMonitorTask: [20:31:14.864 ] arch_net: IP[192.168.3.66]
[20:31:14:565][  344.871000] [  INFO] netMonitorTask: [20:31:14.871 ] arch_net: Netmask[255.255.255.0]
[20:31:14:565][  344.879000] [  INFO] netMonitorTask: [20:31:14.879 ] arch_net: Gateway[192.168.3.1]
[20:31:14:581][  344.890000] [  INFO] mi_otn: [20:31:14.890 ] miio_net: miio_net_provision_stat_hook called
[20:31:14:581][  344.902000] [  INFO] otu_task: [20:31:14.901 ] otu: Opened.
[20:31:14:597][  344.906000] [NOTICE] ots_task: [20:31:14.906 ] ots: ots connect 124.251.34.212::443...
[20:31:14:597][  344.914000] [NOTICE] ots_task: [20:31:14.914 ] tls: opening
[20:31:14:629][  344.923000] [NOTICE] ots_task: [20:31:14.923 ] tls: connect to server Mijia Cloud, domain is 124.251.34.212, port is 443.
[20:31:15:202][  345.509000] [NOTICE] ots_task: [20:31:15.509 ] tls: Socket Connected.
[20:31:19:745][  349.411000] [NOTICE] ots_task: [20:31:19.411 ] tls: handshake ok! Protocol is TLSv1.2, Ciphersuite is TLS-PSK-WITH-AES-128-GCM-SHA256.
[20:31:19:745][  349.421000] [NOTICE] ots_task: [20:31:19.420 ] ots: Connected.
[20:31:19:745][  349.428000] [  INFO] ots_task: [20:31:19.428 ] miio_net: miio_net_provision_stat_hook called
[20:31:19:745][  349.438000] [NOTICE] mi_otn: [20:31:19.438 ] ots: -->sync sent.
[20:31:19:745][  349.545000] [NOTICE] mi_otn: [20:31:19.545 ] ots: -->login sent.
[20:31:19:745][  349.549000] [  INFO] mi_otn: [20:31:19.549 ] miio_net: miio_net_provision_stat_hook called
[20:31:19:745][  349.615000] [NOTICE] ots_task: [20:31:19.615 ] ots: <--sync ack.
[20:31:19:745][  349.770000] [  INFO] lpwork: bl616_coex_restore_work: Restore PTA 4 -> 2
[20:31:19:745][  349.891000] [NOTICE] ots_task: [20:31:19.891 ] ots: <--login ack, code=0.
[20:31:19:745][  349.897000] [NOTICE] mi_otn: [20:31:19.897 ] miio_ot: info(ots) will start in 0 ms...
[20:31:19:745][  349.904000] [  INFO] mi_otn: [20:31:19.904 ] miio_instance: miio_online_hook_default called
[20:31:19:745][  350.011000] [  INFO] mi_otn: [20:31:20.011 ] arch_wifi: calculate pmk cost: 92ms
[20:31:19:885][  350.190000] [  INFO] mi_otn: [20:31:20.190 ] miio_net_analyse: reporting the miio offline information 
[20:31:19:901][  350.206000] [  INFO] mi_otn: [20:31:20.206 ] miio_net_analyse: miio_online_stats_gather 
[20:31:19:916][  350.212000] [  INFO] mi_otn: [20:31:20.212 ] miio_net_analyse: prepare online event information ip=192.168.3.66, gw=192.168.3.1, netmask=255.255.255.0, rssi=-29
[20:31:19:926][  350.236000] [  INFO] mi_otn: [20:31:20.236 ] miio_pm: pm_config: 1
[20:31:19:933][  350.240000] [  INFO] mi_otn: [20:31:20.240 ] miio_net: miio monitor switch to low power!
[20:31:19:943][  350.248000] [  INFO] mi_otn: [20:31:20.248 ] miio_pm: lock_status: 2, unlock[0]
[20:31:19:948][  350.255000] [  INFO] mi_otn: [20:31:20.255 ] miio_info: 2 props left, 2 events left.
[20:31:19:956][  350.263000] [  INFO] mi_otn: [20:31:20.263 ] miio_info: some props/events has not been sent, the switch will be excuted later..
[20:31:19:956][  350.276000] [  INFO] mi_otn: [20:31:20.276 ] arch_wifi: set powersave on ok!
[20:31:19:974][  350.281000] [  INFO] mi_otn: [20:31:20.281 ] arch_pm: pm_mode switch to 0 succeed!
[20:31:19:982][  350.289000] [  INFO] mi_otn: [20:31:20.289 ] miio_pm: lock_status: 0, unlock[1]
[20:31:19:984][  350.296000] [  INFO] mi_otn: [20:31:20.296 ] miio_pm_uart: Command Recv Timeout: 1800000
[20:31:20:004][  350.304000] [  INFO] mi_otn: [20:31:20.304 ] miio_pm_instance: enable uart sleep.
[20:31:20:004][  350.312000] [  WARN] mi_otn: [20:31:20.312 ] miio_client_func: Got online msg.
[20:31:20:022][  350.322000] [  INFO] mi_otn: [20:31:20.322 ] miio_instance: miio_info_kvs_hook_default called
[20:31:20:022][  350.334000] [NOTICE] mi_otn: [20:31:20.334 ] miio_ot: up _otc.info:{"id":1650393105,"method":"_otc.info","params":{"life":350,"model":"xiaomi.dev.bl3","token":"06dd************************441a","ipflag":1,"fw_ver":"1.0.3","miio_ver":"0.1.0","hw_ver":"BL616-BL3","chip_ver":1,"mmfree":109200,"mac":"C4:93:BB:AD:C8:29","wifi_fw_ver":"WifiVer.N\/A","ap":{"ssid":"Xiaomi_be3600","bssid":"42:EE:97:F0:4C:60","rssi":-29,"primary":11},"netif":{"localIp":"192.168.3.66","mask":"255.255.255.0","gw":"192.168.3.1"},"uid":1205295674}}
[20:31:20:071][  350.378000] [  INFO] mi_otn: [20:31:20.377 ] miio_ot: -->info(ots).
[20:31:20:086][  350.396000] [  INFO] netMonitorTask: [20:31:20.396 ] miio_net: task_monitor enter powersave!
[20:31:20:100][  350.405000] [  INFO] netMonitorTask: [20:31:20.405 ] miio_monitor: work time = 350s, memory left = 111192
[20:31:20:117][  350.414000] [  WARN] Idle Task: bl616_pmtickless: --->>> [10]:On, [H]:490, [15:mi_otn]
[20:31:20:613][  350.924000] [  WARN] Idle Task: bl616_pmtickless: <<<--- [R]:RTC, [R]:499, [W]:348, [L]:68
[20:31:20:630][  350.933000] [  INFO] mi_otn: [20:31:20.933 ] miio_ot: -->pull ip list sent.
[20:31:20:636][  350.944000] [  WARN] Idle Task: bl616_pmtickless: --->>> [10]:On, [H]:942, [1107536064:]
[20:31:21:074][  351.380000] [  WARN] Idle Task: bl616_pmtickless: <<<--- [R]:WIFI, [R]:425, [W]:349, [L]:68
[20:31:21:106][  351.411000] [  WARN] Idle Task: bl616_pmtickless: --->>> [10]:On, [H]:2980, [15:mi_otn]
[20:31:22:098][  352.405000] [  WARN] Idle Task: bl616_pmtickless: <<<--- [R]:WIFI, [R]:983, [W]:350, [L]:68
[20:31:22:115][  352.430000] [  INFO] mi_otn: [20:31:22.430 ] miio_ot: <--info ack(ots).
[20:31:22:130][  352.444000] [  INFO] mi_otn: [20:31:22.444 ] miio_instance: <--query upgrade ack.
[20:31:22:145][  352.455000] [  WARN] Idle Task: bl616_pmtickless: --->>> [10]:On, [H]:1485, [1107536064:]
[20:31:23:132][  353.431000] [  WARN] Idle Task: bl616_pmtickless: <<<--- [R]:WIFI, [R]:965, [W]:351, [L]:68
[20:31:23:154][  353.462000] [  WARN] Idle Task: bl616_pmtickless: --->>> [10]:On, [H]:1428, [954:]
[20:31:24:594][  354.909000] [  WARN] Idle Task: bl616_pmtickless: <<<--- [R]:RTC, [R]:1437, [W]:352, [L]:68
[20:31:24:594][  354.920000] [  INFO] lpwork: [20:31:24.920 ] miio_pm: pm_config: 1
[20:31:24:609][  354.924000] [  INFO] lpwork: [20:31:24.924 ] miio_net: miio monitor switch to low power!
[20:31:24:609][  354.932000] [  INFO] lpwork: [20:31:24.932 ] miio_pm: pm_lock[0]: already unlocked
[20:31:24:609][  354.939000] [  INFO] lpwork: [20:31:24.939 ] miio_pm: lock_status: 0, unlock[0]
[20:31:24:625][  354.947000] [  INFO] lpwork: [20:31:24.947 ] miio_info: 2 props left, 2 events left.
[20:31:24:641][  354.954000] [  INFO] lpwork: [20:31:24.954 ] miio_info: some props/events has not been sent, the switch will be excuted later..
[20:31:24:657][  354.975000] [  INFO] netMonitorTask: [20:31:24.975 ] miio_net: task_monitor enter powersave!
[20:31:24:674][  354.983000] [  WARN] Idle Task: bl616_pmtickless: --->>> [10]:On, [H]:1488, [1107536064:]
[20:31:25:681][  355.995000] [  WARN] Idle Task: bl616_pmtickless: <<<--- [R]:WIFI, [R]:1000, [W]:353, [L]:68
[20:31:25:681][  356.016000] [  INFO] mi_otn: [20:31:26.016 ] miio_info: 2 props left, 2 events left.
[20:31:25:696][  356.021000] [  INFO] mi_otn: [20:31:26.021 ] miio_info: some props/events has not been sent, the switch will be excuted later..
[20:31:25:712][  356.033000] [  INFO] mi_otn: [20:31:26.033 ] miio_info: 2 props left, 1 events left.
[20:31:25:712][  356.040000] [  INFO] mi_otn: [20:31:26.040 ] miio_info: some props/events has not been sent, the switch will be excuted later..
[20:31:25:744][  356.055000] [  WARN] Idle Task: bl616_pmtickless: --->>> [10]:On, [H]:3914, [15:mi_otn]
[20:31:29:678][  359.989000] [  WARN] Idle Task: bl616_pmtickless: <<<--- [R]:RTC, [R]:3923, [W]:356, [L]:68
[20:31:29:693][  360.010000] [  WARN] Idle Task: bl616_pmtickless: --->>> [10]:On, [H]:1492, [1107536064:]
[20:31:29:774][  360.094000] [  WARN] Idle Task: bl616_pmtickless: <<<--- [R]:WIFI, [R]:73, [W]:357, [L]:68
[20:31:29:790][  360.116000] [  INFO] mi_otn: [20:31:30.116 ] miio_info: 0 props left, 1 events left.
[20:31:29:790][  360.122000] [  INFO] mi_otn: [20:31:30.121 ] miio_info: some props/events has not been sent, the switch will be excuted later..
[20:31:29:822][  360.135000] [  WARN] Idle Task: bl616_pmtickless: --->>> [10]:On, [H]:3871, [15:mi_otn]
[20:31:30:799][  361.120000] [  WARN] Idle Task: bl616_pmtickless: <<<--- [R]:WIFI, [R]:974, [W]:358, [L]:68
[20:31:30:816][  361.138000] [  INFO] mi_otn: [20:31:31.138 ] miio_info: 0 props left, 0 events left.
[20:31:30:832][  361.154000] [  WARN] Idle Task: bl616_pmtickless: --->>> [10]:On, [H]:49168, [15:mi_otn]
[20:31:35:925][  366.243000] [  WARN] Idle Task: bl616_pmtickless: <<<--- [R]:WIFI, [R]:5078, [W]:363, [L]:68
[20:31:35:951][  366.275000] [  WARN] Idle Task: bl616_pmtickless: --->>> [10]:On, [H]:44047, [15:mi_otn]
[20:32:20:015][  410.342000] [  WARN] Idle Task: bl616_pmtickless: <<<--- [R]:RTC, [R]:44056, [W]:406, [L]:71
[20:32:20:031][  410.360000] [  WARN] Idle Task: bl616_pmtickless: --->>> [10]:On, [H]:41785, [15:mi_otn]
[20:32:21:379][  411.718000] [  WARN] Idle Task: bl616_pmtickless: <<<--- [R]:WIFI, [R]:1347, [W]:408, [L]:71
[20:32:21:411][  411.746000] [  WARN] Idle Task: bl616_pmtickless: --->>> [10]:On, [H]:40399, [15:mi_otn]
[20:32:47:595][  437.937000] [  WARN] Idle Task: bl616_pmtickless: <<<--- [R]:WIFI, [R]:26180, [W]:434, [L]:73
[20:32:47:628][  437.970000] [  WARN] Idle Task: bl616_pmtickless: --->>> [10]:On, [H]:14175, [15:mi_otn]
[20:33:01:824][  452.165000] [  WARN] Idle Task: bl616_pmtickless: <<<--- [R]:RTC, [R]:14184, [W]:448, [L]:74
[20:33:01:824][  452.177000] [  INFO] mi_otn: [20:33:02.177 ] ots: -->kplv sent.
[20:33:01:840][  452.183000] [  WARN] Idle Task: bl616_pmtickless: --->>> [10]:On, [H]:1493, [1107536064:]
[20:33:03:355][  453.696000] [  WARN] Idle Task: bl616_pmtickless: <<<--- [R]:RTC, [R]:1502, [W]:449, [L]:74
[20:33:03:419][  453.757000] [  WARN] Idle Task: bl616_pmtickless: --->>> [10]:On, [H]:2949, [1107536064:]
[20:33:03:773][  454.124000] [  WARN] Idle Task: bl616_pmtickless: <<<--- [R]:WIFI, [R]:356, [W]:450, [L]:74
[20:33:03:789][  454.141000] [  INFO] ots_task: [20:33:04.141 ] ots: <--kplv ack.
[20:33:03:822][  454.158000] [  WARN] Idle Task: bl616_pmtickless: --->>> [10]:On, [H]:58297, [15:mi_otn]
[20:33:51:501][  501.850000] [  WARN] Idle Task: bl616_pmtickless: <<<--- [R]:WIFI, [R]:47681, [W]:497, [L]:76
[20:33:51:533][  501.886000] [  WARN] Idle Task: bl616_pmtickless: --->>> [10]:On, [H]:10569, [15:mi_otn]
[20:34:02:119][  512.475000] [  WARN] Idle Task: bl616_pmtickless: <<<--- [R]:RTC, [R]:10578, [W]:507, [L]:77
[20:34:02:151][  512.506000] [  WARN] Idle Task: bl616_pmtickless: --->>> [10]:On, [H]:3975, [15:mi_otn]
[20:34:03:996][  514.348000] [  WARN] Idle Task: bl616_pmtickless: <<<--- [R]:WIFI, [R]:1831, [W]:509, [L]:78
[20:34:04:029][  514.380000] [  WARN] Idle Task: bl616_pmtickless: --->>> [10]:On, [H]:2088, [15:mi_otn]
[20:34:06:134][  516.488000] [  WARN] Idle Task: bl616_pmtickless: <<<--- [R]:RTC, [R]:2097, [W]:511, [L]:78
[20:34:06:150][  516.511000] [  WARN] Idle Task: bl616_pmtickless: --->>> [10]:On, [H]:2990, [1107536064:]
[20:34:07:164][  517.531000] [  WARN] Idle Task: bl616_pmtickless: <<<--- [R]:WIFI, [R]:1009, [W]:512, [L]:78
[20:34:07:211][  517.564000] [  WARN] Idle Task: bl616_pmtickless: --->>> [10]:On, [H]:90987, [15:mi_otn]
[20:34:08:191][  518.551000] [  WARN] Idle Task: bl616_pmtickless: <<<--- [R]:WIFI, [R]:976, [W]:513, [L]:78
[20:34:08:223][  518.580000] [  WARN] Idle Task: bl616_pmtickless: --->>> [10]:On, [H]:89972, [15:mi_otn]
[20:34:32:359][  542.722000] [  WARN] Idle Task: bl616_pmtickless: <<<--- [R]:WIFI, [R]:24132, [W]:537, [L]:80
[20:34:32:391][  542.759000] [  WARN] Idle Task: bl616_pmtickless: --->>> [10]:On, [H]:65792, [15:mi_otn]
[20:34:37:881][  548.255000] [  WARN] Idle Task: bl616_pmtickless: <<<--- [R]:WIFI, [R]:5485, [W]:543, [L]:82
[20:34:37:913][  548.288000] [  WARN] Idle Task: bl616_pmtickless: --->>> [10]:On, [H]:60263, [15:mi_otn]
[20:34:56:937][  567.306000] [  WARN] Idle Task: bl616_pmtickless: <<<--- [R]:WIFI, [R]:19007, [W]:564, [L]:91
[20:34:56:969][  567.336000] [  WARN] Idle Task: bl616_pmtickless: --->>> [10]:On, [H]:41215, [15:mi_otn]
[20:35:36:055][  606.429000] [  WARN] Idle Task: bl616_pmtickless: <<<--- [R]:WIFI, [R]:39082, [W]:604, [L]:99
[20:35:36:087][  606.465000] [  WARN] Idle Task: bl616_pmtickless: --->>> [10]:On, [H]:2086, [15:mi_otn]
[20:35:37:071][  607.455000] [  WARN] Idle Task: bl616_pmtickless: <<<--- [R]:WIFI, [R]:979, [W]:605, [L]:99
[20:35:37:103][  607.490000] [  WARN] Idle Task: bl616_pmtickless: --->>> [10]:On, [H]:1061, [15:mi_otn]
[20:35:38:185][  608.571000] [  WARN] Idle Task: bl616_pmtickless: <<<--- [R]:RTC, [R]:1070, [W]:606, [L]:99
[20:35:38:194][  608.583000] [  INFO] mi_otn: [20:35:38.583 ] ots: -->kplv sent.
[20:35:38:200][  608.589000] [  WARN] Idle Task: bl616_pmtickless: --->>> [10]:On, [H]:2993, [1107536064:]
[20:35:39:937][  610.325000] [  WARN] Idle Task: bl616_pmtickless: <<<--- [R]:WIFI, [R]:1725, [W]:608, [L]:100
[20:35:39:953][  610.344000] [  INFO] ots_task: [20:35:40.344 ] ots: <--kplv ack.
[20:35:39:969][  610.355000] [  WARN] Idle Task: bl616_pmtickless: --->>> [10]:On, [H]:44627, [19:netMonitorTask]
[20:36:23:149][  653.545000] [  WARN] Idle Task: bl616_pmtickless: <<<--- [R]:WIFI, [R]:43179, [W]:653, [L]:112
[20:36:23:197][  653.581000] [  WARN] Idle Task: bl616_pmtickless: --->>> [10]:On, [H]:1401, [19:netMonitorTask]
[20:36:24:591][  655.003000] [  WARN] Idle Task: bl616_pmtickless: <<<--- [R]:RTC, [R]:1410, [W]:654, [L]:112
[20:36:24:606][  655.014000] [  INFO] netMonitorTask: [20:36:25.014 ] miio_monitor: work time = 655s, memory left = 111968
[20:36:24:623][  655.023000] [  WARN] Idle Task: bl616_pmtickless: --->>> [10]:On, [H]:46327, [15:mi_otn]
[20:36:54:492][  684.887000] [  WARN] Idle Task: bl616_pmtickless: <<<--- [R]:WIFI, [R]:29853, [W]:684, [L]:114
[20:36:54:524][  684.919000] [  WARN] Idle Task: bl616_pmtickless: --->>> [10]:On, [H]:16431, [15:mi_otn]
[20:37:10:954][  701.370000] [  WARN] Idle Task: bl616_pmtickless: <<<--- [R]:RTC, [R]:16440, [W]:700, [L]:115
[20:37:10:986][  701.383000] [  INFO] mi_otn: [20:37:11.382 ] ots: -->kplv sent.
[20:37:10:986][  701.388000] [  WARN] Idle Task: bl616_pmtickless: --->>> [10]:On, [H]:2993, [1107536064:]
[20:37:13:998][  704.401000] [  WARN] Idle Task: bl616_pmtickless: <<<--- [R]:RTC, [R]:3002, [W]:703, [L]:115
[20:37:14:012][  704.415000] [  WARN] Idle Task: bl616_pmtickless: --->>> [10]:On, [H]:5996, [1107536064:]
[20:37:14:958][  705.375000] [  WARN] Idle Task: bl616_pmtickless: <<<--- [R]:WIFI, [R]:949, [W]:705, [L]:116
[20:37:14:973][  705.390000] [  INFO] ots_task: [20:37:15.390 ] ots: <--kplv ack.
[20:37:15:006][  705.408000] [  WARN] Idle Task: bl616_pmtickless: --->>> [10]:On, [H]:90987, [15:mi_otn]
[20:37:53:265][  743.675000] [  WARN] Idle Task: bl616_pmtickless: <<<--- [R]:WIFI, [R]:38256, [W]:744, [L]:123
[20:37:53:297][  743.708000] [  WARN] Idle Task: bl616_pmtickless: --->>> [10]:On, [H]:52687, [15:mi_otn]
[20:38:27:494][  777.906000] [  WARN] Idle Task: bl616_pmtickless: <<<--- [R]:AP_LOSS, [R]:34187, [W]:781, [L]:134
[20:38:27:526][  777.948000] [  WARN] Idle Task: bl616_pmtickless: --->>> [10]:On, [H]:18447, [15:mi_otn]
[20:38:31:079][  781.496000] [  WARN] Idle Task: bl616_pmtickless: <<<--- [R]:AP_LOSS, [R]:3537, [W]:787, [L]:140
[20:38:31:113][  781.538000] [  WARN] Idle Task: bl616_pmtickless: --->>> [10]:On, [H]:14857, [15:mi_otn]
[20:38:34:684][  785.112000] [  WARN] Idle Task: bl616_pmtickless: <<<--- [R]:AP_LOSS, [R]:3563, [W]:793, [L]:146
[20:38:34:716][  785.155000] [  INFO] wifi_fw: platform_hook_prevent_sleep: event: DISCONNECT, prevent: 1
[20:38:34:736][  785.162000] [  INFO] wifi_driver: platform_hook_prevent_sleep: event: DISCONNECT, prevent: 0
[20:38:34:748][  785.169000] [  INFO] wifi_driver: bl616_wlan_sta_set_linkstatus: INFO: Wi-Fi station link down 0
[20:38:34:756][  785.178000] [  INFO] wifi_driver: bl616_wifi_event_handler: [APP] [EVT] CODE_WIFI_ON_DISCONNECT, status 16, reason 65535
[20:38:34:756][  785.191000] [ ERROR] ots_task: [20:38:35.191 ] tls: mbedtls_ssl_read returned -0x4c
[20:38:34:756][  785.197000] [NOTICE] miio_client: [20:38:35.197 ] miio_netlink: wlan0 link down
[20:38:34:772][  785.205000] [  WARN] mi_otn: [20:38:35.205 ] ots: ots reconnect will start in 6943 ms...
[20:38:34:788][  785.212000] [  INFO] mi_otn: [20:38:35.212 ] miio_instance:  miio_offline_hook_default called
[20:38:34:790][  785.221000] [  INFO] mi_otn: [20:38:35.221 ] arch_wifi: set powersave off ok!
[20:38:34:790][  785.227000] [  INFO] mi_otn: [20:38:35.227 ] arch_pm: pm_mode switch to 1 succeed!
[20:38:34:815][  785.235000] [  INFO] mi_otn: [20:38:35.235 ] miio_pm: lock_status: 1, lock[0]
[20:38:34:815][  785.242000] [  INFO] mi_otn: [20:38:35.242 ] miio_net: miio monitor switch to high power!
[20:38:34:824][  785.250000] [  INFO] mi_otn: [20:38:35.250 ] miio_pm: lock_status: 3, lock[1]
[20:38:34:831][  785.257000] [  INFO] mi_otn: [20:38:35.257 ] miio_pm_uart: Command Recv Timeout: 10000
[20:38:34:831][  785.265000] [  INFO] mi_otn: [20:38:35.265 ] miio_pm_instance: disable uart sleep.
[20:38:34:852][  785.273000] [  INFO] mi_otn: [20:38:35.273 ] miio_net_analyse: enable the miio offline detect feature 
[20:38:34:856][  785.282000] [  WARN] mi_otn: [20:38:35.282 ] miio_client_func: Got offline msg.
[20:38:34:858][  785.290000] [NOTICE] netMonitorTask: [20:38:35.290 ] miio_net: Wifi station disconnected
[20:38:34:870][  785.298000] [  WARN] netMonitorTask: [20:38:35.298 ] miio_net: miio_wifi_disconnect
[20:38:34:880][  785.305000] [  INFO] netMonitorTask: bl616_wifi_sta_disconnect: disconnect Wi-Fi
[20:38:34:886][  785.314000] [  INFO] netMonitorTask: bl616_wifi_sta_disconnect: disconnect Wi-Fi
[20:38:34:886][  785.322000] [  INFO] netMonitorTask: bl616_wifi_sta_freq: set channel: 11, freq: 2462
[20:38:34:886][  785.328000] [  INFO] netMonitorTask: bl616_wifi_sta_connect: connect ssid:Xiaomi_be3600
[20:38:34:902][  785.335000] [  INFO] netMonitorTask: bl616_wifi_sta_connect: connect bssid:42:ee:97:f0:4c:60
[20:38:34:919][  785.344000] [  INFO] netMonitorTask: bl616_wifi_sta_connect: connect channel:11
[20:38:34:919][  785.351000] [  INFO] netMonitorTask: bl616_wifi_sta_connect: PTA 2 -> 4, window 8 interval 160
[20:38:34:950][  785.360000] [  INFO] netMonitorTask: platform_hook_prevent_sleep: event: CONNECT, prevent: 1
[20:38:34:950][  785.380000] [  INFO] wifi_driver: platform_hook_prevent_sleep: event: SCAN, prevent: 1
[20:38:34:955][  785.389000] [  INFO] ots_task: [20:38:35.388 ] ots: closed.
[20:38:34:955][  785.393000] [  INFO] otu_task: [20:38:35.393 ] udp: udp recv ctrl event.
[20:38:34:973][  785.398000] [  INFO] otu_task: [20:38:35.398 ] otu: closing.
[20:38:34:987][  785.406000] [  INFO] otu_task: [20:38:35.406 ] otu: closed.
[20:38:35:070][  785.511000] [  INFO] wifi_driver: platform_hook_prevent_sleep: event: SCAN, prevent: 0
[20:38:35:086][  785.517000] [  INFO] WPA: platform_hook_prevent_sleep: event: CONNECT, prevent: 0
[20:38:35:086][  785.524000] [  INFO] WPA: platform_hook_prevent_sleep: event: DISCONNECT, prevent: 0
[20:38:35:106][  785.532000] [  INFO] wifi_driver: bl616_wifi_event_handler: [APP] [EVT] CODE_WIFI_ON_DISCONNECT, status 12, reason 0
[20:38:35:106][  785.543000] [ ERROR] netMonitorTask: bl616_wifi_sta_connect: ERROR: connect Wi-Fi ret=12
[20:38:35:130][  785.550000] [  INFO] netMonitorTask: bl616_coex_restore_work: Restore PTA 4 -> 2
[20:38:35:130][  785.558000] [ ERROR] netMonitorTask: wlan_ioctl: ERROR: Failed to connect
[20:38:35:134][  785.564000] [ ERROR] netMonitorTask: wapi_set_ap: ioctl(SIOCSIWAP): 12
[20:38:35:134][  785.573000] [  INFO] netMonitorTask: bl616_wifi_sta_freq: set channel: 11, freq: 2462
[20:38:35:150][  785.580000] [  INFO] netMonitorTask: bl616_wifi_sta_connect: connect ssid:Xiaomi_be3600
[20:38:35:150][  785.587000] [  INFO] netMonitorTask: bl616_wifi_sta_connect: connect bssid:42:ee:97:f0:4c:60
[20:38:35:166][  785.595000] [  INFO] netMonitorTask: bl616_wifi_sta_connect: connect channel:11
[20:38:35:166][  785.602000] [  INFO] netMonitorTask: bl616_wifi_sta_connect: PTA 2 -> 4, window 8 interval 160
[20:38:35:182][  785.611000] [  INFO] netMonitorTask: platform_hook_prevent_sleep: event: CONNECT, prevent: 1
[20:38:35:214][  785.633000] [  INFO] wifi_driver: platform_hook_prevent_sleep: event: SCAN, prevent: 1
[20:38:35:334][  785.764000] [  INFO] wifi_driver: platform_hook_prevent_sleep: event: SCAN, prevent: 0
[20:38:35:341][  785.770000] [  INFO] WPA: platform_hook_prevent_sleep: event: CONNECT, prevent: 0
[20:38:35:341][  785.777000] [  INFO] WPA: platform_hook_prevent_sleep: event: DISCONNECT, prevent: 0
[20:38:35:357][  785.785000] [  INFO] wifi_driver: bl616_wifi_event_handler: [APP] [EVT] CODE_WIFI_ON_DISCONNECT, status 12, reason 0
[20:38:35:357][  785.796000] [ ERROR] netMonitorTask: bl616_wifi_sta_connect: ERROR: connect Wi-Fi ret=12
[20:38:35:373][  785.803000] [  INFO] netMonitorTask: bl616_coex_restore_work: Restore PTA 4 -> 2
[20:38:35:373][  785.811000] [ ERROR] netMonitorTask: wlan_ioctl: ERROR: Failed to connect
[20:38:35:389][  785.818000] [ ERROR] netMonitorTask: wapi_set_ap: ioctl(SIOCSIWAP): 12
[20:38:35:389][  785.826000] [  INFO] netMonitorTask: bl616_wifi_sta_freq: set channel: 11, freq: 2462
[20:38:35:405][  785.833000] [  INFO] netMonitorTask: bl616_wifi_sta_connect: connect ssid:Xiaomi_be3600
[20:38:35:405][  785.840000] [  INFO] netMonitorTask: bl616_wifi_sta_connect: connect bssid:42:ee:97:f0:4c:60
[20:38:35:421][  785.848000] [  INFO] netMonitorTask: bl616_wifi_sta_connect: connect channel:11
[20:38:35:421][  785.856000] [  INFO] netMonitorTask: bl616_wifi_sta_connect: PTA 2 -> 4, window 8 interval 160
[20:38:35:437][  785.864000] [  INFO] netMonitorTask: platform_hook_prevent_sleep: event: CONNECT, prevent: 1
[20:38:35:469][  785.886000] [  INFO] wifi_driver: platform_hook_prevent_sleep: event: SCAN, prevent: 1
[20:38:35:580][  786.017000] [  INFO] wifi_driver: platform_hook_prevent_sleep: event: SCAN, prevent: 0
[20:38:35:596][  786.023000] [  INFO] WPA: platform_hook_prevent_sleep: event: CONNECT, prevent: 0
[20:38:35:596][  786.030000] [  INFO] WPA: platform_hook_prevent_sleep: event: DISCONNECT, prevent: 0
[20:38:35:612][  786.038000] [  INFO] wifi_driver: bl616_wifi_event_handler: [APP] [EVT] CODE_WIFI_ON_DISCONNECT, status 12, reason 0
[20:38:35:691][  786.049000] [ ERROR] netMonitorTask: bl616_wifi_sta_connect: ERROR: connect Wi-Fi ret=12
[20:38:35:691][  786.057000] [  INFO] netMonitorTask: bl616_coex_restore_work: Restore PTA 4 -> 2
[20:38:35:691][  786.064000] [ ERROR] netMonitorTask: wlan_ioctl: ERROR: Failed to connect
[20:38:35:691][  786.071000] [ ERROR] netMonitorTask: wapi_set_ap: ioctl(SIOCSIWAP): 12
[20:38:35:691][  786.078000] [  WARN] netMonitorTask: [20:38:36.078 ] miio_net: none best ap
[20:38:35:691][  786.084000] [  INFO] netMonitorTask: [20:38:36.084 ] miio_net: sta disconnect, then new connect faild: -9, and no other ap of same ssid found
[20:38:35:691][  786.097000] [NOTICE] netMonitorTask: [20:38:36.097 ] miio_net: clear ap-info list when starting scan
[20:38:35:691][  786.106000] [  INFO] netMonitorTask: bl616_wifi_sta_scan: Start scan ssid:Xiaomi_be3600, bssid:FF:FF:FF:FF:FF:FF, channel:11
[20:38:35:702][  786.117000] [  INFO] wifi_driver: platform_hook_prevent_sleep: event: SCAN, prevent: 1
[20:38:35:852][  786.286000] [  INFO] wifi_driver: platform_hook_prevent_sleep: event: SCAN, prevent: 0
[20:38:35:852][  786.291000] [  INFO] wifi_driver: bl616_wifi_event_handler: [APP] [EVT] CODE_WIFI_ON_SCAN_DONE
[20:38:35:867][  786.300000] [ ERROR] netMonitorTask: wapi_scan_stat: ioctl(SIOCGIWSCAN): 2
[20:38:35:867][  786.310000] [  INFO] netMonitorTask: [20:38:36.309 ] miio_monitor: work time = 786s, memory left = 127552
[20:38:35:883][  786.317000] [  INFO] netMonitorTask: [20:38:36.317 ] miio_net_analyse: recording the miio offline with reason 40 
[20:38:35:899][  786.327000] [  INFO] netMonitorTask: [20:38:36.327 ] miio_net_analyse: dump miio offline info : start_time 1775219916, reason 40, dev_ip 192.168.3.66, gateway 192.168.3.1, rssi -29 
[20:38:35:915][  786.343000] [  INFO] netMonitorTask: [20:38:36.343 ] miio_net_analyse: _miio_offline_info_store
[20:38:35:915][  786.353000] [  INFO] netMonitorTask: [20:38:36.352 ] miio_net: Wifi scan done
[20:38:35:932][  786.359000] [  INFO] netMonitorTask: bl616_wifi_sta_scan: Start scan ssid:Xiaomi_be3600, bssid:FF:FF:FF:FF:FF:FF, channel:11
[20:38:35:947][  786.370000] [  INFO] wifi_driver: platform_hook_prevent_sleep: event: SCAN, prevent: 1
[20:38:36:107][  786.537000] [  INFO] wifi_driver: platform_hook_prevent_sleep: event: SCAN, prevent: 0
[20:38:36:107][  786.543000] [  INFO] wifi_driver: bl616_wifi_event_handler: [APP] [EVT] CODE_WIFI_ON_SCAN_DONE
[20:38:36:123][  786.551000] [ ERROR] netMonitorTask: wapi_scan_stat: ioctl(SIOCGIWSCAN): 2
[20:38:36:123][  786.559000] [  INFO] netMonitorTask: [20:38:36.559 ] miio_net: Wifi scan done
[20:38:36:139][  786.566000] [  INFO] netMonitorTask: bl616_wifi_sta_scan: Start scan ssid:Xiaomi_be3600, bssid:FF:FF:FF:FF:FF:FF, channel:11
[20:38:36:154][  786.577000] [  INFO] wifi_driver: platform_hook_prevent_sleep: event: SCAN, prevent: 1
[20:38:36:313][  786.744000] [  INFO] wifi_driver: platform_hook_prevent_sleep: event: SCAN, prevent: 0
[20:38:36:322][  786.750000] [  INFO] wifi_driver: bl616_wifi_event_handler: [APP] [EVT] CODE_WIFI_ON_SCAN_DONE
[20:38:36:328][  786.758000] [ ERROR] netMonitorTask: wapi_scan_stat: ioctl(SIOCGIWSCAN): 2
[20:38:36:328][  786.766000] [  INFO] netMonitorTask: [20:38:36.766 ] miio_net: Wifi scan done
[20:38:36:360][  786.772000] [  INFO] netMonitorTask: bl616_wifi_sta_scan: Start scan ssid:Xiaomi_be3600, bssid:FF:FF:FF:FF:FF:FF, channel:11
[20:38:36:360][  786.783000] [  INFO] wifi_driver: platform_hook_prevent_sleep: event: SCAN, prevent: 1
[20:38:36:520][  786.951000] [  INFO] wifi_driver: platform_hook_prevent_sleep: event: SCAN, prevent: 0
[20:38:36:520][  786.956000] [  INFO] wifi_driver: bl616_wifi_event_handler: [APP] [EVT] CODE_WIFI_ON_SCAN_DONE
[20:38:36:542][  786.965000] [ ERROR] netMonitorTask: wapi_scan_stat: ioctl(SIOCGIWSCAN): 2
[20:38:36:542][  786.972000] [  INFO] netMonitorTask: [20:38:36.972 ] miio_net: Wifi scan done
[20:38:36:548][  786.979000] [  INFO] netMonitorTask: bl616_wifi_sta_scan: Start scan ssid:Xiaomi_be3600, bssid:FF:FF:FF:FF:FF:FF, channel:11
[20:38:36:564][  786.990000] [  INFO] wifi_driver: platform_hook_prevent_sleep: event: SCAN, prevent: 1
[20:38:36:723][  787.157000] [  INFO] wifi_driver: platform_hook_prevent_sleep: event: SCAN, prevent: 0
[20:38:36:723][  787.163000] [  INFO] wifi_driver: bl616_wifi_event_handler: [APP] [EVT] CODE_WIFI_ON_SCAN_DONE
[20:38:36:738][  787.171000] [ ERROR] netMonitorTask: wapi_scan_stat: ioctl(SIOCGIWSCAN): 2
[20:38:36:738][  787.179000] [  INFO] netMonitorTask: [20:38:37.179 ] miio_net: Wifi scan done
[20:38:36:756][  787.186000] [  INFO] netMonitorTask: bl616_wifi_sta_scan: Start scan ssid:Xiaomi_be3600, bssid:FF:FF:FF:FF:FF:FF, channel:1
[20:38:36:770][  787.196000] [  INFO] wifi_driver: platform_hook_prevent_sleep: event: SCAN, prevent: 1
[20:38:36:930][  787.365000] [  INFO] wifi_driver: platform_hook_prevent_sleep: event: SCAN, prevent: 0
[20:38:36:930][  787.370000] [  INFO] wifi_driver: bl616_wifi_event_handler: [APP] [EVT] CODE_WIFI_ON_SCAN_DONE
[20:38:36:955][  787.380000] [  INFO] netMonitorTask: [20:38:37.380 ] miio_net: Wifi scan done
[20:38:36:955][  787.386000] [NOTICE] netMonitorTask: [20:38:37.386 ] miio_net: insert ssid=Xiaomi_be3600, bssid=42:EE:97:F0:4C:60, pri=1, rssi=-29, authmode=4
[20:38:36:971][  787.399000] [  INFO] netMonitorTask: bl616_wifi_sta_scan: Start scan ssid:Xiaomi_be3600, bssid:FF:FF:FF:FF:FF:FF, channel:1
[20:38:36:993][  787.410000] [  INFO] wifi_driver: platform_hook_prevent_sleep: event: SCAN, prevent: 1
[20:38:37:136][  787.578000] [  INFO] wifi_driver: platform_hook_prevent_sleep: event: SCAN, prevent: 0
[20:38:37:151][  787.583000] [  INFO] wifi_driver: bl616_wifi_event_handler: [APP] [EVT] CODE_WIFI_ON_SCAN_DONE
[20:38:37:151][  787.593000] [  INFO] netMonitorTask: [20:38:37.593 ] miio_net: Wifi scan done
[20:38:37:167][  787.600000] [  INFO] netMonitorTask: bl616_wifi_sta_scan: Start scan ssid:Xiaomi_be3600, bssid:FF:FF:FF:FF:FF:FF, channel:1
[20:38:37:183][  787.610000] [  INFO] wifi_driver: platform_hook_prevent_sleep: event: SCAN, prevent: 1
[20:38:37:342][  787.778000] [  INFO] wifi_driver: platform_hook_prevent_sleep: event: SCAN, prevent: 0
[20:38:37:358][  787.783000] [  INFO] wifi_driver: bl616_wifi_event_handler: [APP] [EVT] CODE_WIFI_ON_SCAN_DONE
[20:38:37:358][  787.793000] [  INFO] netMonitorTask: [20:38:37.793 ] miio_net: Wifi scan done
[20:38:37:374][  787.800000] [  INFO] netMonitorTask: bl616_wifi_sta_scan: Start scan ssid:Xiaomi_be3600, bssid:FF:FF:FF:FF:FF:FF, channel:1
[20:38:37:390][  787.810000] [  INFO] wifi_driver: platform_hook_prevent_sleep: event: SCAN, prevent: 1
[20:38:37:558][  787.981000] [  INFO] wifi_driver: platform_hook_prevent_sleep: event: SCAN, prevent: 0
[20:38:37:558][  787.987000] [  INFO] wifi_driver: bl616_wifi_event_handler: [APP] [EVT] CODE_WIFI_ON_SCAN_DONE
[20:38:37:564][  787.996000] [  INFO] netMonitorTask: [20:38:37.996 ] miio_net: Wifi scan done
[20:38:37:564][  788.003000] [  INFO] netMonitorTask: bl616_wifi_sta_scan: Start scan ssid:Xiaomi_be3600, bssid:FF:FF:FF:FF:FF:FF, channel:1
[20:38:37:596][  788.014000] [  INFO] wifi_driver: platform_hook_prevent_sleep: event: SCAN, prevent: 1
[20:38:37:739][  788.182000] [  INFO] wifi_driver: platform_hook_prevent_sleep: event: SCAN, prevent: 0
[20:38:37:755][  788.188000] [  INFO] wifi_driver: bl616_wifi_event_handler: [APP] [EVT] CODE_WIFI_ON_SCAN_DONE
[20:38:37:755][  788.197000] [  INFO] netMonitorTask: [20:38:38.197 ] miio_net: Wifi scan done
[20:38:37:771][  788.204000] [  INFO] netMonitorTask: bl616_wifi_sta_scan: Start scan ssid:Xiaomi_be3600, bssid:FF:FF:FF:FF:FF:FF, channel:6
[20:38:37:787][  788.215000] [  INFO] wifi_driver: platform_hook_prevent_sleep: event: SCAN, prevent: 1
[20:38:37:945][  788.382000] [  INFO] wifi_driver: platform_hook_prevent_sleep: event: SCAN, prevent: 0
[20:38:37:961][  788.387000] [  INFO] wifi_driver: bl616_wifi_event_handler: [APP] [EVT] CODE_WIFI_ON_SCAN_DONE
[20:38:37:967][  788.396000] [ ERROR] netMonitorTask: wapi_scan_stat: ioctl(SIOCGIWSCAN): 2
[20:38:37:967][  788.404000] [  INFO] netMonitorTask: [20:38:38.403 ] miio_net: Wifi scan done
[20:38:37:977][  788.410000] [  INFO] netMonitorTask: bl616_wifi_sta_scan: Start scan ssid:Xiaomi_be3600, bssid:FF:FF:FF:FF:FF:FF, channel:6
[20:38:37:993][  788.421000] [  INFO] wifi_driver: platform_hook_prevent_sleep: event: SCAN, prevent: 1
[20:38:38:150][  788.589000] [  INFO] wifi_driver: platform_hook_prevent_sleep: event: SCAN, prevent: 0
[20:38:38:167][  788.595000] [  INFO] wifi_driver: bl616_wifi_event_handler: [APP] [EVT] CODE_WIFI_ON_SCAN_DONE
[20:38:38:168][  788.603000] [ ERROR] netMonitorTask: wapi_scan_stat: ioctl(SIOCGIWSCAN): 2
[20:38:38:182][  788.611000] [  INFO] netMonitorTask: [20:38:38.611 ] miio_net: Wifi scan done
[20:38:38:182][  788.618000] [  INFO] netMonitorTask: bl616_wifi_sta_scan: Start scan ssid:Xiaomi_be3600, bssid:FF:FF:FF:FF:FF:FF, channel:6
[20:38:38:213][  788.628000] [  INFO] wifi_driver: platform_hook_prevent_sleep: event: SCAN, prevent: 1
[20:38:38:356][  788.796000] [  INFO] wifi_driver: platform_hook_prevent_sleep: event: SCAN, prevent: 0
[20:38:38:371][  788.801000] [  INFO] wifi_driver: bl616_wifi_event_handler: [APP] [EVT] CODE_WIFI_ON_SCAN_DONE
[20:38:38:371][  788.810000] [ ERROR] netMonitorTask: wapi_scan_stat: ioctl(SIOCGIWSCAN): 2
[20:38:38:388][  788.817000] [  INFO] netMonitorTask: [20:38:38.817 ] miio_net: Wifi scan done
[20:38:38:388][  788.824000] [  INFO] netMonitorTask: bl616_wifi_sta_scan: Start scan ssid:Xiaomi_be3600, bssid:FF:FF:FF:FF:FF:FF, channel:6
[20:38:38:419][  788.835000] [  INFO] wifi_driver: platform_hook_prevent_sleep: event: SCAN, prevent: 1
[20:38:38:562][  789.002000] [  INFO] wifi_driver: platform_hook_prevent_sleep: event: SCAN, prevent: 0
[20:38:38:578][  789.008000] [  INFO] wifi_driver: bl616_wifi_event_handler: [APP] [EVT] CODE_WIFI_ON_SCAN_DONE
[20:38:38:578][  789.016000] [ ERROR] netMonitorTask: wapi_scan_stat: ioctl(SIOCGIWSCAN): 2
[20:38:38:593][  789.024000] [  INFO] netMonitorTask: [20:38:39.024 ] miio_net: Wifi scan done
[20:38:38:593][  789.030000] [  INFO] netMonitorTask: bl616_wifi_sta_scan: Start scan ssid:Xiaomi_be3600, bssid:FF:FF:FF:FF:FF:FF, channel:6
[20:38:38:625][  789.041000] [  INFO] wifi_driver: platform_hook_prevent_sleep: event: SCAN, prevent: 1
[20:38:38:769][  789.209000] [  INFO] wifi_driver: platform_hook_prevent_sleep: event: SCAN, prevent: 0
[20:38:38:785][  789.214000] [  INFO] wifi_driver: bl616_wifi_event_handler: [APP] [EVT] CODE_WIFI_ON_SCAN_DONE
[20:38:38:785][  789.223000] [ ERROR] netMonitorTask: wapi_scan_stat: ioctl(SIOCGIWSCAN): 2
[20:38:38:801][  789.230000] [  INFO] netMonitorTask: [20:38:39.230 ] miio_net: Wifi scan done
[20:38:38:801][  789.237000] [  INFO] netMonitorTask: bl616_wifi_sta_scan: Start scan ssid:Xiaomi_be3600, bssid:FF:FF:FF:FF:FF:FF, channel:2
[20:38:38:833][  789.248000] [  INFO] wifi_driver: platform_hook_prevent_sleep: event: SCAN, prevent: 1
[20:38:38:976][  789.415000] [  INFO] wifi_driver: platform_hook_prevent_sleep: event: SCAN, prevent: 0
[20:38:38:992][  789.421000] [  INFO] wifi_driver: bl616_wifi_event_handler: [APP] [EVT] CODE_WIFI_ON_SCAN_DONE
[20:38:38:992][  789.429000] [ ERROR] netMonitorTask: wapi_scan_stat: ioctl(SIOCGIWSCAN): 2
[20:38:39:008][  789.437000] [  INFO] netMonitorTask: [20:38:39.437 ] miio_net: Wifi scan done
[20:38:39:008][  789.443000] [  INFO] netMonitorTask: bl616_wifi_sta_scan: Start scan ssid:Xiaomi_be3600, bssid:FF:FF:FF:FF:FF:FF, channel:3
[20:38:39:039][  789.454000] [  INFO] wifi_driver: platform_hook_prevent_sleep: event: SCAN, prevent: 1
[20:38:39:182][  789.622000] [  INFO] wifi_driver: platform_hook_prevent_sleep: event: SCAN, prevent: 0
[20:38:39:198][  789.627000] [  INFO] wifi_driver: bl616_wifi_event_handler: [APP] [EVT] CODE_WIFI_ON_SCAN_DONE
[20:38:39:198][  789.636000] [ ERROR] netMonitorTask: wapi_scan_stat: ioctl(SIOCGIWSCAN): 2
[20:38:39:213][  789.643000] [  INFO] netMonitorTask: [20:38:39.643 ] miio_net: Wifi scan done
[20:38:39:213][  789.650000] [  INFO] netMonitorTask: bl616_wifi_sta_scan: Start scan ssid:Xiaomi_be3600, bssid:FF:FF:FF:FF:FF:FF, channel:4
[20:38:39:245][  789.661000] [  INFO] wifi_driver: platform_hook_prevent_sleep: event: SCAN, prevent: 1
[20:38:39:398][  789.828000] [  INFO] wifi_driver: platform_hook_prevent_sleep: event: SCAN, prevent: 0
[20:38:39:404][  789.833000] [  INFO] wifi_driver: bl616_wifi_event_handler: [APP] [EVT] CODE_WIFI_ON_SCAN_DONE
[20:38:39:404][  789.842000] [ ERROR] netMonitorTask: wapi_scan_stat: ioctl(SIOCGIWSCAN): 2
[20:38:39:430][  789.850000] [  INFO] netMonitorTask: [20:38:39.849 ] miio_net: Wifi scan done
[20:38:39:430][  789.856000] [  INFO] netMonitorTask: bl616_wifi_sta_scan: Start scan ssid:Xiaomi_be3600, bssid:FF:FF:FF:FF:FF:FF, channel:5
[20:38:39:451][  789.867000] [  INFO] wifi_driver: platform_hook_prevent_sleep: event: SCAN, prevent: 1
[20:38:39:597][  790.035000] [  INFO] wifi_driver: platform_hook_prevent_sleep: event: SCAN, prevent: 0
[20:38:39:611][  790.040000] [  INFO] wifi_driver: bl616_wifi_event_handler: [APP] [EVT] CODE_WIFI_ON_SCAN_DONE
[20:38:39:620][  790.049000] [ ERROR] netMonitorTask: wapi_scan_stat: ioctl(SIOCGIWSCAN): 2
[20:38:39:627][  790.056000] [  INFO] netMonitorTask: [20:38:40.056 ] miio_net: Wifi scan done
[20:38:39:638][  790.063000] [  INFO] netMonitorTask: bl616_wifi_sta_scan: Start scan ssid:Xiaomi_be3600, bssid:FF:FF:FF:FF:FF:FF, channel:7
[20:38:39:658][  790.074000] [  INFO] wifi_driver: platform_hook_prevent_sleep: event: SCAN, prevent: 1
[20:38:39:801][  790.241000] [  INFO] wifi_driver: platform_hook_prevent_sleep: event: SCAN, prevent: 0
[20:38:39:817][  790.247000] [  INFO] wifi_driver: bl616_wifi_event_handler: [APP] [EVT] CODE_WIFI_ON_SCAN_DONE
[20:38:39:817][  790.255000] [ ERROR] netMonitorTask: wapi_scan_stat: ioctl(SIOCGIWSCAN): 2
[20:39:00:645][  790.263000] [  INFO] netMonitorTask: [20:38:40.263 ] miio_net: Wifi scan done
[20:39:00:645][  790.269000] [  INFO] netMonitorTask: bl616_wifi_sta_scan: Start scan ssid:Xiaomi_be3600, bssid:FF:FF:FF:FF:FF:FF, channel:8
[20:39:00:645][  790.280000] [  INFO] wifi_driver: platform_hook_prevent_sleep: event: SCAN, prevent: 1
[20:39:00:645][  790.448000] [  INFO] wifi_driver: platform_hook_prevent_sleep: event: SCAN, prevent: 0
[20:39:00:645][  790.454000] [  INFO] wifi_driver: bl616_wifi_event_handler: [APP] [EVT] CODE_WIFI_ON_SCAN_DONE
[20:39:00:646][  790.463000] [ ERROR] netMonitorTask: wapi_scan_stat: ioctl(SIOCGIWSCAN): 2
[20:39:00:646][  790.470000] [  INFO] netMonitorTask: [20:38:40.470 ] miio_net: Wifi scan done
[20:39:00:646][  790.477000] [  INFO] netMonitorTask: bl616_wifi_sta_scan: Start scan ssid:Xiaomi_be3600, bssid:FF:FF:FF:FF:FF:FF, channel:9
[20:39:00:646][  790.488000] [  INFO] wifi_driver: platform_hook_prevent_sleep: event: SCAN, prevent: 1
[20:39:00:646][  790.655000] [  INFO] wifi_driver: platform_hook_prevent_sleep: event: SCAN, prevent: 0
[20:39:00:646][  790.660000] [  INFO] wifi_driver: bl616_wifi_event_handler: [APP] [EVT] CODE_WIFI_ON_SCAN_DONE
[20:39:00:646][  790.669000] [ ERROR] netMonitorTask: wapi_scan_stat: ioctl(SIOCGIWSCAN): 2
[20:39:00:646][  790.676000] [  INFO] netMonitorTask: [20:38:40.676 ] miio_net: Wifi scan done
[20:39:00:646][  790.683000] [  INFO] netMonitorTask: bl616_wifi_sta_scan: Start scan ssid:Xiaomi_be3600, bssid:FF:FF:FF:FF:FF:FF, channel:10
[20:39:00:646][  790.694000] [  INFO] wifi_driver: platform_hook_prevent_sleep: event: SCAN, prevent: 1
[20:39:00:646][  790.861000] [  INFO] wifi_driver: platform_hook_prevent_sleep: event: SCAN, prevent: 0
[20:39:00:646][  790.867000] [  INFO] wifi_driver: bl616_wifi_event_handler: [APP] [EVT] CODE_WIFI_ON_SCAN_DONE
[20:39:00:646][  790.876000] [ ERROR] netMonitorTask: wapi_scan_stat: ioctl(SIOCGIWSCAN): 2
[20:39:00:646][  790.883000] [  INFO] netMonitorTask: [20:38:40.883 ] miio_net: Wifi scan done
[20:39:00:646][  790.890000] [  INFO] netMonitorTask: bl616_wifi_sta_scan: Start scan ssid:Xiaomi_be3600, bssid:FF:FF:FF:FF:FF:FF, channel:12
[20:39:00:646][  790.901000] [  INFO] wifi_driver: platform_hook_prevent_sleep: event: SCAN, prevent: 1
[20:39:00:646][  791.068000] [  INFO] wifi_driver: platform_hook_prevent_sleep: event: SCAN, prevent: 0
[20:39:00:646][  791.073000] [  INFO] wifi_driver: bl616_wifi_event_handler: [APP] [EVT] CODE_WIFI_ON_SCAN_DONE
[20:39:00:646][  791.082000] [ ERROR] netMonitorTask: wapi_scan_stat: ioctl(SIOCGIWSCAN): 2
[20:39:00:646][  791.090000] [  INFO] netMonitorTask: [20:38:41.089 ] miio_net: Wifi scan done
[20:39:00:646][  791.096000] [  INFO] netMonitorTask: bl616_wifi_sta_scan: Start scan ssid:Xiaomi_be3600, bssid:FF:FF:FF:FF:FF:FF, channel:13
[20:39:00:646][  791.107000] [  INFO] wifi_driver: platform_hook_prevent_sleep: event: SCAN, prevent: 1
[20:39:00:646][  791.275000] [  INFO] wifi_driver: platform_hook_prevent_sleep: event: SCAN, prevent: 0
[20:39:00:646][  791.280000] [  INFO] wifi_driver: bl616_wifi_event_handler: [APP] [EVT] CODE_WIFI_ON_SCAN_DONE
[20:39:00:646][  791.289000] [ ERROR] netMonitorTask: wapi_scan_stat: ioctl(SIOCGIWSCAN): 2
[20:39:00:646][  791.296000] [  INFO] netMonitorTask: [20:38:41.296 ] miio_net: Wifi scan done
[20:39:00:646][  791.303000] [NOTICE] netMonitorTask: [20:38:41.303 ] miio_net: wifi scan finished, 1 Xiaomi_be3600 found.
[20:39:00:646][  791.313000] [NOTICE] netMonitorTask: [20:38:41.313 ] miio_net: bingo ssid=Xiaomi_be3600, bssid=42:EE:97:F0:4C:60, pri=1, rssi=-28
[20:39:00:646][  791.325000] [  INFO] netMonitorTask: bl616_wifi_sta_freq: set channel: 1, freq: 2412
[20:39:00:647][  791.332000] [  INFO] netMonitorTask: bl616_wifi_sta_connect: connect ssid:Xiaomi_be3600
[20:39:00:647][  791.340000] [  INFO] netMonitorTask: bl616_wifi_sta_connect: connect bssid:42:ee:97:f0:4c:60
[20:39:00:647][  791.348000] [  INFO] netMonitorTask: bl616_wifi_sta_connect: connect channel:1
[20:39:00:647][  791.355000] [  INFO] netMonitorTask: bl616_wifi_sta_connect: PTA 2 -> 4, window 8 interval 160
[20:39:00:647][  791.364000] [  INFO] netMonitorTask: platform_hook_prevent_sleep: event: CONNECT, prevent: 1
[20:39:00:647][  791.476000] [  INFO] wifi_driver: platform_hook_prevent_sleep: event: SCAN, prevent: 1
[20:39:00:647][  791.609000] [  INFO] wifi_driver: platform_hook_prevent_sleep: event: SCAN, prevent: 0
[20:39:00:647][  791.703000] [  INFO] WPA: platform_hook_prevent_sleep: event: CONNECT, prevent: 0
[20:39:00:647][  791.711000] [  INFO] wifi_driver: platform_hook_prevent_sleep: event: CONNECT, prevent: 0
[20:39:00:647][  791.717000] [  INFO] wifi_driver: bl616_wlan_sta_set_linkstatus: INFO: Wi-Fi station link up 0
[20:39:00:647][  791.725000] [  INFO] wifi_driver: bl616_wifi_event_handler: [APP] [EVT] CODE_WIFI_ON_CONNECTED
[20:39:00:647][  791.734000] [  INFO] wifi_driver: platform_hook_prevent_sleep: event: CONNECT, prevent: 0
[20:39:00:647][  791.744000] [  INFO] netMonitorTask: [20:38:41.744 ] arch_wifi: dhcp begin
[20:39:00:647][  791.752000] [NOTICE] miio_client: [20:38:41.752 ] miio_netlink: wlan0 link up
[20:39:00:647][  792.986000] [  INFO] netMonitorTask: [20:38:42.986 ] arch_wifi: dhcp end
[20:39:00:647][  792.991000] [NOTICE] netMonitorTask: [20:38:42.990 ] miio_net: Wifi station connected
[20:39:00:647][  792.998000] [NOTICE] netMonitorTask: [20:38:42.998 ] miio_net: Wifi station got ip
[20:39:00:647][  793.006000] [  INFO] netMonitorTask: [20:38:43.006 ] arch_net: Current IP Info:
[20:39:00:647][  793.013000] [  INFO] netMonitorTask: [20:38:43.013 ] arch_net: IP[192.168.3.66]
[20:39:00:647][  793.021000] [  INFO] netMonitorTask: [20:38:43.020 ] arch_net: Netmask[255.255.255.0]
[20:39:00:647][  793.028000] [  INFO] netMonitorTask: [20:38:43.028 ] arch_net: Gateway[192.168.3.1]
[20:39:00:647][  793.039000] [  INFO] mi_otn: [20:38:43.039 ] miio_net: miio_net_provision_stat_hook called
[20:39:00:647][  793.055000] [  INFO] otu_task: [20:38:43.055 ] otu: Opened.
[20:39:00:647][  793.061000] [NOTICE] ots_task: [20:38:43.061 ] ots: ots connect 124.251.34.212::443...
[20:39:00:647][  793.068000] [NOTICE] ots_task: [20:38:43.068 ] tls: opening
[20:39:00:647][  793.077000] [NOTICE] ots_task: [20:38:43.077 ] tls: connect to server Mijia Cloud, domain is 124.251.34.212, port is 443.
[20:39:00:647][  794.690000] [NOTICE] ots_task: [20:38:44.689 ] tls: Socket Connected.
[20:39:00:647][  796.745000] [  INFO] lpwork: bl616_coex_restore_work: Restore PTA 4 -> 2
[20:39:00:647][  798.377000] [NOTICE] ots_task: [20:38:48.376 ] tls: handshake ok! Protocol is TLSv1.2, Ciphersuite is TLS-PSK-WITH-AES-128-GCM-SHA256.
[20:39:00:647][  798.386000] [NOTICE] ots_task: [20:38:48.386 ] ots: Connected.
[20:39:00:647][  798.392000] [  INFO] ots_task: [20:38:48.392 ] miio_net: miio_net_provision_stat_hook called
[20:39:00:647][  798.404000] [NOTICE] mi_otn: [20:38:48.404 ] ots: -->sync sent.
[20:39:00:648][  798.512000] [NOTICE] mi_otn: [20:38:48.512 ] ots: -->login sent.
[20:39:00:648][  798.515000] [  INFO] mi_otn: [20:38:48.515 ] miio_net: miio_net_provision_stat_hook called
[20:39:00:648][  798.547000] [NOTICE] ots_task: [20:38:48.547 ] ots: <--sync ack.
[20:39:00:648][  798.582000] [NOTICE] ots_task: [20:38:48.581 ] ots: <--login ack, code=0.
[20:39:00:648][  798.587000] [NOTICE] mi_otn: [20:38:48.587 ] miio_ot: info(ots) will start in 0 ms...
[20:39:00:648][  798.594000] [  INFO] mi_otn: [20:38:48.594 ] miio_instance: miio_online_hook_default called
[20:39:00:648][  798.703000] [  INFO] mi_otn: [20:38:48.702 ] arch_wifi: calculate pmk cost: 94ms
[20:39:00:648][  798.818000] [  INFO] mi_otn: [20:38:48.818 ] miio_net_analyse: reporting the miio offline information 
[20:39:00:648][  798.827000] [  INFO] mi_otn: [20:38:48.827 ] miio_net_analyse: miio_online_stats_gather 
[20:39:00:648][  798.833000] [  INFO] mi_otn: [20:38:48.833 ] miio_net_analyse: prepare online event information ip=192.168.3.66, gw=192.168.3.1, netmask=255.255.255.0, rssi=-32
[20:39:00:648][  798.857000] [  INFO] mi_otn: [20:38:48.857 ] miio_pm: pm_config: 1
[20:39:00:648][  798.861000] [  INFO] mi_otn: [20:38:48.861 ] miio_net: miio monitor switch to low power!
[20:39:00:648][  798.869000] [  INFO] mi_otn: [20:38:48.869 ] miio_pm: lock_status: 2, unlock[0]
[20:39:00:648][  798.876000] [  INFO] mi_otn: [20:38:48.876 ] miio_info: 2 props left, 2 events left.
[20:39:00:648][  798.884000] [  INFO] mi_otn: [20:38:48.884 ] miio_info: some props/events has not been sent, the switch will be excuted later..
[20:39:00:648][  798.897000] [  INFO] mi_otn: [20:38:48.897 ] arch_wifi: set powersave on ok!
[20:39:00:648][  798.902000] [  INFO] mi_otn: [20:38:48.902 ] arch_pm: pm_mode switch to 0 succeed!
[20:39:00:648][  798.910000] [  INFO] mi_otn: [20:38:48.910 ] miio_pm: lock_status: 0, unlock[1]
[20:39:00:648][  798.917000] [  INFO] mi_otn: [20:38:48.917 ] miio_pm_uart: Command Recv Timeout: 1800000
[20:39:00:648][  798.925000] [  INFO] mi_otn: [20:38:48.925 ] miio_pm_instance: enable uart sleep.
[20:39:00:648][  798.933000] [  WARN] mi_otn: [20:38:48.933 ] miio_client_func: Got online msg.
[20:39:00:648][  798.943000] [  INFO] mi_otn: [20:38:48.943 ] miio_instance: miio_info_kvs_hook_default called
[20:39:00:648][  798.955000] [NOTICE] mi_otn: [20:38:48.955 ] miio_ot: up _otc.info:{"id":1944191005,"method":"_otc.info","params":{"life":798,"model":"xiaomi.dev.bl3","token":"06dd************************441a","ipflag":1,"fw_ver":"1.0.3","miio_ver":"0.1.0","hw_ver":"BL616-BL3","chip_ver":1,"mmfree":108672,"mac":"C4:93:BB:AD:C8:29","wifi_fw_ver":"WifiVer.N\/A","ap":{"ssid":"Xiaomi_be3600","bssid":"42:EE:97:F0:4C:60","rssi":-32,"primary":1},"netif":{"localIp":"192.168.3.66","mask":"255.255.255.0","gw":"192.168.3.1"},"uid":1205295674}}
[20:39:00:648][  798.998000] [  INFO] mi_otn: [20:38:48.998 ] miio_ot: -->info(ots).
[20:39:00:648][  799.017000] [  INFO] netMonitorTask: [20:38:49.017 ] miio_net: task_monitor enter powersave!
[20:39:00:649][  799.025000] [  INFO] netMonitorTask: [20:38:49.025 ] miio_monitor: work time = 799s, memory left = 110688
[20:39:00:649][  799.035000] [  WARN] Idle Task: bl616_pmtickless: --->>> [10]:On, [H]:560, [15:mi_otn]
[20:39:00:649][  799.615000] [  WARN] Idle Task: bl616_pmtickless: <<<--- [R]:RTC, [R]:569, [W]:793, [L]:146
[20:39:00:649][  799.624000] [  INFO] mi_otn: [20:38:49.624 ] miio_ot: -->pull ip list sent.
[20:39:00:649][  799.635000] [  WARN] Idle Task: bl616_pmtickless: --->>> [10]:On, [H]:872, [1107536064:]
[20:39:00:649][  800.010000] [  WARN] Idle Task: bl616_pmtickless: <<<--- [R]:WIFI, [R]:364, [W]:794, [L]:146
[20:39:00:649][  800.034000] [  INFO] mi_otn: [20:38:50.034 ] miio_ot: <--info ack(ots).
[20:39:00:649][  800.050000] [  INFO] mi_otn: [20:38:50.050 ] miio_instance: <--query upgrade ack.
[20:39:00:649][  800.060000] [  WARN] Idle Task: bl616_pmtickless: --->>> [10]:On, [H]:1485, [1107536064:]
[20:39:00:649][  801.035000] [  WARN] Idle Task: bl616_pmtickless: <<<--- [R]:WIFI, [R]:965, [W]:795, [L]:146
[20:39:00:649][  801.065000] [  WARN] Idle Task: bl616_pmtickless: --->>> [10]:On, [H]:1974, [954:]
[20:39:00:649][  802.061000] [  WARN] Idle Task: bl616_pmtickless: <<<--- [R]:WIFI, [R]:986, [W]:796, [L]:146
[20:39:00:649][  802.090000] [  WARN] Idle Task: bl616_pmtickless: --->>> [10]:On, [H]:949, [954:]
[20:39:00:649][  803.059000] [  WARN] Idle Task: bl616_pmtickless: <<<--- [R]:RTC, [R]:958, [W]:796, [L]:146
[20:39:00:649][  803.069000] [  INFO] lpwork: [20:38:53.069 ] miio_pm: pm_config: 1
[20:39:00:649][  803.073000] [  INFO] lpwork: [20:38:53.073 ] miio_net: miio monitor switch to low power!
[20:39:00:649][  803.081000] [  INFO] lpwork: [20:38:53.081 ] miio_pm: pm_lock[0]: already unlocked
[20:39:00:649][  803.089000] [  INFO] lpwork: [20:38:53.089 ] miio_pm: lock_status: 0, unlock[0]
[20:39:00:649][  803.096000] [  INFO] lpwork: [20:38:53.096 ] miio_info: 2 props left, 2 events left.
[20:39:00:649][  803.104000] [  INFO] lpwork: [20:38:53.103 ] miio_info: some props/events has not been sent, the switch will be excuted later..
[20:39:00:649][  803.115000] [  INFO] netMonitorTask: [20:38:53.115 ] miio_net: task_monitor enter powersave!
[20:39:00:649][  803.126000] [  WARN] Idle Task: bl616_pmtickless: --->>> [10]:On, [H]:470, [15:mi_otn]
[20:39:00:649][  803.616000] [  WARN] Idle Task: bl616_pmtickless: <<<--- [R]:RTC, [R]:479, [W]:796, [L]:146
[20:39:00:649][  803.635000] [  WARN] Idle Task: bl616_pmtickless: --->>> [10]:On, [H]:24, [15:mi_otn]
[20:39:00:649][  803.640000] [  WARN] Idle Task: bl616_pmtickless: <<<--- exit: sleep time too short 24
[20:39:00:649][  803.662000] [  WARN] Idle Task: bl616_pmtickless: --->>> [10]:On, [H]:1466, [1107536064:]
[20:39:00:650][  804.116000] [  WARN] Idle Task: bl616_pmtickless: <<<--- [R]:WIFI, [R]:443, [W]:797, [L]:146
[20:39:00:650][  804.134000] [  INFO] mi_otn: [20:38:54.134 ] miio_info: 2 props left, 2 events left.
[20:39:00:650][  804.139000] [  INFO] mi_otn: [20:38:54.139 ] miio_info: some props/events has not been sent, the switch will be excuted later..
[20:39:00:650][  804.153000] [  WARN] Idle Task: bl616_pmtickless: --->>> [10]:On, [H]:3480, [15:mi_otn]
[20:39:00:650][  805.143000] [  WARN] Idle Task: bl616_pmtickless: <<<--- [R]:WIFI, [R]:979, [W]:798, [L]:146
[20:39:00:650][  805.160000] [  INFO] mi_otn: [20:38:55.160 ] miio_info: 2 props left, 1 events left.
[20:39:00:650][  805.166000] [  INFO] mi_otn: [20:38:55.166 ] miio_info: some props/events has not been sent, the switch will be excuted later..
[20:39:00:650][  805.180000] [  WARN] Idle Task: bl616_pmtickless: --->>> [10]:On, [H]:3446, [15:mi_otn]
[20:39:00:650][  808.645000] [  WARN] Idle Task: bl616_pmtickless: <<<--- [R]:RTC, [R]:3455, [W]:801, [L]:146
[20:39:00:650][  808.665000] [  WARN] Idle Task: bl616_pmtickless: --->>> [10]:On, [H]:1494, [1107536064:]
[20:39:00:650][  809.242000] [  WARN] Idle Task: bl616_pmtickless: <<<--- [R]:WIFI, [R]:566, [W]:802, [L]:146
[20:39:00:650][  809.260000] [  INFO] mi_otn: [20:38:59.260 ] miio_info: 0 props left, 1 events left.
[20:39:00:650][  809.265000] [  INFO] mi_otn: [20:38:59.265 ] miio_info: some props/events has not been sent, the switch will be excuted later..
[20:39:00:650][  809.279000] [  WARN] Idle Task: bl616_pmtickless: --->>> [10]:On, [H]:3384, [15:mi_otn]
[20:39:00:650][  810.267000] [  WARN] Idle Task: bl616_pmtickless: <<<--- [R]:WIFI, [R]:977, [W]:803, [L]:146
[20:39:00:650][  810.285000] [  INFO] mi_otn: [20:39:00.285 ] miio_info: 0 props left, 0 events left.
[20:39:00:650][  810.297000] [  WARN] Idle Task: bl616_pmtickless: --->>> [10]:On, [H]:48644, [15:mi_otn]
[20:39:09:046][  819.489000] [  WARN] Idle Task: bl616_pmtickless: <<<--- [R]:WIFI, [R]:9181, [W]:812, [L]:146
[20:39:09:062][  819.516000] [  WARN] Idle Task: bl616_pmtickless: --->>> [10]:On, [H]:39425, [15:mi_otn]
[20:39:10:073][  820.515000] [  WARN] Idle Task: bl616_pmtickless: <<<--- [R]:WIFI, [R]:988, [W]:813, [L]:146
[20:39:10:105][  820.553000] [  WARN] Idle Task: bl616_pmtickless: --->>> [10]:On, [H]:38388, [15:mi_otn]
[20:39:44:881][  855.335000] [  WARN] Idle Task: bl616_pmtickless: <<<--- [R]:WIFI, [R]:34771, [W]:847, [L]:146
[20:39:44:916][  855.363000] [  WARN] Idle Task: bl616_pmtickless: --->>> [10]:On, [H]:3578, [15:mi_otn]
[20:39:48:508][  858.961000] [  WARN] Idle Task: bl616_pmtickless: <<<--- [R]:RTC, [R]:3587, [W]:850, [L]:146
[20:39:48:528][  858.977000] [  WARN] Idle Task: bl616_pmtickless: --->>> [10]:On, [H]:42313, [15:mi_otn]
[20:40:23:788][  894.254000] [  WARN] Idle Task: bl616_pmtickless: <<<--- [R]:WIFI, [R]:35266, [W]:885, [L]:146
[20:40:23:820][  894.284000] [  WARN] Idle Task: bl616_pmtickless: --->>> [10]:On, [H]:7006, [15:mi_otn]
[20:40:30:838][  901.310000] [  WARN] Idle Task: bl616_pmtickless: <<<--- [R]:RTC, [R]:7015, [W]:891, [L]:146
[20:40:30:838][  901.322000] [  INFO] mi_otn: [20:40:31.322 ] ots: -->kplv sent.
[20:40:30:854][  901.328000] [  WARN] Idle Task: bl616_pmtickless: --->>> [10]:On, [H]:1493, [1107536064:]
[20:40:32:380][  902.841000] [  WARN] Idle Task: bl616_pmtickless: <<<--- [R]:RTC, [R]:1502, [W]:893, [L]:146
[20:40:32:396][  902.855000] [  WARN] Idle Task: bl616_pmtickless: --->>> [10]:On, [H]:2996, [1107536064:]
[20:40:33:006][  903.477000] [  WARN] Idle Task: bl616_pmtickless: <<<--- [R]:WIFI, [R]:611, [W]:894, [L]:146
[20:40:33:022][  903.495000] [  INFO] ots_task: [20:40:33.495 ] ots: <--kplv ack.
[20:40:33:038][  903.509000] [  WARN] Idle Task: bl616_pmtickless: --->>> [10]:On, [H]:90991, [15:mi_otn]
[20:40:58:604][  929.084000] [  WARN] Idle Task: bl616_pmtickless: <<<--- [R]:WIFI, [R]:25564, [W]:919, [L]:146
[20:40:58:636][  929.113000] [  WARN] Idle Task: bl616_pmtickless: --->>> [10]:On, [H]:65387, [15:mi_otn]
[20:41:19:081][  949.566000] [  WARN] Idle Task: bl616_pmtickless: <<<--- [R]:WIFI, [R]:20442, [W]:939, [L]:146
[20:41:19:113][  949.595000] [  WARN] Idle Task: bl616_pmtickless: --->>> [10]:On, [H]:44905, [15:mi_otn]
[20:41:54:725][  985.209000] [  WARN] Idle Task: bl616_pmtickless: <<<--- [R]:WIFI, [R]:35603, [W]:975, [L]:151
[20:41:54:757][  985.237000] [  WARN] Idle Task: bl616_pmtickless: --->>> [10]:On, [H]:9263, [15:mi_otn]
[20:42:04:024][  994.520000] [  WARN] Idle Task: bl616_pmtickless: <<<--- [R]:RTC, [R]:9272, [W]:984, [L]:151
[20:42:04:027][  994.532000] [  INFO] mi_otn: [20:42:04.532 ] ots: -->kplv sent.
[20:42:04:059][  994.538000] [  WARN] Idle Task: bl616_pmtickless: --->>> [10]:On, [H]:2993, [1107536064:]
[20:42:07:053][  997.551000] [  WARN] Idle Task: bl616_pmtickless: <<<--- [R]:RTC, [R]:3002, [W]:987, [L]:151
[20:42:07:085][  997.571000] [  WARN] Idle Task: bl616_pmtickless: --->>> [10]:On, [H]:5989, [1107536064:]
[20:42:08:033][  998.528000] [  WARN] Idle Task: bl616_pmtickless: <<<--- [R]:WIFI, [R]:946, [W]:988, [L]:151
[20:42:08:049][  998.543000] [  INFO] ots_task: [20:42:08.543 ] ots: <--kplv ack.
[20:42:08:065][  998.555000] [  WARN] Idle Task: bl616_pmtickless: --->>> [10]:On, [H]:90994, [15:mi_otn]
[20:42:39:375][ 1029.866000] [  WARN] Idle Task: bl616_pmtickless: <<<--- [R]:WIFI, [R]:31300, [W]:1019, [L]:153
[20:42:39:391][ 1029.893000] [  WARN] Idle Task: bl616_pmtickless: --->>> [10]:On, [H]:59656, [15:mi_otn]
[20:42:40:388][ 1030.892000] [  WARN] Idle Task: bl616_pmtickless: <<<--- [R]:WIFI, [R]:988, [W]:1020, [L]:153
[20:42:40:420][ 1030.921000] [  WARN] Idle Task: bl616_pmtickless: --->>> [10]:On, [H]:58628, [15:mi_otn]
[20:43:16:443][ 1066.945000] [  WARN] Idle Task: bl616_pmtickless: <<<--- [R]:WIFI, [R]:36013, [W]:1056, [L]:156
[20:43:16:459][ 1066.972000] [  WARN] Idle Task: bl616_pmtickless: --->>> [10]:On, [H]:22577, [15:mi_otn]
[20:43:21:559][ 1072.065000] [  WARN] Idle Task: bl616_pmtickless: <<<--- [R]:WIFI, [R]:5082, [W]:1061, [L]:156
[20:43:21:591][ 1072.096000] [  WARN] Idle Task: bl616_pmtickless: --->>> [10]:On, [H]:17453, [15:mi_otn]
[20:43:34:864][ 1085.382000] [  WARN] Idle Task: bl616_pmtickless: <<<--- [R]:WIFI, [R]:13275, [W]:1074, [L]:156
[20:43:34:896][ 1085.410000] [  WARN] Idle Task: bl616_pmtickless: --->>> [10]:On, [H]:4139, [15:mi_otn]
[20:43:39:050][ 1089.569000] [  WARN] Idle Task: bl616_pmtickless: <<<--- [R]:RTC, [R]:4148, [W]:1078, [L]:156
[20:43:39:050][ 1089.581000] [  INFO] mi_otn: [20:43:39.581 ] ots: -->kplv sent.
[20:43:39:068][ 1089.587000] [  WARN] Idle Task: bl616_pmtickless: --->>> [10]:On, [H]:5993, [1107536064:]
[20:43:39:992][ 1090.506000] [  WARN] Idle Task: bl616_pmtickless: <<<--- [R]:WIFI, [R]:908, [W]:1079, [L]:156
[20:43:40:008][ 1090.523000] [  INFO] ots_task: [20:43:40.523 ] ots: <--kplv ack.
[20:43:40:026][ 1090.537000] [  WARN] Idle Task: bl616_pmtickless: --->>> [10]:On, [H]:12587, [19:netMonitorTask]
[20:43:52:623][ 1103.144000] [  WARN] Idle Task: bl616_pmtickless: <<<--- [R]:RTC, [R]:12596, [W]:1091, [L]:156
[20:43:52:623][ 1103.156000] [  INFO] netMonitorTask: [20:43:53.156 ] miio_monitor: work time = 1103s, memory left = 111496
[20:43:52:652][ 1103.166000] [  WARN] Idle Task: bl616_pmtickless: --->>> [10]:On, [H]:78364, [15:mi_otn]
[20:44:25:861][ 1136.389000] [  WARN] Idle Task: bl616_pmtickless: <<<--- [R]:WIFI, [R]:33213, [W]:1124, [L]:157
[20:44:25:893][ 1136.419000] [  WARN] Idle Task: bl616_pmtickless: --->>> [10]:On, [H]:45110, [15:mi_otn]
[20:44:41:240][ 1151.753000] [  WARN] Idle Task: bl616_pmtickless: <<<--- [R]:WIFI, [R]:15323, [W]:1139, [L]:157
[20:44:41:256][ 1151.784000] [  WARN] Idle Task: bl616_pmtickless: --->>> [10]:On, [H]:29745, [15:mi_otn]
[20:45:11:013][ 1181.549000] [  WARN] Idle Task: bl616_pmtickless: <<<--- [R]:RTC, [R]:29754, [W]:1168, [L]:159
[20:45:11:013][ 1181.562000] [  INFO] mi_otn: [20:45:11.562 ] ots: -->kplv sent.
[20:45:11:029][ 1181.568000] [  WARN] Idle Task: bl616_pmtickless: --->>> [10]:On, [H]:5993, [1107536064:]
[20:45:11:531][ 1182.071000] [  WARN] Idle Task: bl616_pmtickless: <<<--- [R]:WIFI, [R]:492, [W]:1169, [L]:159
[20:45:11:547][ 1182.086000] [  INFO] ots_task: [20:45:12.086 ] ots: <--kplv ack.
[20:45:11:563][ 1182.101000] [  WARN] Idle Task: bl616_pmtickless: --->>> [10]:On, [H]:90990, [15:mi_otn]
[20:45:44:105][ 1214.639000] [  WARN] Idle Task: bl616_pmtickless: <<<--- [R]:WIFI, [R]:32527, [W]:1201, [L]:160
[20:45:44:137][ 1214.669000] [  WARN] Idle Task: bl616_pmtickless: --->>> [10]:On, [H]:58422, [15:mi_otn]
[20:45:47:164][ 1217.713000] [  WARN] Idle Task: bl616_pmtickless: <<<--- [R]:WIFI, [R]:3033, [W]:1204, [L]:160
[20:45:47:197][ 1217.743000] [  WARN] Idle Task: bl616_pmtickless: --->>> [10]:On, [H]:55348, [15:mi_otn]
[20:45:53:108][ 1223.655000] [  WARN] Idle Task: bl616_pmtickless: <<<--- [R]:WIFI, [R]:5901, [W]:1210, [L]:161
[20:45:53:138][ 1223.684000] [  WARN] Idle Task: bl616_pmtickless: --->>> [10]:On, [H]:49407, [15:mi_otn]
[20:45:58:237][ 1228.777000] [  WARN] Idle Task: bl616_pmtickless: <<<--- [R]:WIFI, [R]:5082, [W]:1215, [L]:161
[20:45:58:255][ 1228.808000] [  WARN] Idle Task: bl616_pmtickless: --->>> [10]:On, [H]:44284, [15:mi_otn]
[20:46:04:374][ 1234.923000] [  WARN] Idle Task: bl616_pmtickless: <<<--- [R]:WIFI, [R]:6105, [W]:1221, [L]:161
[20:46:04:407][ 1234.952000] [  WARN] Idle Task: bl616_pmtickless: --->>> [10]:On, [H]:38139, [15:mi_otn]
[20:46:15:645][ 1246.191000] [  WARN] Idle Task: bl616_pmtickless: <<<--- [R]:WIFI, [R]:11228, [W]:1232, [L]:161
[20:46:15:661][ 1246.220000] [  WARN] Idle Task: bl616_pmtickless: --->>> [10]:On, [H]:26872, [15:mi_otn]
[20:46:19:741][ 1250.287000] [  WARN] Idle Task: bl616_pmtickless: <<<--- [R]:WIFI, [R]:4057, [W]:1236, [L]:161
[20:46:19:757][ 1250.317000] [  WARN] Idle Task: bl616_pmtickless: --->>> [10]:On, [H]:22774, [15:mi_otn]
[20:46:34:066][ 1264.629000] [  WARN] Idle Task: bl616_pmtickless: <<<--- [R]:WIFI, [R]:14301, [W]:1250, [L]:161
[20:46:34:107][ 1264.661000] [  WARN] Idle Task: bl616_pmtickless: --->>> [10]:On, [H]:8430, [15:mi_otn]
[20:46:42:536][ 1273.111000] [  WARN] Idle Task: bl616_pmtickless: <<<--- [R]:RTC, [R]:8439, [W]:1258, [L]:161
[20:46:42:569][ 1273.123000] [  INFO] mi_otn: [20:46:43.123 ] ots: -->kplv sent.
[20:46:42:569][ 1273.130000] [  WARN] Idle Task: bl616_pmtickless: --->>> [10]:On, [H]:5992, [1107536064:]
[20:46:43:596][ 1274.159000] [  WARN] Idle Task: bl616_pmtickless: <<<--- [R]:WIFI, [R]:1018, [W]:1259, [L]:161
[20:46:43:613][ 1274.175000] [  INFO] ots_task: [20:46:44.174 ] ots: <--kplv ack.
[20:46:43:630][ 1274.188000] [  WARN] Idle Task: bl616_pmtickless: --->>> [10]:On, [H]:90992, [15:mi_otn]
[20:47:09:189][ 1299.760000] [  WARN] Idle Task: bl616_pmtickless: <<<--- [R]:WIFI, [R]:25561, [W]:1284, [L]:161
[20:47:09:221][ 1299.790000] [  WARN] Idle Task: bl616_pmtickless: --->>> [10]:On, [H]:65390, [15:mi_otn]
[20:47:56:303][ 1346.872000] [  WARN] Idle Task: bl616_pmtickless: <<<--- [R]:WIFI, [R]:47071, [W]:1330, [L]:161
[20:47:56:320][ 1346.901000] [  WARN] Idle Task: bl616_pmtickless: --->>> [10]:On, [H]:18279, [15:mi_otn]
[20:47:57:337][ 1347.898000] [  WARN] Idle Task: bl616_pmtickless: <<<--- [R]:WIFI, [R]:986, [W]:1331, [L]:161
[20:47:57:353][ 1347.928000] [  WARN] Idle Task: bl616_pmtickless: --->>> [10]:On, [H]:17252, [15:mi_otn]
[20:47:58:350][ 1348.925000] [  WARN] Idle Task: bl616_pmtickless: <<<--- [R]:WIFI, [R]:987, [W]:1332, [L]:161
[20:47:58:376][ 1348.954000] [  WARN] Idle Task: bl616_pmtickless: --->>> [10]:On, [H]:16226, [15:mi_otn]
[20:48:07:569][ 1358.143000] [  WARN] Idle Task: bl616_pmtickless: <<<--- [R]:WIFI, [R]:9179, [W]:1341, [L]:161
[20:48:07:589][ 1358.173000] [  WARN] Idle Task: bl616_pmtickless: --->>> [10]:On, [H]:7007, [15:mi_otn]
[20:48:14:598][ 1365.200000] [  WARN] Idle Task: bl616_pmtickless: <<<--- [R]:RTC, [R]:7016, [W]:1347, [L]:161
[20:48:14:614][ 1365.212000] [  INFO] mi_otn: [20:48:15.211 ] ots: -->kplv sent.
[20:48:14:630][ 1365.218000] [  WARN] Idle Task: bl616_pmtickless: --->>> [10]:On, [H]:5993, [1107536064:]
[20:48:14:726][ 1365.315000] [  WARN] Idle Task: bl616_pmtickless: <<<--- [R]:WIFI, [R]:87, [W]:1348, [L]:161
[20:48:14:742][ 1365.333000] [  INFO] ots_task: [20:48:15.333 ] ots: <--kplv ack.
[20:48:14:758][ 1365.350000] [  WARN] Idle Task: bl616_pmtickless: --->>> [10]:On, [H]:37814, [19:netMonitorTask]
[20:48:19:858][ 1370.439000] [  WARN] Idle Task: bl616_pmtickless: <<<--- [R]:WIFI, [R]:5078, [W]:1353, [L]:161
[20:48:19:874][ 1370.468000] [  WARN] Idle Task: bl616_pmtickless: --->>> [10]:On, [H]:32696, [19:netMonitorTask]
[20:48:52:597][ 1403.184000] [  WARN] Idle Task: bl616_pmtickless: <<<--- [R]:RTC, [R]:32705, [W]:1385, [L]:162
[20:48:52:597][ 1403.196000] [  INFO] netMonitorTask: [20:48:53.196 ] miio_monitor: work time = 1403s, memory left = 111496
[20:48:52:613][ 1403.206000] [  WARN] Idle Task: bl616_pmtickless: --->>> [10]:On, [H]:53133, [15:mi_otn]
[20:48:56:508][ 1407.106000] [  WARN] Idle Task: bl616_pmtickless: <<<--- [R]:WIFI, [R]:3889, [W]:1389, [L]:162
[20:48:56:540][ 1407.135000] [  WARN] Idle Task: bl616_pmtickless: --->>> [10]:On, [H]:49204, [15:mi_otn]
[20:49:03:681][ 1414.276000] [  WARN] Idle Task: bl616_pmtickless: <<<--- [R]:WIFI, [R]:7130, [W]:1396, [L]:162
[20:49:03:713][ 1414.307000] [  WARN] Idle Task: bl616_pmtickless: --->>> [10]:On, [H]:42033, [15:mi_otn]
[20:49:04:697][ 1415.301000] [  WARN] Idle Task: bl616_pmtickless: <<<--- [R]:WIFI, [R]:984, [W]:1397, [L]:162
[20:49:04:729][ 1415.331000] [  WARN] Idle Task: bl616_pmtickless: --->>> [10]:On, [H]:41008, [15:mi_otn]
[20:49:05:721][ 1416.327000] [  WARN] Idle Task: bl616_pmtickless: <<<--- [R]:WIFI, [R]:985, [W]:1398, [L]:162
[20:49:05:752][ 1416.358000] [  WARN] Idle Task: bl616_pmtickless: --->>> [10]:On, [H]:39981, [15:mi_otn]
[20:49:45:748][ 1456.359000] [  WARN] Idle Task: bl616_pmtickless: <<<--- [R]:RTC, [R]:39990, [W]:1437, [L]:163
[20:49:45:748][ 1456.372000] [  INFO] mi_otn: [20:49:46.372 ] ots: -->kplv sent.
[20:49:45:767][ 1456.378000] [  WARN] Idle Task: bl616_pmtickless: --->>> [10]:On, [H]:2605, [15:mi_otn]
[20:49:48:386][ 1459.003000] [  WARN] Idle Task: bl616_pmtickless: <<<--- [R]:RTC, [R]:2614, [W]:1440, [L]:163
[20:49:48:410][ 1459.019000] [  WARN] Idle Task: bl616_pmtickless: --->>> [10]:On, [H]:3352, [1107536064:]
[20:49:51:773][ 1462.391000] [  WARN] Idle Task: bl616_pmtickless: <<<--- [R]:RTC, [R]:3361, [W]:1443, [L]:163
[20:49:51:790][ 1462.406000] [  WARN] Idle Task: bl616_pmtickless: --->>> [10]:On, [H]:11995, [1107536064:]
[20:49:53:029][ 1463.649000] [  WARN] Idle Task: bl616_pmtickless: <<<--- [R]:WIFI, [R]:1232, [W]:1445, [L]:163
[20:49:53:045][ 1463.666000] [  INFO] ots_task: [20:49:53.666 ] ots: <--kplv ack.
[20:49:53:061][ 1463.683000] [  WARN] Idle Task: bl616_pmtickless: --->>> [10]:On, [H]:90989, [15:mi_otn]
[20:50:26:833][ 1497.447000] [  WARN] Idle Task: bl616_pmtickless: <<<--- [R]:WIFI, [R]:33753, [W]:1478, [L]:163
[20:50:26:865][ 1497.481000] [  WARN] Idle Task: bl616_pmtickless: --->>> [10]:On, [H]:57191, [15:mi_otn]
[20:50:57:544][ 1528.173000] [  WARN] Idle Task: bl616_pmtickless: <<<--- [R]:WIFI, [R]:30681, [W]:1508, [L]:163
[20:50:57:576][ 1528.207000] [  WARN] Idle Task: bl616_pmtickless: --->>> [10]:On, [H]:26465, [15:mi_otn]
[20:51:24:067][ 1554.692000] [  WARN] Idle Task: bl616_pmtickless: <<<--- [R]:RTC, [R]:26474, [W]:1533, [L]:163
[20:51:24:067][ 1554.705000] [  INFO] mi_otn: [20:51:24.705 ] ots: -->kplv sent.
[20:51:24:080][ 1554.711000] [  WARN] Idle Task: bl616_pmtickless: --->>> [10]:On, [H]:11992, [1107536064:]
[20:51:24:177][ 1554.804000] [  WARN] Idle Task: bl616_pmtickless: <<<--- [R]:WIFI, [R]:82, [W]:1534, [L]:163
[20:51:24:177][ 1554.820000] [  INFO] ots_task: [20:51:24.819 ] ots: <--kplv ack.
[20:51:24:209][ 1554.838000] [  WARN] Idle Task: bl616_pmtickless: --->>> [10]:On, [H]:69222, [15:mi_otn]
[20:51:57:753][ 1588.397000] [  WARN] Idle Task: bl616_pmtickless: <<<--- [R]:WIFI, [R]:33548, [W]:1567, [L]:164
[20:51:57:785][ 1588.431000] [  WARN] Idle Task: bl616_pmtickless: --->>> [10]:On, [H]:35629, [15:mi_otn]
[20:52:19:256][ 1609.906000] [  WARN] Idle Task: bl616_pmtickless: <<<--- [R]:WIFI, [R]:21464, [W]:1588, [L]:164
[20:52:19:304][ 1609.940000] [  WARN] Idle Task: bl616_pmtickless: --->>> [10]:On, [H]:14120, [15:mi_otn]
[20:52:33:429][ 1624.080000] [  WARN] Idle Task: bl616_pmtickless: <<<--- [R]:RTC, [R]:14129, [W]:1601, [L]:164
[20:52:33:461][ 1624.107000] [  WARN] Idle Task: bl616_pmtickless: --->>> [10]:On, [H]:3980, [15:mi_otn]
[20:52:33:606][ 1624.248000] [  WARN] Idle Task: bl616_pmtickless: <<<--- [R]:WIFI, [R]:130, [W]:1602, [L]:164
[20:52:33:623][ 1624.276000] [  WARN] Idle Task: bl616_pmtickless: --->>> [10]:On, [H]:3797, [15:mi_otn]
[20:52:37:437][ 1628.093000] [  WARN] Idle Task: bl616_pmtickless: <<<--- [R]:RTC, [R]:3806, [W]:1605, [L]:164
[20:52:37:453][ 1628.110000] [  WARN] Idle Task: bl616_pmtickless: --->>> [10]:On, [H]:3998, [15:mi_otn]
[20:52:38:725][ 1629.370000] [  WARN] Idle Task: bl616_pmtickless: <<<--- [R]:WIFI, [R]:1249, [W]:1607, [L]:164
[20:52:38:741][ 1629.400000] [  WARN] Idle Task: bl616_pmtickless: --->>> [10]:On, [H]:73804, [19:netMonitorTask]
[20:53:28:894][ 1679.554000] [  WARN] Idle Task: bl616_pmtickless: <<<--- [R]:WIFI, [R]:50142, [W]:1656, [L]:164
[20:53:28:926][ 1679.585000] [  WARN] Idle Task: bl616_pmtickless: --->>> [10]:On, [H]:23619, [19:netMonitorTask]
[20:53:52:548][ 1703.224000] [  WARN] Idle Task: bl616_pmtickless: <<<--- [R]:RTC, [R]:23628, [W]:1679, [L]:164
[20:53:52:580][ 1703.236000] [  INFO] netMonitorTask: [20:53:53.236 ] miio_monitor: work time = 1703s, memory left = 111152
[20:53:52:580][ 1703.246000] [  WARN] Idle Task: bl616_pmtickless: --->>> [10]:On, [H]:17147, [15:mi_otn]
[20:54:09:751][ 1720.412000] [  WARN] Idle Task: bl616_pmtickless: <<<--- [R]:RTC, [R]:17156, [W]:1695, [L]:164
[20:54:09:751][ 1720.425000] [  INFO] mi_otn: [20:54:10.425 ] ots: -->kplv sent.
[20:54:09:767][ 1720.431000] [  WARN] Idle Task: bl616_pmtickless: --->>> [10]:On, [H]:8954, [0:]
[20:54:09:847][ 1720.525000] [  WARN] Idle Task: bl616_pmtickless: <<<--- [R]:WIFI, [R]:84, [W]:1696, [L]:164
[20:54:09:863][ 1720.544000] [  INFO] ots_task: [20:54:10.544 ] ots: <--kplv ack.
[20:54:09:895][ 1720.560000] [  WARN] Idle Task: bl616_pmtickless: --->>> [10]:On, [H]:79971, [7:WPA]
[20:54:34:030][ 1744.697000] [  WARN] Idle Task: bl616_pmtickless: <<<--- [R]:WIFI, [R]:24127, [W]:1720, [L]:166
[20:54:34:062][ 1744.736000] [  WARN] Idle Task: bl616_pmtickless: --->>> [10]:On, [H]:55795, [7:WPA]
[20:55:29:730][ 1800.411000] [  WARN] Idle Task: bl616_pmtickless: <<<--- [R]:WIFI, [R]:55664, [W]:1775, [L]:169
[20:55:29:762][ 1800.444000] [  WARN] Idle Task: bl616_pmtickless: --->>> [10]:On, [H]:87, [7:WPA]
[20:55:29:858][ 1800.550000] [  WARN] Idle Task: bl616_pmtickless: <<<--- [R]:RTC, [R]:96, [W]:1775, [L]:169
[20:55:29:874][ 1800.561000] [  WARN] Idle Task: bl616_pmtickless: --->>> [10]:On, [H]:10518, [20:mi_mcmd]
[20:55:40:417][ 1811.099000] [  WARN] Idle Task: bl616_pmtickless: <<<--- [R]:RTC, [R]:10527, [W]:1785, [L]:170
[20:55:40:417][ 1811.113000] [  WARN] Idle Task: bl616_pmtickless: --->>> [10]:On, [H]:437, [15:mi_otn]
[20:55:40:863][ 1811.569000] [  WARN] Idle Task: bl616_pmtickless: <<<--- [R]:RTC, [R]:446, [W]:1786, [L]:170
[20:55:40:889][ 1811.582000] [  INFO] mi_otn: [20:55:41.581 ] ots: -->kplv sent.
[20:55:40:895][ 1811.588000] [  WARN] Idle Task: bl616_pmtickless: --->>> [10]:On, [H]:11992, [1107536064:]
[20:55:41:819][ 1812.506000] [  WARN] Idle Task: bl616_pmtickless: <<<--- [R]:WIFI, [R]:907, [W]:1787, [L]:170
[20:55:41:830][ 1812.522000] [  INFO] ots_task: [20:55:42.522 ] ots: <--kplv ack.
[20:55:41:846][ 1812.536000] [  WARN] Idle Task: bl616_pmtickless: --->>> [10]:On, [H]:90992, [15:mi_otn]
[20:56:29:320][ 1860.025000] [  WARN] Idle Task: bl616_pmtickless: <<<--- [R]:WIFI, [R]:47479, [W]:1834, [L]:173
[20:56:29:352][ 1860.059000] [  WARN] Idle Task: bl616_pmtickless: --->>> [10]:On, [H]:43469, [15:mi_otn]
[20:56:49:809][ 1880.509000] [  WARN] Idle Task: bl616_pmtickless: <<<--- [R]:WIFI, [R]:20439, [W]:1854, [L]:173
[20:56:49:841][ 1880.542000] [  WARN] Idle Task: bl616_pmtickless: --->>> [10]:On, [H]:22986, [15:mi_otn]
[20:57:12:842][ 1903.548000] [  WARN] Idle Task: bl616_pmtickless: <<<--- [R]:RTC, [R]:22995, [W]:1876, [L]:174
[20:57:12:842][ 1903.560000] [  INFO] mi_otn: [20:57:13.560 ] ots: -->kplv sent.
[20:57:12:858][ 1903.566000] [  WARN] Idle Task: bl616_pmtickless: --->>> [10]:On, [H]:11993, [1107536064:]
[20:57:13:158][ 1903.864000] [  WARN] Idle Task: bl616_pmtickless: <<<--- [R]:WIFI, [R]:287, [W]:1877, [L]:174
[20:57:13:158][ 1903.879000] [  INFO] ots_task: [20:57:13.879 ] ots: <--kplv ack.
[20:57:13:174][ 1903.893000] [  WARN] Idle Task: bl616_pmtickless: --->>> [10]:On, [H]:90992, [15:mi_otn]
[20:58:00:056][ 1950.770000] [  WARN] Idle Task: bl616_pmtickless: <<<--- [R]:WIFI, [R]:46867, [W]:1923, [L]:175
[20:58:00:073][ 1950.798000] [  WARN] Idle Task: bl616_pmtickless: --->>> [10]:On, [H]:44087, [15:mi_otn]
[20:58:30:774][ 1981.495000] [  WARN] Idle Task: bl616_pmtickless: <<<--- [R]:WIFI, [R]:30686, [W]:1953, [L]:175
[20:58:30:806][ 1981.527000] [  WARN] Idle Task: bl616_pmtickless: --->>> [10]:On, [H]:13358, [15:mi_otn]
[20:58:44:172][ 1994.905000] [  WARN] Idle Task: bl616_pmtickless: <<<--- [R]:RTC, [R]:13367, [W]:1966, [L]:175
[20:58:44:172][ 1994.917000] [  INFO] mi_otn: [20:58:44.917 ] ots: -->kplv sent.
[20:58:44:204][ 1994.923000] [  WARN] Idle Task: bl616_pmtickless: --->>> [10]:On, [H]:8321, [19:netMonitorTask]
[20:58:45:102][ 1995.837000] [  WARN] Idle Task: bl616_pmtickless: <<<--- [R]:WIFI, [R]:902, [W]:1967, [L]:175
[20:58:45:118][ 1995.854000] [  INFO] ots_task: [20:58:45.854 ] ots: <--kplv ack.
[20:58:45:150][ 1995.871000] [  WARN] Idle Task: bl616_pmtickless: --->>> [10]:On, [H]:7373, [19:netMonitorTask]
[20:58:52:518][ 2003.265000] [  WARN] Idle Task: bl616_pmtickless: <<<--- [R]:RTC, [R]:7382, [W]:1974, [L]:176
[20:58:52:534][ 2003.276000] [  INFO] netMonitorTask: [20:58:53.276 ] miio_monitor: work time = 2003s, memory left = 111496
[20:58:52:550][ 2003.286000] [  WARN] Idle Task: bl616_pmtickless: --->>> [10]:On, [H]:55733, [15:mi_otn]
[20:58:59:245][ 2009.974000] [  WARN] Idle Task: bl616_pmtickless: <<<--- [R]:WIFI, [R]:6677, [W]:1981, [L]:176
[20:58:59:277][ 2010.007000] [  WARN] Idle Task: bl616_pmtickless: --->>> [10]:On, [H]:49012, [15:mi_otn]
[20:59:30:781][ 2041.519000] [  WARN] Idle Task: bl616_pmtickless: <<<--- [R]:WIFI, [R]:31502, [W]:2012, [L]:177
[20:59:30:813][ 2041.549000] [  WARN] Idle Task: bl616_pmtickless: --->>> [10]:On, [H]:17470, [15:mi_otn]
[20:59:48:291][ 2059.039000] [  WARN] Idle Task: bl616_pmtickless: <<<--- [R]:RTC, [R]:17479, [W]:2029, [L]:179
[20:59:48:307][ 2059.055000] [  WARN] Idle Task: bl616_pmtickless: --->>> [10]:On, [H]:27809, [15:mi_otn]
[20:59:52:902][ 2063.646000] [  WARN] Idle Task: bl616_pmtickless: <<<--- [R]:WIFI, [R]:4580, [W]:2034, [L]:179
[20:59:52:934][ 2063.673000] [  WARN] Idle Task: bl616_pmtickless: --->>> [10]:On, [H]:23191, [15:mi_otn]
[21:00:16:141][ 2086.884000] [  WARN] Idle Task: bl616_pmtickless: <<<--- [R]:RTC, [R]:23200, [W]:2056, [L]:179
[21:00:16:141][ 2086.897000] [  INFO] mi_otn: [21:00:16.896 ] ots: -->kplv sent.
[21:00:16:157][ 2086.903000] [  WARN] Idle Task: bl616_pmtickless: --->>> [10]:On, [H]:11994, [1107536064:]
[21:00:16:446][ 2087.203000] [  WARN] Idle Task: bl616_pmtickless: <<<--- [R]:WIFI, [R]:289, [W]:2057, [L]:179
[21:00:16:462][ 2087.221000] [  INFO] ots_task: [21:00:17.221 ] ots: <--kplv ack.
[21:00:16:478][ 2087.233000] [  WARN] Idle Task: bl616_pmtickless: --->>> [10]:On, [H]:90993, [15:mi_otn]
[21:01:00:280][ 2131.040000] [  WARN] Idle Task: bl616_pmtickless: <<<--- [R]:WIFI, [R]:43796, [W]:2100, [L]:180
[21:01:00:312][ 2131.069000] [  WARN] Idle Task: bl616_pmtickless: --->>> [10]:On, [H]:47157, [15:mi_otn]
[21:01:03:358][ 2134.115000] [  WARN] Idle Task: bl616_pmtickless: <<<--- [R]:WIFI, [R]:3035, [W]:2103, [L]:180
[21:01:03:374][ 2134.142000] [  WARN] Idle Task: bl616_pmtickless: --->>> [10]:On, [H]:44084, [15:mi_otn]
[21:01:07:445][ 2138.210000] [  WARN] Idle Task: bl616_pmtickless: <<<--- [R]:WIFI, [R]:4057, [W]:2107, [L]:180
[21:01:07:477][ 2138.241000] [  WARN] Idle Task: bl616_pmtickless: --->>> [10]:On, [H]:39985, [15:mi_otn]
[21:01:13:589][ 2144.357000] [  WARN] Idle Task: bl616_pmtickless: <<<--- [R]:WIFI, [R]:6105, [W]:2113, [L]:180
[21:01:13:619][ 2144.387000] [  WARN] Idle Task: bl616_pmtickless: --->>> [10]:On, [H]:33839, [15:mi_otn]
[21:01:21:787][ 2152.553000] [  WARN] Idle Task: bl616_pmtickless: <<<--- [R]:WIFI, [R]:8155, [W]:2121, [L]:180
[21:01:21:803][ 2152.581000] [  WARN] Idle Task: bl616_pmtickless: --->>> [10]:On, [H]:25645, [15:mi_otn]
[21:01:34:076][ 2164.843000] [  WARN] Idle Task: bl616_pmtickless: <<<--- [R]:WIFI, [R]:12251, [W]:2133, [L]:180
[21:01:34:105][ 2164.874000] [  WARN] Idle Task: bl616_pmtickless: --->>> [10]:On, [H]:13352, [15:mi_otn]
[21:01:47:466][ 2178.246000] [  WARN] Idle Task: bl616_pmtickless: <<<--- [R]:RTC, [R]:13361, [W]:2146, [L]:180
[21:01:47:466][ 2178.258000] [  INFO] mi_otn: [21:01:48.258 ] ots: -->kplv sent.
[21:01:47:482][ 2178.264000] [  WARN] Idle Task: bl616_pmtickless: --->>> [10]:On, [H]:11993, [1107536064:]
[21:01:48:402][ 2179.185000] [  WARN] Idle Task: bl616_pmtickless: <<<--- [R]:WIFI, [R]:910, [W]:2147, [L]:180
[21:01:48:416][ 2179.201000] [  INFO] ots_task: [21:01:49.201 ] ots: <--kplv ack.
[21:01:48:432][ 2179.214000] [  WARN] Idle Task: bl616_pmtickless: --->>> [10]:On, [H]:90992, [15:mi_otn]
[21:01:53:519][ 2184.305000] [  WARN] Idle Task: bl616_pmtickless: <<<--- [R]:WIFI, [R]:5081, [W]:2152, [L]:180
[21:01:53:551][ 2184.339000] [  WARN] Idle Task: bl616_pmtickless: --->>> [10]:On, [H]:85867, [15:mi_otn]
[21:02:29:359][ 2220.153000] [  WARN] Idle Task: bl616_pmtickless: <<<--- [R]:WIFI, [R]:35803, [W]:2187, [L]:180
[21:02:29:407][ 2220.188000] [  WARN] Idle Task: bl616_pmtickless: --->>> [10]:On, [H]:50018, [15:mi_otn]
[21:03:02:538][ 2253.336000] [  WARN] Idle Task: bl616_pmtickless: <<<--- [R]:WIFI, [R]:33137, [W]:2220, [L]:183
[21:03:02:569][ 2253.368000] [  WARN] Idle Task: bl616_pmtickless: --->>> [10]:On, [H]:16838, [15:mi_otn]
[21:03:19:427][ 2270.226000] [  WARN] Idle Task: bl616_pmtickless: <<<--- [R]:RTC, [R]:16847, [W]:2236, [L]:183
[21:03:19:427][ 2270.238000] [  INFO] mi_otn: [21:03:20.238 ] ots: -->kplv sent.
[21:03:19:443][ 2270.244000] [  WARN] Idle Task: bl616_pmtickless: --->>> [10]:On, [H]:11993, [1107536064:]
[21:03:19:959][ 2270.753000] [  WARN] Idle Task: bl616_pmtickless: <<<--- [R]:WIFI, [R]:498, [W]:2237, [L]:183
[21:03:19:959][ 2270.771000] [  INFO] ots_task: [21:03:20.771 ] ots: <--kplv ack.
[21:03:19:974][ 2270.780000] [  WARN] Idle Task: bl616_pmtickless: --->>> [10]:On, [H]:32504, [19:netMonitorTask]
[21:03:34:290][ 2285.090000] [  WARN] Idle Task: bl616_pmtickless: <<<--- [R]:WIFI, [R]:14298, [W]:2251, [L]:183
[21:03:34:322][ 2285.122000] [  WARN] Idle Task: bl616_pmtickless: --->>> [10]:On, [H]:18163, [19:netMonitorTask]
[21:03:52:496][ 2303.305000] [  WARN] Idle Task: bl616_pmtickless: <<<--- [R]:RTC, [R]:18172, [W]:2268, [L]:183
[21:03:52:496][ 2303.317000] [  INFO] netMonitorTask: [21:03:53.316 ] miio_monitor: work time = 2303s, memory left = 111496
[21:03:52:513][ 2303.327000] [  WARN] Idle Task: bl616_pmtickless: --->>> [10]:On, [H]:58451, [15:mi_otn]
[21:04:32:654][ 2343.469000] [  WARN] Idle Task: bl616_pmtickless: <<<--- [R]:WIFI, [R]:40132, [W]:2308, [L]:186
[21:04:32:687][ 2343.501000] [  WARN] Idle Task: bl616_pmtickless: --->>> [10]:On, [H]:18276, [15:mi_otn]
[21:04:50:985][ 2361.797000] [  WARN] Idle Task: bl616_pmtickless: <<<--- [R]:RTC, [R]:18285, [W]:2325, [L]:186
[21:04:50:985][ 2361.810000] [  INFO] mi_otn: [21:04:51.809 ] ots: -->kplv sent.
[21:04:51:001][ 2361.815000] [  WARN] Idle Task: bl616_pmtickless: --->>> [10]:On, [H]:11993, [1107536064:]
[21:04:51:081][ 2361.907000] [  WARN] Idle Task: bl616_pmtickless: <<<--- [R]:WIFI, [R]:81, [W]:2326, [L]:186
[21:04:51:097][ 2361.924000] [  INFO] ots_task: [21:04:51.924 ] ots: <--kplv ack.
[21:04:51:129][ 2361.946000] [  WARN] Idle Task: bl616_pmtickless: --->>> [10]:On, [H]:90984, [15:mi_otn]
[21:05:33:079][ 2403.900000] [  WARN] Idle Task: bl616_pmtickless: <<<--- [R]:WIFI, [R]:41943, [W]:2367, [L]:186
[21:05:33:095][ 2403.930000] [  WARN] Idle Task: bl616_pmtickless: --->>> [10]:On, [H]:49000, [15:mi_otn]
[21:05:34:107][ 2404.925000] [  WARN] Idle Task: bl616_pmtickless: <<<--- [R]:WIFI, [R]:984, [W]:2368, [L]:186
[21:05:34:136][ 2404.958000] [  WARN] Idle Task: bl616_pmtickless: --->>> [10]:On, [H]:47973, [15:mi_otn]
[21:06:22:118][ 2452.950000] [  WARN] Idle Task: bl616_pmtickless: <<<--- [R]:RTC, [R]:47982, [W]:2415, [L]:188
[21:06:22:118][ 2452.963000] [  INFO] mi_otn: [21:06:22.963 ] ots: -->kplv sent.
[21:06:22:134][ 2452.969000] [  WARN] Idle Task: bl616_pmtickless: --->>> [10]:On, [H]:11993, [1107536064:]
[21:06:23:148][ 2453.987000] [  WARN] Idle Task: bl616_pmtickless: <<<--- [R]:WIFI, [R]:1007, [W]:2416, [L]:188
[21:06:23:180][ 2454.020000] [  INFO] ots_task: [21:06:24.020 ] ots: <--kplv ack.
[21:06:23:196][ 2454.037000] [  WARN] Idle Task: bl616_pmtickless: --->>> [10]:On, [H]:90988, [15:mi_otn]
[21:07:04:102][ 2494.952000] [  WARN] Idle Task: bl616_pmtickless: <<<--- [R]:WIFI, [R]:40904, [W]:2456, [L]:188
[21:07:04:151][ 2494.992000] [  WARN] Idle Task: bl616_pmtickless: --->>> [10]:On, [H]:50033, [15:mi_otn]
[21:07:54:189][ 2545.045000] [  WARN] Idle Task: bl616_pmtickless: <<<--- [R]:RTC, [R]:50042, [W]:2504, [L]:188
[21:07:54:189][ 2545.058000] [  INFO] mi_otn: [21:07:55.058 ] ots: -->kplv sent.
[21:07:54:205][ 2545.064000] [  WARN] Idle Task: bl616_pmtickless: --->>> [10]:On, [H]:8953, [0:]
[21:07:54:285][ 2545.139000] [  WARN] Idle Task: bl616_pmtickless: <<<--- [R]:WIFI, [R]:65, [W]:2505, [L]:188
[21:07:54:317][ 2545.176000] [  WARN] Idle Task: bl616_pmtickless: --->>> [10]:On, [H]:8841, [0:]
[21:07:55:315][ 2546.164000] [  WARN] Idle Task: bl616_pmtickless: <<<--- [R]:WIFI, [R]:978, [W]:2506, [L]:188
[21:07:55:315][ 2546.180000] [  INFO] ots_task: [21:07:56.180 ] ots: <--kplv ack.
[21:07:55:348][ 2546.202000] [  WARN] Idle Task: bl616_pmtickless: --->>> [10]:On, [H]:52208, [15:mi_otn]
[21:08:34:215][ 2585.083000] [  WARN] Idle Task: bl616_pmtickless: <<<--- [R]:WIFI, [R]:38870, [W]:2544, [L]:188
[21:08:34:263][ 2585.119000] [  WARN] Idle Task: bl616_pmtickless: --->>> [10]:On, [H]:13291, [15:mi_otn]
[21:08:47:561][ 2598.430000] [  WARN] Idle Task: bl616_pmtickless: <<<--- [R]:RTC, [R]:13300, [W]:2557, [L]:189
[21:08:47:565][ 2598.442000] [NOTICE] mi_otn: [21:08:48.442 ] ots: -->sync sent.
[21:08:47:579][ 2598.448000] [  WARN] Idle Task: bl616_pmtickless: --->>> [10]:On, [H]:566, [15:mi_otn]
[21:08:47:640][ 2598.503000] [  WARN] Idle Task: bl616_pmtickless: <<<--- [R]:WIFI, [R]:44, [W]:2558, [L]:189
[21:08:47:640][ 2598.519000] [NOTICE] ots_task: [21:08:48.519 ] ots: <--sync ack.
[21:08:47:673][ 2598.538000] [  WARN] Idle Task: bl616_pmtickless: --->>> [10]:On, [H]:476, [15:mi_otn]
[21:08:48:156][ 2599.034000] [  WARN] Idle Task: bl616_pmtickless: <<<--- [R]:RTC, [R]:485, [W]:2558, [L]:189
[21:08:48:172][ 2599.046000] [  INFO] mi_otn: [21:08:48.046 ] miio_instance: miio_info_kvs_hook_default called
[21:08:48:172][ 2599.058000] [NOTICE] mi_otn: [21:08:48.058 ] miio_ot: up _otc.info:{"id":2085748774,"method":"_otc.info","params":{"life":2599,"model":"xiaomi.dev.bl3","token":"06dd************************441a","ipflag":1,"fw_ver":"1.0.3","miio_ver":"0.1.0","hw_ver":"BL616-BL3","chip_ver":1,"mmfree":110112,"mac":"C4:93:BB:AD:C8:29","wifi_fw_ver":"WifiVer.N\/A","ap":{"ssid":"Xiaomi_be3600","bssid":"42:EE:97:F0:4C:60","rssi":-32,"primary":1},"netif":{"localIp":"192.168.3.66","mask":"255.255.255.0","gw":"192.168.3.1"},"uid":1205295674}}
[21:08:48:236][ 2599.101000] [  INFO] mi_otn: [21:08:48.101 ] miio_ot: -->info(ots).
[21:08:48:236][ 2599.114000] [  WARN] Idle Task: bl616_pmtickless: --->>> [10]:On, [H]:3998, [15:mi_otn]
[21:08:48:654][ 2599.530000] [  WARN] Idle Task: bl616_pmtickless: <<<--- [R]:WIFI, [R]:406, [W]:2559, [L]:189
[21:08:48:670][ 2599.548000] [  INFO] mi_otn: [21:08:48.548 ] miio_ot: <--info ack(ots).
[21:08:48:702][ 2599.568000] [  WARN] Idle Task: bl616_pmtickless: --->>> [10]:On, [H]:3757, [19:netMonitorTask]
[21:08:49:681][ 2600.556000] [  WARN] Idle Task: bl616_pmtickless: <<<--- [R]:WIFI, [R]:977, [W]:2560, [L]:189
[21:08:49:713][ 2600.590000] [  WARN] Idle Task: bl616_pmtickless: --->>> [10]:On, [H]:2735, [19:netMonitorTask]
[21:08:52:461][ 2603.345000] [  WARN] Idle Task: bl616_pmtickless: <<<--- [R]:RTC, [R]:2744, [W]:2562, [L]:189
[21:08:52:461][ 2603.357000] [  INFO] netMonitorTask: [21:08:52.357 ] miio_monitor: work time = 2603s, memory left = 111448
[21:08:52:493][ 2603.367000] [  WARN] Idle Task: bl616_pmtickless: --->>> [10]:On, [H]:707, [15:mi_otn]
[21:08:53:200][ 2604.093000] [  WARN] Idle Task: bl616_pmtickless: <<<--- [R]:RTC, [R]:716, [W]:2563, [L]:189
[21:08:53:231][ 2604.105000] [  WARN] Idle Task: bl616_pmtickless: --->>> [10]:On, [H]:4999, [15:mi_otn]
[21:08:58:239][ 2609.124000] [  WARN] Idle Task: bl616_pmtickless: <<<--- [R]:RTC, [R]:5008, [W]:2568, [L]:189
[21:08:58:255][ 2609.140000] [  WARN] Idle Task: bl616_pmtickless: --->>> [10]:On, [H]:3999, [15:mi_otn]
[21:08:58:891][ 2609.780000] [  WARN] Idle Task: bl616_pmtickless: <<<--- [R]:WIFI, [R]:629, [W]:2569, [L]:189
[21:08:58:923][ 2609.799000] [  INFO] mi_otn: [21:08:58.798 ] miio_info: 0 props left, 0 events left.
[21:08:58:939][ 2609.814000] [  WARN] Idle Task: bl616_pmtickless: --->>> [10]:On, [H]:49240, [15:mi_otn]
[21:09:34:526][ 2645.422000] [  WARN] Idle Task: bl616_pmtickless: <<<--- [R]:WIFI, [R]:35597, [W]:2604, [L]:190
[21:09:34:574][ 2645.458000] [  WARN] Idle Task: bl616_pmtickless: --->>> [10]:On, [H]:13596, [15:mi_otn]
[21:09:45:596][ 2656.484000] [  WARN] Idle Task: bl616_pmtickless: <<<--- [R]:WIFI, [R]:11016, [W]:2615, [L]:191
[21:09:45:629][ 2656.517000] [  WARN] Idle Task: bl616_pmtickless: --->>> [10]:On, [H]:2537, [15:mi_otn]
[21:09:48:193][ 2659.074000] [  WARN] Idle Task: bl616_pmtickless: <<<--- [R]:RTC, [R]:2546, [W]:2617, [L]:191
[21:09:48:203][ 2659.090000] [  WARN] Idle Task: bl616_pmtickless: --->>> [10]:On, [H]:41713, [15:mi_otn]
[21:10:29:912][ 2700.823000] [  WARN] Idle Task: bl616_pmtickless: <<<--- [R]:RTC, [R]:41722, [W]:2658, [L]:193
[21:10:29:912][ 2700.835000] [  INFO] mi_otn: [21:10:29.835 ] ots: -->kplv sent.
[21:10:29:944][ 2700.841000] [  WARN] Idle Task: bl616_pmtickless: --->>> [10]:On, [H]:11993, [1107536064:]
[21:10:30:040][ 2700.938000] [  WARN] Idle Task: bl616_pmtickless: <<<--- [R]:WIFI, [R]:86, [W]:2659, [L]:193
[21:10:30:056][ 2700.953000] [  INFO] ots_task: [21:10:29.953 ] ots: <--kplv ack.
[21:10:30:072][ 2700.968000] [  WARN] Idle Task: bl616_pmtickless: --->>> [10]:On, [H]:90991, [15:mi_otn]
[21:11:05:675][ 2736.579000] [  WARN] Idle Task: bl616_pmtickless: <<<--- [R]:WIFI, [R]:35600, [W]:2694, [L]:194
[21:11:05:706][ 2736.610000] [  WARN] Idle Task: bl616_pmtickless: --->>> [10]:On, [H]:55349, [15:mi_otn]
[21:12:00:757][ 2791.679000] [  WARN] Idle Task: bl616_pmtickless: <<<--- [R]:WIFI, [R]:55058, [W]:2748, [L]:195
[21:12:00:795][ 2791.709000] [  WARN] Idle Task: bl616_pmtickless: --->>> [10]:On, [H]:250, [15:mi_otn]
[21:12:01:064][ 2791.979000] [  WARN] Idle Task: bl616_pmtickless: <<<--- [R]:RTC, [R]:259, [W]:2748, [L]:195
[21:12:01:064][ 2791.991000] [  INFO] mi_otn: [21:12:00.990 ] ots: -->kplv sent.
[21:12:01:080][ 2791.996000] [  WARN] Idle Task: bl616_pmtickless: --->>> [10]:On, [H]:11994, [1107536064:]
[21:12:01:787][ 2792.708000] [  WARN] Idle Task: bl616_pmtickless: <<<--- [R]:WIFI, [R]:701, [W]:2749, [L]:195
[21:12:01:803][ 2792.725000] [  INFO] ots_task: [21:12:01.725 ] ots: <--kplv ack.
[21:12:01:819][ 2792.739000] [  WARN] Idle Task: bl616_pmtickless: --->>> [10]:On, [H]:90991, [15:mi_otn]
[21:12:36:188][ 2827.119000] [  WARN] Idle Task: bl616_pmtickless: <<<--- [R]:WIFI, [R]:34369, [W]:2783, [L]:197
[21:12:36:220][ 2827.154000] [  WARN] Idle Task: bl616_pmtickless: --->>> [10]:On, [H]:56576, [15:mi_otn]
[21:13:32:819][ 2883.750000] [  WARN] Idle Task: bl616_pmtickless: <<<--- [R]:RTC, [R]:56585, [W]:2838, [L]:199
[21:13:32:819][ 2883.767000] [  WARN] Idle Task: bl616_pmtickless: --->>> [10]:On, [H]:16, [15:mi_otn]
[21:13:32:834][ 2883.772000] [  WARN] Idle Task: bl616_pmtickless: <<<--- exit: sleep time too short 16
[21:13:32:834][ 2883.786000] [  WARN] Idle Task: bl616_pmtickless: --->>> [10]:On, [H]:18, [15:mi_otn]
[21:13:32:851][ 2883.791000] [  WARN] Idle Task: bl616_pmtickless: <<<--- exit: sleep time too short 18
[21:13:32:867][ 2883.808000] [  WARN] Idle Task: bl616_pmtickless: --->>> [10]:On, [H]:18, [15:mi_otn]
[21:13:32:879][ 2883.814000] [  WARN] Idle Task: bl616_pmtickless: <<<--- exit: sleep time too short 18
[21:13:32:882][ 2883.824000] [  WARN] Idle Task: bl616_pmtickless: --->>> [10]:On, [H]:2, [15:mi_otn]
[21:13:32:892][ 2883.829000] [  WARN] Idle Task: bl616_pmtickless: <<<--- exit: sleep time too short 2
[21:13:32:898][ 2883.842000] [  WARN] Idle Task: bl616_pmtickless: --->>> [10]:On, [H]:18, [15:mi_otn]
[21:13:32:906][ 2883.848000] [  WARN] Idle Task: bl616_pmtickless: <<<--- exit: sleep time too short 18
[21:13:32:914][ 2883.860000] [  WARN] Idle Task: bl616_pmtickless: --->>> [10]:On, [H]:1, [15:mi_otn]
[21:13:32:914][ 2883.865000] [  WARN] Idle Task: bl616_pmtickless: <<<--- exit: sleep time too short 1
[21:13:32:946][ 2883.877000] [  WARN] Idle Task: bl616_pmtickless: --->>> [10]:On, [H]:18, [15:mi_otn]
[21:13:32:946][ 2883.883000] [  WARN] Idle Task: bl616_pmtickless: <<<--- exit: sleep time too short 18
[21:13:32:946][ 2883.896000] [ ERROR] mi_otn: [21:13:32.896 ] tls: mbedtls_ssl_write returned -0x4e, 0 written, 8 need
[21:13:32:961][ 2883.903000] [  WARN] mi_otn: [21:13:32.903 ] ots: packet send error!
[21:13:32:972][ 2883.909000] [  INFO] mi_otn: [21:13:32.909 ] ots: -->kplv send failed.
[21:13:32:978][ 2883.918000] [  WARN] Idle Task: bl616_pmtickless: --->>> [10]:On, [H]:8803, [0:]
[21:13:33:939][ 2884.884000] [  WARN] Idle Task: bl616_pmtickless: <<<--- [R]:WIFI, [R]:956, [W]:2839, [L]:199
[21:13:33:987][ 2884.919000] [  WARN] Idle Task: bl616_pmtickless: --->>> [10]:On, [H]:18446, [19:netMonitorTask]
[21:13:52:435][ 2903.385000] [  WARN] Idle Task: bl616_pmtickless: <<<--- [R]:RTC, [R]:18455, [W]:2857, [L]:200
[21:13:52:435][ 2903.397000] [  INFO] netMonitorTask: [21:13:52.397 ] miio_monitor: work time = 2903s, memory left = 111496
[21:13:52:466][ 2903.407000] [  WARN] Idle Task: bl616_pmtickless: --->>> [10]:On, [H]:7665, [15:mi_otn]
[21:14:00:143][ 2911.091000] [  WARN] Idle Task: bl616_pmtickless: <<<--- [R]:RTC, [R]:7674, [W]:2864, [L]:200
[21:14:00:143][ 2911.103000] [  INFO] mi_otn: [21:14:00.103 ] ots: -->kplv sent.
[21:14:00:162][ 2911.109000] [  WARN] Idle Task: bl616_pmtickless: --->>> [10]:On, [H]:11993, [1107536064:]
[21:14:01:173][ 2912.132000] [  WARN] Idle Task: bl616_pmtickless: <<<--- [R]:WIFI, [R]:1012, [W]:2865, [L]:200
[21:14:01:205][ 2912.149000] [  INFO] ots_task: [21:14:01.149 ] ots: <--kplv ack.
[21:14:01:221][ 2912.165000] [  WARN] Idle Task: bl616_pmtickless: --->>> [10]:On, [H]:90989, [15:mi_otn]
[21:14:13:480][ 2924.424000] [  WARN] Idle Task: bl616_pmtickless: <<<--- [R]:WIFI, [R]:12248, [W]:2877, [L]:200
[21:14:13:499][ 2924.454000] [  WARN] Idle Task: bl616_pmtickless: --->>> [10]:On, [H]:78700, [15:mi_otn]
[21:15:06:524][ 2977.477000] [  WARN] Idle Task: bl616_pmtickless: <<<--- [R]:WIFI, [R]:53012, [W]:2929, [L]:201
[21:15:06:540][ 2977.504000] [  WARN] Idle Task: bl616_pmtickless: --->>> [10]:On, [H]:25650, [15:mi_otn]
[21:15:08:567][ 2979.526000] [  WARN] Idle Task: bl616_pmtickless: <<<--- [R]:WIFI, [R]:2011, [W]:2931, [L]:201
[21:15:08:598][ 2979.554000] [  WARN] Idle Task: bl616_pmtickless: --->>> [10]:On, [H]:23600, [15:mi_otn]
[21:15:32:217][ 3003.174000] [  WARN] Idle Task: bl616_pmtickless: <<<--- [R]:RTC, [R]:23609, [W]:2954, [L]:202
[21:15:32:217][ 3003.186000] [  INFO] mi_otn: [21:15:32.186 ] ots: -->kplv sent.
[21:15:32:233][ 3003.192000] [  WARN] Idle Task: bl616_pmtickless: --->>> [10]:On, [H]:11993, [1107536064:]
[21:15:32:925][ 3003.903000] [  WARN] Idle Task: bl616_pmtickless: <<<--- [R]:WIFI, [R]:700, [W]:2955, [L]:202
[21:15:32:956][ 3003.918000] [  INFO] ots_task: [21:15:32.918 ] ots: <--kplv ack.
[21:15:32:972][ 3003.933000] [  WARN] Idle Task: bl616_pmtickless: --->>> [10]:On, [H]:90991, [15:mi_otn]
[21:16:07:545][ 3038.520000] [  WARN] Idle Task: bl616_pmtickless: <<<--- [R]:WIFI, [R]:34576, [W]:2989, [L]:203
[21:16:07:577][ 3038.548000] [  WARN] Idle Task: bl616_pmtickless: --->>> [10]:On, [H]:56376, [15:mi_otn]
[21:16:20:855][ 3051.835000] [  WARN] Idle Task: bl616_pmtickless: <<<--- [R]:WIFI, [R]:13276, [W]:3002, [L]:203
[21:16:20:888][ 3051.866000] [  WARN] Idle Task: bl616_pmtickless: --->>> [10]:On, [H]:43058, [15:mi_otn]
[21:16:23:937][ 3054.910000] [  WARN] Idle Task: bl616_pmtickless: <<<--- [R]:WIFI, [R]:3033, [W]:3005, [L]:203
[21:16:23:968][ 3054.940000] [  WARN] Idle Task: bl616_pmtickless: --->>> [10]:On, [H]:39984, [15:mi_otn]
[21:16:29:045][ 3060.031000] [  WARN] Idle Task: bl616_pmtickless: <<<--- [R]:WIFI, [R]:5081, [W]:3010, [L]:203
[21:16:29:077][ 3060.061000] [  WARN] Idle Task: bl616_pmtickless: --->>> [10]:On, [H]:34863, [15:mi_otn]
[21:16:35:191][ 3066.178000] [  WARN] Idle Task: bl616_pmtickless: <<<--- [R]:WIFI, [R]:6106, [W]:3016, [L]:203
[21:16:35:239][ 3066.216000] [  WARN] Idle Task: bl616_pmtickless: --->>> [10]:On, [H]:28708, [15:mi_otn]
[21:16:43:186][ 3074.168000] [  WARN] Idle Task: bl616_pmtickless: <<<--- [R]:WIFI, [R]:7941, [W]:3024, [L]:204
[21:16:43:217][ 3074.201000] [  WARN] Idle Task: bl616_pmtickless: --->>> [10]:On, [H]:20723, [15:mi_otn]
[21:16:55:478][ 3086.459000] [  WARN] Idle Task: bl616_pmtickless: <<<--- [R]:WIFI, [R]:12247, [W]:3036, [L]:204
[21:16:55:510][ 3086.491000] [  WARN] Idle Task: bl616_pmtickless: --->>> [10]:On, [H]:8433, [15:mi_otn]
[21:17:03:958][ 3094.944000] [  WARN] Idle Task: bl616_pmtickless: <<<--- [R]:RTC, [R]:8442, [W]:3044, [L]:204
[21:17:03:958][ 3094.956000] [  INFO] mi_otn: [21:17:03.956 ] ots: -->kplv sent.
[21:17:03:976][ 3094.962000] [  WARN] Idle Task: bl616_pmtickless: --->>> [10]:On, [H]:11993, [1107536064:]
[21:17:04:989][ 3095.987000] [  WARN] Idle Task: bl616_pmtickless: <<<--- [R]:WIFI, [R]:1014, [W]:3045, [L]:204
[21:17:05:021][ 3096.009000] [  INFO] ots_task: [21:17:05.009 ] ots: <--kplv ack.
[21:17:05:037][ 3096.022000] [  WARN] Idle Task: bl616_pmtickless: --->>> [10]:On, [H]:90993, [15:mi_otn]
[21:17:16:259][ 3107.254000] [  WARN] Idle Task: bl616_pmtickless: <<<--- [R]:WIFI, [R]:11221, [W]:3056, [L]:204
[21:17:16:291][ 3107.285000] [  WARN] Idle Task: bl616_pmtickless: --->>> [10]:On, [H]:79730, [15:mi_otn]
[21:17:53:117][ 3144.124000] [  WARN] Idle Task: bl616_pmtickless: <<<--- [R]:WIFI, [R]:36828, [W]:3092, [L]:204
[21:17:53:165][ 3144.161000] [  WARN] Idle Task: bl616_pmtickless: --->>> [10]:On, [H]:42854, [15:mi_otn]
[21:18:36:010][ 3187.035000] [  WARN] Idle Task: bl616_pmtickless: <<<--- [R]:RTC, [R]:42863, [W]:3134, [L]:205
[21:18:36:026][ 3187.047000] [  INFO] mi_otn: [21:18:36.047 ] ots: -->kplv sent.
[21:18:36:041][ 3187.053000] [  WARN] Idle Task: bl616_pmtickless: --->>> [10]:On, [H]:11993, [1107536064:]
[21:18:36:958][ 3187.961000] [  WARN] Idle Task: bl616_pmtickless: <<<--- [R]:WIFI, [R]:897, [W]:3135, [L]:205
[21:18:36:958][ 3187.977000] [  INFO] ots_task: [21:18:36.977 ] ots: <--kplv ack.
[21:18:36:990][ 3187.994000] [  WARN] Idle Task: bl616_pmtickless: --->>> [10]:On, [H]:15411, [19:netMonitorTask]
[21:18:37:968][ 3188.986000] [  WARN] Idle Task: bl616_pmtickless: <<<--- [R]:WIFI, [R]:981, [W]:3136, [L]:205
[21:18:38:016][ 3189.020000] [  WARN] Idle Task: bl616_pmtickless: --->>> [10]:On, [H]:14385, [19:netMonitorTask]
[21:18:52:405][ 3203.426000] [  WARN] Idle Task: bl616_pmtickless: <<<--- [R]:RTC, [R]:14394, [W]:3150, [L]:205
[21:18:52:405][ 3203.437000] [  INFO] netMonitorTask: [21:18:52.437 ] miio_monitor: work time = 3203s, memory left = 111496
[21:18:52:437][ 3203.447000] [  WARN] Idle Task: bl616_pmtickless: --->>> [10]:On, [H]:55641, [15:mi_otn]
[21:19:06:643][ 3217.666000] [  WARN] Idle Task: bl616_pmtickless: <<<--- [R]:WIFI, [R]:14208, [W]:3164, [L]:205
[21:19:06:676][ 3217.699000] [  WARN] Idle Task: bl616_pmtickless: --->>> [10]:On, [H]:41390, [15:mi_otn]
[21:19:38:392][ 3249.415000] [  WARN] Idle Task: bl616_pmtickless: <<<--- [R]:WIFI, [R]:31706, [W]:3195, [L]:205
[21:19:38:429][ 3249.444000] [  WARN] Idle Task: bl616_pmtickless: --->>> [10]:On, [H]:9644, [15:mi_otn]
[21:19:48:075][ 3259.108000] [  WARN] Idle Task: bl616_pmtickless: <<<--- [R]:RTC, [R]:9653, [W]:3204, [L]:205
[21:19:48:091][ 3259.124000] [  WARN] Idle Task: bl616_pmtickless: --->>> [10]:On, [H]:19863, [15:mi_otn]
[21:20:07:966][ 3279.007000] [  WARN] Idle Task: bl616_pmtickless: <<<--- [R]:RTC, [R]:19872, [W]:3223, [L]:205
[21:20:07:982][ 3279.020000] [  INFO] mi_otn: [21:20:08.019 ] ots: -->kplv sent.
[21:20:07:998][ 3279.026000] [  WARN] Idle Task: bl616_pmtickless: --->>> [10]:On, [H]:11993, [1107536064:]
[21:20:08:094][ 3279.121000] [  WARN] Idle Task: bl616_pmtickless: <<<--- [R]:WIFI, [R]:85, [W]:3224, [L]:205
[21:20:08:094][ 3279.138000] [  INFO] ots_task: [21:20:08.137 ] ots: <--kplv ack.
[21:20:08:126][ 3279.154000] [  WARN] Idle Task: bl616_pmtickless: --->>> [10]:On, [H]:90989, [15:mi_otn]
[21:20:38:804][ 3309.847000] [  WARN] Idle Task: bl616_pmtickless: <<<--- [R]:WIFI, [R]:30682, [W]:3254, [L]:205
[21:20:38:852][ 3309.890000] [  WARN] Idle Task: bl616_pmtickless: --->>> [10]:On, [H]:60253, [15:mi_otn]
[21:21:15:676][ 3346.718000] [  WARN] Idle Task: bl616_pmtickless: <<<--- [R]:WIFI, [R]:36817, [W]:3290, [L]:205
[21:21:15:705][ 3346.748000] [  WARN] Idle Task: bl616_pmtickless: --->>> [10]:On, [H]:23395, [15:mi_otn]
[21:21:39:112][ 3370.163000] [  WARN] Idle Task: bl616_pmtickless: <<<--- [R]:RTC, [R]:23404, [W]:3312, [L]:205
[21:21:39:112][ 3370.176000] [  INFO] mi_otn: [21:21:39.175 ] ots: -->kplv sent.
[21:21:39:143][ 3370.182000] [  WARN] Idle Task: bl616_pmtickless: --->>> [10]:On, [H]:11993, [1107536064:]
[21:21:39:222][ 3370.276000] [  WARN] Idle Task: bl616_pmtickless: <<<--- [R]:WIFI, [R]:83, [W]:3313, [L]:205
[21:21:39:238][ 3370.292000] [  INFO] ots_task: [21:21:39.292 ] ots: <--kplv ack.
[21:21:39:253][ 3370.308000] [  WARN] Idle Task: bl616_pmtickless: --->>> [10]:On, [H]:53797, [15:mi_otn]
[21:22:33:051][ 3424.124000] [  WARN] Idle Task: bl616_pmtickless: <<<--- [R]:RTC, [R]:53806, [W]:3365, [L]:206
[21:22:33:067][ 3424.136000] [  WARN] Idle Task: bl616_pmtickless: --->>> [10]:On, [H]:3971, [15:mi_otn]
[21:22:37:063][ 3428.127000] [  WARN] Idle Task: bl616_pmtickless: <<<--- [R]:RTC, [R]:3980, [W]:3369, [L]:206
[21:22:37:079][ 3428.144000] [  WARN] Idle Task: bl616_pmtickless: --->>> [10]:On, [H]:3999, [15:mi_otn]
[21:22:38:108][ 3429.169000] [  WARN] Idle Task: bl616_pmtickless: <<<--- [R]:WIFI, [R]:1014, [W]:3370, [L]:206
[21:22:38:140][ 3429.205000] [  WARN] Idle Task: bl616_pmtickless: --->>> [10]:On, [H]:74241, [19:netMonitorTask]
[21:23:09:863][ 3460.920000] [  WARN] Idle Task: bl616_pmtickless: <<<--- [R]:WIFI, [R]:31703, [W]:3401, [L]:206
[21:23:09:874][ 3460.948000] [  WARN] Idle Task: bl616_pmtickless: --->>> [10]:On, [H]:42498, [19:netMonitorTask]
[21:23:14:977][ 3466.043000] [  WARN] Idle Task: bl616_pmtickless: <<<--- [R]:WIFI, [R]:5083, [W]:3406, [L]:206
[21:23:14:995][ 3466.072000] [  WARN] Idle Task: bl616_pmtickless: --->>> [10]:On, [H]:37374, [19:netMonitorTask]
[21:23:52:382][ 3503.467000] [  WARN] Idle Task: bl616_pmtickless: <<<--- [R]:RTC, [R]:37383, [W]:3442, [L]:207
[21:23:52:382][ 3503.478000] [  INFO] netMonitorTask: [21:23:52.478 ] miio_monitor: work time = 3503s, memory left = 111496
[21:23:52:418][ 3503.488000] [  WARN] Idle Task: bl616_pmtickless: --->>> [10]:On, [H]:16706, [15:mi_otn]
[21:24:09:115][ 3520.214000] [  WARN] Idle Task: bl616_pmtickless: <<<--- [R]:RTC, [R]:16715, [W]:3459, [L]:207
[21:24:09:131][ 3520.226000] [  INFO] mi_otn: [21:24:09.226 ] ots: -->kplv sent.
[21:24:09:147][ 3520.232000] [  WARN] Idle Task: bl616_pmtickless: --->>> [10]:On, [H]:11993, [1107536064:]
[21:24:10:067][ 3521.146000] [  WARN] Idle Task: bl616_pmtickless: <<<--- [R]:WIFI, [R]:903, [W]:3460, [L]:207
[21:24:10:079][ 3521.164000] [  INFO] ots_task: [21:24:10.164 ] ots: <--kplv ack.
[21:24:10:095][ 3521.180000] [  WARN] Idle Task: bl616_pmtickless: --->>> [10]:On, [H]:79379, [7:WPA]
[21:25:10:269][ 3581.366000] [  WARN] Idle Task: bl616_pmtickless: <<<--- [R]:WIFI, [R]:60176, [W]:3519, [L]:208
[21:25:10:303][ 3581.397000] [  WARN] Idle Task: bl616_pmtickless: --->>> [10]:On, [H]:19162, [7:WPA]
[21:25:26:649][ 3597.754000] [  WARN] Idle Task: bl616_pmtickless: <<<--- [R]:WIFI, [R]:16346, [W]:3535, [L]:208
[21:25:26:682][ 3597.787000] [  WARN] Idle Task: bl616_pmtickless: --->>> [10]:On, [H]:2772, [7:WPA]
[21:25:29:471][ 3600.578000] [  WARN] Idle Task: bl616_pmtickless: <<<--- [R]:RTC, [R]:2781, [W]:3537, [L]:208
[21:25:29:486][ 3600.589000] [  WARN] Idle Task: bl616_pmtickless: --->>> [10]:On, [H]:10522, [20:mi_mcmd]
[21:25:40:035][ 3611.131000] [  WARN] Idle Task: bl616_pmtickless: <<<--- [R]:RTC, [R]:10531, [W]:3548, [L]:208
[21:25:40:035][ 3611.145000] [  WARN] Idle Task: bl616_pmtickless: --->>> [10]:On, [H]:1025, [15:mi_otn]
[21:25:41:078][ 3612.190000] [  WARN] Idle Task: bl616_pmtickless: <<<--- [R]:RTC, [R]:1034, [W]:3549, [L]:208
[21:25:41:078][ 3612.203000] [  INFO] mi_otn: [21:25:41.202 ] ots: -->kplv sent.
[21:25:41:110][ 3612.208000] [  WARN] Idle Task: bl616_pmtickless: --->>> [10]:On, [H]:11993, [1107536064:]
[21:25:42:014][ 3613.122000] [  WARN] Idle Task: bl616_pmtickless: <<<--- [R]:WIFI, [R]:903, [W]:3550, [L]:208
[21:25:42:030][ 3613.139000] [  INFO] ots_task: [21:25:42.139 ] ots: <--kplv ack.
[21:25:42:045][ 3613.156000] [  WARN] Idle Task: bl616_pmtickless: --->>> [10]:On, [H]:90989, [15:mi_otn]
[21:26:40:586][ 3671.705000] [  WARN] Idle Task: bl616_pmtickless: <<<--- [R]:WIFI, [R]:58538, [W]:3608, [L]:212
[21:26:40:622][ 3671.736000] [  WARN] Idle Task: bl616_pmtickless: --->>> [10]:On, [H]:32409, [15:mi_otn]
[21:27:13:033][ 3704.165000] [  WARN] Idle Task: bl616_pmtickless: <<<--- [R]:RTC, [R]:32418, [W]:3639, [L]:213
[21:27:13:049][ 3704.178000] [  INFO] mi_otn: [21:27:13.178 ] ots: -->kplv sent.
[21:27:13:065][ 3704.184000] [  WARN] Idle Task: bl616_pmtickless: --->>> [10]:On, [H]:8952, [0:]
[21:27:22:028][ 3713.155000] [  WARN] Idle Task: bl616_pmtickless: <<<--- [R]:RTC, [R]:8961, [W]:3648, [L]:213
[21:27:22:140][ 3713.276000] [ ERROR] lpwork: wlan_sta_probe_status_work: ERROR: arp probe failed
[21:27:22:156][ 3713.283000] [  WARN] Idle Task: bl616_pmtickless: --->>> [10]:On, [H]:2894, [1107536064:]
[21:27:23:088][ 3714.211000] [  WARN] Idle Task: bl616_pmtickless: <<<--- [R]:WIFI, [R]:917, [W]:3649, [L]:213
[21:27:23:122][ 3714.240000] [  WARN] Idle Task: bl616_pmtickless: --->>> [10]:On, [H]:1937, [1107536064:]
[21:27:25:078][ 3716.197000] [  WARN] Idle Task: bl616_pmtickless: <<<--- [R]:RTC, [R]:1946, [W]:3650, [L]:213
[21:27:25:089][ 3716.213000] [  WARN] Idle Task: bl616_pmtickless: --->>> [10]:On, [H]:14976, [15:mi_otn]
[21:27:30:249][ 3721.383000] [  WARN] Idle Task: bl616_pmtickless: <<<--- [R]:WIFI, [R]:5159, [W]:3656, [L]:213
[21:27:30:281][ 3721.415000] [  WARN] Idle Task: bl616_pmtickless: --->>> [10]:On, [H]:9774, [15:mi_otn]
[21:27:40:065][ 3731.209000] [  WARN] Idle Task: bl616_pmtickless: <<<--- [R]:RTC, [R]:9783, [W]:3665, [L]:213
[21:27:40:081][ 3731.222000] [  INFO] mi_otn: [21:27:40.221 ] ots: -->kplv sent.
[21:27:40:097][ 3731.227000] [  WARN] Idle Task: bl616_pmtickless: --->>> [10]:On, [H]:8979, [1107536064:]
[21:27:41:316][ 3732.447000] [  WARN] Idle Task: bl616_pmtickless: <<<--- [R]:WIFI, [R]:1209, [W]:3667, [L]:214
[21:27:41:347][ 3732.486000] [  WARN] Idle Task: bl616_pmtickless: --->>> [10]:On, [H]:23976, [1107536064:]
[21:27:45:407][ 3736.546000] [  WARN] Idle Task: bl616_pmtickless: <<<--- [R]:WIFI, [R]:4049, [W]:3671, [L]:214
[21:27:45:439][ 3736.578000] [  WARN] Idle Task: bl616_pmtickless: --->>> [10]:On, [H]:19883, [1107536064:]
[21:28:05:344][ 3756.481000] [  WARN] Idle Task: bl616_pmtickless: <<<--- [R]:RTC, [R]:19892, [W]:3690, [L]:214
[21:28:05:362][ 3756.496000] [  WARN] Idle Task: bl616_pmtickless: --->>> [10]:On, [H]:1737, [15:mi_otn]
[21:28:05:884][ 3757.032000] [  WARN] Idle Task: bl616_pmtickless: <<<--- [R]:WIFI, [R]:525, [W]:3691, [L]:214
[21:28:05:900][ 3757.049000] [  INFO] ots_task: [21:28:06.049 ] ots: <--kplv ack.
[21:28:05:934][ 3757.067000] [  WARN] Idle Task: bl616_pmtickless: --->>> [10]:On, [H]:46420, [19:netMonitorTask]
[21:28:07:726][ 3758.876000] [  WARN] Idle Task: bl616_pmtickless: <<<--- [R]:WIFI, [R]:1798, [W]:3693, [L]:215
[21:28:07:742][ 3758.894000] [  INFO] ots_task: [21:28:07.894 ] ots: <--kplv ack.
[21:28:07:775][ 3758.912000] [  WARN] Idle Task: bl616_pmtickless: --->>> [10]:On, [H]:44575, [19:netMonitorTask]
[21:28:41:534][ 3792.675000] [  WARN] Idle Task: bl616_pmtickless: <<<--- [R]:WIFI, [R]:33752, [W]:3726, [L]:215
[21:28:41:551][ 3792.704000] [  WARN] Idle Task: bl616_pmtickless: --->>> [10]:On, [H]:10783, [19:netMonitorTask]
[21:28:52:362][ 3803.507000] [  WARN] Idle Task: bl616_pmtickless: <<<--- [R]:RTC, [R]:10792, [W]:3736, [L]:215
[21:28:52:362][ 3803.519000] [  INFO] netMonitorTask: [21:28:52.518 ] miio_monitor: work time = 3803s, memory left = 111496
[21:28:52:378][ 3803.528000] [  WARN] Idle Task: bl616_pmtickless: --->>> [10]:On, [H]:46371, [15:mi_otn]
[21:29:37:840][ 3849.006000] [  WARN] Idle Task: bl616_pmtickless: <<<--- [R]:WIFI, [R]:45467, [W]:3781, [L]:215
[21:29:37:871][ 3849.037000] [  WARN] Idle Task: bl616_pmtickless: --->>> [10]:On, [H]:862, [15:mi_otn]
[21:29:38:759][ 3849.919000] [  WARN] Idle Task: bl616_pmtickless: <<<--- [R]:RTC, [R]:871, [W]:3781, [L]:215
[21:29:38:775][ 3849.931000] [  INFO] mi_otn: [21:29:38.930 ] ots: -->kplv sent.
[21:29:38:775][ 3849.937000] [  WARN] Idle Task: bl616_pmtickless: --->>> [10]:On, [H]:9193, [15:mi_otn]
[21:29:38:874][ 3850.033000] [  WARN] Idle Task: bl616_pmtickless: <<<--- [R]:WIFI, [R]:85, [W]:3782, [L]:215
[21:29:38:887][ 3850.049000] [  INFO] ots_task: [21:29:39.049 ] ots: <--kplv ack.
[21:29:38:903][ 3850.066000] [  WARN] Idle Task: bl616_pmtickless: --->>> [10]:On, [H]:9057, [15:mi_otn]
[21:29:43:990][ 3855.155000] [  WARN] Idle Task: bl616_pmtickless: <<<--- [R]:WIFI, [R]:5078, [W]:3787, [L]:215
[21:29:44:022][ 3855.189000] [  WARN] Idle Task: bl616_pmtickless: --->>> [10]:On, [H]:3934, [15:mi_otn]
[21:29:47:969][ 3859.143000] [  WARN] Idle Task: bl616_pmtickless: <<<--- [R]:RTC, [R]:3943, [W]:3790, [L]:215
[21:29:47:985][ 3859.159000] [  WARN] Idle Task: bl616_pmtickless: --->>> [10]:On, [H]:81900, [15:mi_otn]
[21:30:29:041][ 3900.221000] [  WARN] Idle Task: bl616_pmtickless: <<<--- [R]:WIFI, [R]:41051, [W]:3831, [L]:215
[21:30:29:073][ 3900.251000] [  WARN] Idle Task: bl616_pmtickless: --->>> [10]:On, [H]:40808, [15:mi_otn]
[21:31:09:886][ 3941.079000] [  WARN] Idle Task: bl616_pmtickless: <<<--- [R]:RTC, [R]:40817, [W]:3871, [L]:218
[21:31:09:886][ 3941.091000] [  INFO] mi_otn: [21:31:10.091 ] ots: -->kplv sent.
[21:31:09:918][ 3941.097000] [  WARN] Idle Task: bl616_pmtickless: --->>> [10]:On, [H]:23993, [1107536064:]
[21:31:10:408][ 3941.599000] [  WARN] Idle Task: bl616_pmtickless: <<<--- [R]:WIFI, [R]:491, [W]:3872, [L]:218
[21:31:10:424][ 3941.616000] [  INFO] ots_task: [21:31:10.616 ] ots: <--kplv ack.
[21:31:10:456][ 3941.637000] [  WARN] Idle Task: bl616_pmtickless: --->>> [10]:On, [H]:90985, [15:mi_otn]
[21:31:15:540][ 3946.722000] [  WARN] Idle Task: bl616_pmtickless: <<<--- [R]:WIFI, [R]:5075, [W]:3877, [L]:218
[21:31:15:572][ 3946.759000] [  WARN] Idle Task: bl616_pmtickless: --->>> [10]:On, [H]:85863, [15:mi_otn]
[21:31:40:928][ 3972.122000] [  WARN] Idle Task: bl616_pmtickless: <<<--- [R]:WIFI, [R]:25352, [W]:3902, [L]:219
[21:31:40:960][ 3972.157000] [  WARN] Idle Task: bl616_pmtickless: --->>> [10]:On, [H]:60465, [15:mi_otn]
[21:31:43:997][ 3975.196000] [  WARN] Idle Task: bl616_pmtickless: <<<--- [R]:WIFI, [R]:3028, [W]:3905, [L]:219
[21:31:44:029][ 3975.224000] [  WARN] Idle Task: bl616_pmtickless: --->>> [10]:On, [H]:57398, [15:mi_otn]
[21:31:49:123][ 3980.319000] [  WARN] Idle Task: bl616_pmtickless: <<<--- [R]:WIFI, [R]:5084, [W]:3910, [L]:219
[21:31:49:155][ 3980.349000] [  WARN] Idle Task: bl616_pmtickless: --->>> [10]:On, [H]:52273, [15:mi_otn]
[21:31:55:262][ 3986.465000] [  WARN] Idle Task: bl616_pmtickless: <<<--- [R]:WIFI, [R]:6105, [W]:3916, [L]:219
[21:31:55:294][ 3986.492000] [  WARN] Idle Task: bl616_pmtickless: --->>> [10]:On, [H]:46130, [15:mi_otn]
[21:32:03:042][ 3994.250000] [  WARN] Idle Task: bl616_pmtickless: <<<--- [R]:WIFI, [R]:7747, [W]:3924, [L]:221
[21:32:03:074][ 3994.282000] [  WARN] Idle Task: bl616_pmtickless: --->>> [10]:On, [H]:38340, [15:mi_otn]
[21:32:15:335][ 4006.541000] [  WARN] Idle Task: bl616_pmtickless: <<<--- [R]:WIFI, [R]:12249, [W]:3936, [L]:221
[21:32:15:367][ 4006.575000] [  WARN] Idle Task: bl616_pmtickless: --->>> [10]:On, [H]:26047, [15:mi_otn]
[21:32:35:815][ 4027.028000] [  WARN] Idle Task: bl616_pmtickless: <<<--- [R]:WIFI, [R]:20442, [W]:3956, [L]:221
[21:32:35:846][ 4027.058000] [  WARN] Idle Task: bl616_pmtickless: --->>> [10]:On, [H]:5564, [15:mi_otn]
[21:32:41:436][ 4032.641000] [  WARN] Idle Task: bl616_pmtickless: <<<--- [R]:RTC, [R]:5573, [W]:3961, [L]:222
[21:32:41:436][ 4032.654000] [  INFO] mi_otn: [21:32:41.653 ] ots: -->kplv sent.
[21:32:41:451][ 4032.663000] [  WARN] Idle Task: bl616_pmtickless: --->>> [10]:On, [H]:23990, [1107536064:]
[21:32:41:756][ 4032.971000] [  WARN] Idle Task: bl616_pmtickless: <<<--- [R]:WIFI, [R]:298, [W]:3962, [L]:222
[21:32:41:772][ 4032.987000] [  INFO] ots_task: [21:32:41.987 ] ots: <--kplv ack.
[21:32:41:788][ 4033.001000] [  WARN] Idle Task: bl616_pmtickless: --->>> [10]:On, [H]:70526, [19:netMonitorTask]
[21:32:46:883][ 4038.092000] [  WARN] Idle Task: bl616_pmtickless: <<<--- [R]:WIFI, [R]:5080, [W]:3967, [L]:222
[21:32:46:915][ 4038.126000] [  WARN] Idle Task: bl616_pmtickless: --->>> [10]:On, [H]:65401, [19:netMonitorTask]
[21:33:15:149][ 4066.360000] [  WARN] Idle Task: bl616_pmtickless: <<<--- [R]:WIFI, [R]:28223, [W]:3995, [L]:224
[21:33:15:180][ 4066.389000] [  WARN] Idle Task: bl616_pmtickless: --->>> [10]:On, [H]:37138, [19:netMonitorTask]
[21:33:52:319][ 4103.548000] [  WARN] Idle Task: bl616_pmtickless: <<<--- [R]:RTC, [R]:37147, [W]:4031, [L]:225
[21:33:52:331][ 4103.559000] [  INFO] netMonitorTask: [21:33:52.559 ] miio_monitor: work time = 4103s, memory left = 111496
[21:33:52:351][ 4103.569000] [  WARN] Idle Task: bl616_pmtickless: --->>> [10]:On, [H]:20423, [15:mi_otn]
[21:34:12:768][ 4124.012000] [  WARN] Idle Task: bl616_pmtickless: <<<--- [R]:RTC, [R]:20432, [W]:4051, [L]:225
[21:34:12:799][ 4124.024000] [  INFO] mi_otn: [21:34:13.024 ] ots: -->kplv sent.
[21:34:12:799][ 4124.030000] [  WARN] Idle Task: bl616_pmtickless: --->>> [10]:On, [H]:23993, [1107536064:]
[21:34:13:307][ 4124.539000] [  WARN] Idle Task: bl616_pmtickless: <<<--- [R]:WIFI, [R]:498, [W]:4052, [L]:225
[21:34:13:324][ 4124.554000] [  INFO] ots_task: [21:34:13.554 ] ots: <--kplv ack.
[21:34:13:339][ 4124.567000] [  WARN] Idle Task: bl616_pmtickless: --->>> [10]:On, [H]:90992, [15:mi_otn]
[21:34:18:419][ 4129.660000] [  WARN] Idle Task: bl616_pmtickless: <<<--- [R]:WIFI, [R]:5082, [W]:4057, [L]:225
[21:34:18:451][ 4129.692000] [  WARN] Idle Task: bl616_pmtickless: --->>> [10]:On, [H]:85867, [15:mi_otn]
[21:34:32:759][ 4143.999000] [  WARN] Idle Task: bl616_pmtickless: <<<--- [R]:WIFI, [R]:14296, [W]:4071, [L]:225
[21:34:32:791][ 4144.032000] [  WARN] Idle Task: bl616_pmtickless: --->>> [10]:On, [H]:71527, [15:mi_otn]
[21:35:13:314][ 4184.557000] [  WARN] Idle Task: bl616_pmtickless: <<<--- [R]:WIFI, [R]:40514, [W]:4111, [L]:227
[21:35:13:347][ 4184.593000] [  WARN] Idle Task: bl616_pmtickless: --->>> [10]:On, [H]:30966, [15:mi_otn]
[21:35:44:323][ 4215.579000] [  WARN] Idle Task: bl616_pmtickless: <<<--- [R]:RTC, [R]:30975, [W]:4141, [L]:227
[21:35:44:323][ 4215.592000] [  INFO] mi_otn: [21:35:44.591 ] ots: -->kplv sent.
[21:35:44:339][ 4215.597000] [  WARN] Idle Task: bl616_pmtickless: --->>> [10]:On, [H]:23993, [1107536064:]
[21:35:45:053][ 4216.308000] [  WARN] Idle Task: bl616_pmtickless: <<<--- [R]:WIFI, [R]:700, [W]:4142, [L]:227
[21:35:45:069][ 4216.325000] [  INFO] ots_task: [21:35:45.325 ] ots: <--kplv ack.
[21:35:45:085][ 4216.346000] [  WARN] Idle Task: bl616_pmtickless: --->>> [10]:On, [H]:90985, [15:mi_otn]
[21:35:50:174][ 4221.432000] [  WARN] Idle Task: bl616_pmtickless: <<<--- [R]:WIFI, [R]:5075, [W]:4147, [L]:227
[21:35:50:206][ 4221.469000] [  WARN] Idle Task: bl616_pmtickless: --->>> [10]:On, [H]:85862, [15:mi_otn]
[21:36:27:456][ 4258.711000] [  WARN] Idle Task: bl616_pmtickless: <<<--- [R]:WIFI, [R]:37231, [W]:4184, [L]:230
[21:36:27:486][ 4258.746000] [  WARN] Idle Task: bl616_pmtickless: --->>> [10]:On, [H]:48585, [15:mi_otn]
[21:37:14:354][ 4305.618000] [  WARN] Idle Task: bl616_pmtickless: <<<--- [R]:WIFI, [R]:46861, [W]:4230, [L]:231
[21:37:14:385][ 4305.654000] [  WARN] Idle Task: bl616_pmtickless: --->>> [10]:On, [H]:1677, [15:mi_otn]
[21:37:16:064][ 4307.351000] [  WARN] Idle Task: bl616_pmtickless: <<<--- [R]:RTC, [R]:1686, [W]:4231, [L]:231
[21:37:16:080][ 4307.364000] [  INFO] mi_otn: [21:37:16.363 ] ots: -->kplv sent.
[21:37:16:096][ 4307.369000] [  WARN] Idle Task: bl616_pmtickless: --->>> [10]:On, [H]:23993, [1107536064:]
[21:37:16:400][ 4307.669000] [  WARN] Idle Task: bl616_pmtickless: <<<--- [R]:WIFI, [R]:289, [W]:4232, [L]:231
[21:37:16:417][ 4307.686000] [  INFO] ots_task: [21:37:16.686 ] ots: <--kplv ack.
[21:37:16:433][ 4307.707000] [  WARN] Idle Task: bl616_pmtickless: --->>> [10]:On, [H]:90741, [15:mi_otn]
[21:37:21:516][ 4312.791000] [  WARN] Idle Task: bl616_pmtickless: <<<--- [R]:WIFI, [R]:5074, [W]:4237, [L]:231
[21:37:21:548][ 4312.830000] [  WARN] Idle Task: bl616_pmtickless: --->>> [10]:On, [H]:85618, [15:mi_otn]
[21:38:14:352][ 4365.641000] [  WARN] Idle Task: bl616_pmtickless: <<<--- [R]:WIFI, [R]:52800, [W]:4289, [L]:233
[21:38:14:384][ 4365.674000] [  WARN] Idle Task: bl616_pmtickless: --->>> [10]:On, [H]:32774, [15:mi_otn]
[21:38:33:810][ 4385.099000] [  WARN] Idle Task: bl616_pmtickless: <<<--- [R]:WIFI, [R]:19415, [W]:4308, [L]:233
[21:38:33:858][ 4385.136000] [  WARN] Idle Task: bl616_pmtickless: --->>> [10]:On, [H]:13312, [15:mi_otn]
[21:38:47:173][ 4398.468000] [  WARN] Idle Task: bl616_pmtickless: <<<--- [R]:RTC, [R]:13321, [W]:4321, [L]:233
[21:38:47:177][ 4398.481000] [NOTICE] mi_otn: [21:38:47.480 ] ots: -->sync sent.
[21:38:47:192][ 4398.486000] [  WARN] Idle Task: bl616_pmtickless: --->>> [10]:On, [H]:213, [15:mi_otn]
[21:38:47:413][ 4398.719000] [  WARN] Idle Task: bl616_pmtickless: <<<--- [R]:RTC, [R]:222, [W]:4321, [L]:233
[21:38:47:443][ 4398.731000] [  INFO] mi_otn: [21:38:47.731 ] ots: -->kplv sent.
[21:38:47:443][ 4398.737000] [  WARN] Idle Task: bl616_pmtickless: --->>> [10]:On, [H]:379, [15:mi_otn]
[21:38:47:829][ 4399.136000] [  WARN] Idle Task: bl616_pmtickless: <<<--- [R]:RTC, [R]:388, [W]:4321, [L]:233
[21:38:47:845][ 4399.148000] [  INFO] mi_otn: [21:38:48.147 ] miio_instance: miio_info_kvs_hook_default called
[21:38:47:861][ 4399.160000] [NOTICE] mi_otn: [21:38:48.160 ] miio_ot: up _otc.info:{"id":647626796,"method":"_otc.info","params":{"life":4399,"model":"xiaomi.dev.bl3","token":"06dd************************441a","ipflag":1,"fw_ver":"1.0.3","miio_ver":"0.1.0","hw_ver":"BL616-BL3","chip_ver":1,"mmfree":110112,"mac":"C4:93:BB:AD:C8:29","wifi_fw_ver":"WifiVer.N\/A","ap":{"ssid":"Xiaomi_be3600","bssid":"42:EE:97:F0:4C:60","rssi":-33,"primary":1},"netif":{"localIp":"192.168.3.66","mask":"255.255.255.0","gw":"192.168.3.1"},"uid":1205295674}}
[21:38:47:909][ 4399.203000] [  INFO] mi_otn: [21:38:48.203 ] miio_ot: -->info(ots).
[21:38:47:925][ 4399.216000] [  WARN] Idle Task: bl616_pmtickless: --->>> [10]:On, [H]:415, [15:mi_otn]
[21:38:48:149][ 4399.446000] [  WARN] Idle Task: bl616_pmtickless: <<<--- [R]:WIFI, [R]:220, [W]:4322, [L]:233
[21:38:48:165][ 4399.462000] [NOTICE] ots_task: [21:38:48.462 ] ots: <--sync ack.
[21:38:48:181][ 4399.479000] [  WARN] Idle Task: bl616_pmtickless: --->>> [10]:On, [H]:152, [15:mi_otn]
[21:38:48:358][ 4399.650000] [  WARN] Idle Task: bl616_pmtickless: <<<--- [R]:RTC, [R]:161, [W]:4322, [L]:233
[21:38:48:358][ 4399.660000] [  INFO] mi_otn: [21:38:47.660 ] miio_ot: -->pull ip list sent.
[21:38:48:374][ 4399.671000] [  WARN] Idle Task: bl616_pmtickless: --->>> [10]:On, [H]:3543, [15:mi_otn]
[21:38:49:179][ 4400.475000] [  WARN] Idle Task: bl616_pmtickless: <<<--- [R]:WIFI, [R]:793, [W]:4323, [L]:233
[21:38:49:198][ 4400.490000] [  INFO] ots_task: [21:38:48.490 ] ots: <--kplv ack.
[21:38:49:198][ 4400.497000] [  INFO] mi_otn: [21:38:48.497 ] miio_ot: <--info ack(ots).
[21:38:49:212][ 4400.515000] [  WARN] Idle Task: bl616_pmtickless: --->>> [10]:On, [H]:3052, [19:netMonitorTask]
[21:38:50:205][ 4401.500000] [  WARN] Idle Task: bl616_pmtickless: <<<--- [R]:WIFI, [R]:974, [W]:4324, [L]:233
[21:38:50:237][ 4401.533000] [  WARN] Idle Task: bl616_pmtickless: --->>> [10]:On, [H]:2034, [19:netMonitorTask]
[21:38:51:215][ 4402.524000] [  WARN] Idle Task: bl616_pmtickless: <<<--- [R]:WIFI, [R]:979, [W]:4325, [L]:233
[21:38:51:263][ 4402.559000] [  WARN] Idle Task: bl616_pmtickless: --->>> [10]:On, [H]:1008, [19:netMonitorTask]
[21:38:52:277][ 4403.588000] [  WARN] Idle Task: bl616_pmtickless: <<<--- [R]:RTC, [R]:1017, [W]:4326, [L]:233
[21:38:52:277][ 4403.599000] [  INFO] netMonitorTask: [21:38:51.599 ] miio_monitor: work time = 4403s, memory left = 111448
[21:38:52:309][ 4403.609000] [  WARN] Idle Task: bl616_pmtickless: --->>> [10]:On, [H]:565, [15:mi_otn]
[21:38:52:883][ 4404.193000] [  WARN] Idle Task: bl616_pmtickless: <<<--- [R]:RTC, [R]:574, [W]:4326, [L]:233
[21:38:52:903][ 4404.206000] [  WARN] Idle Task: bl616_pmtickless: --->>> [10]:On, [H]:4998, [15:mi_otn]
[21:38:53:278][ 4404.578000] [  WARN] Idle Task: bl616_pmtickless: <<<--- [R]:WIFI, [R]:361, [W]:4327, [L]:233
[21:38:53:306][ 4404.614000] [  WARN] Idle Task: bl616_pmtickless: --->>> [10]:On, [H]:4590, [15:mi_otn]
[21:38:57:911][ 4409.224000] [  WARN] Idle Task: bl616_pmtickless: <<<--- [R]:RTC, [R]:4599, [W]:4331, [L]:233
[21:38:57:927][ 4409.240000] [  WARN] Idle Task: bl616_pmtickless: --->>> [10]:On, [H]:3998, [15:mi_otn]
[21:38:58:394][ 4409.704000] [  WARN] Idle Task: bl616_pmtickless: <<<--- [R]:WIFI, [R]:453, [W]:4332, [L]:233
[21:38:58:410][ 4409.721000] [  INFO] mi_otn: [21:38:57.721 ] miio_info: 0 props left, 0 events left.
[21:38:58:426][ 4409.736000] [  WARN] Idle Task: bl616_pmtickless: --->>> [10]:On, [H]:49421, [15:mi_otn]
[21:39:45:491][ 4456.814000] [  WARN] Idle Task: bl616_pmtickless: <<<--- [R]:WIFI, [R]:47067, [W]:4378, [L]:233
[21:39:45:537][ 4456.850000] [  WARN] Idle Task: bl616_pmtickless: --->>> [10]:On, [H]:2307, [15:mi_otn]
[21:39:47:851][ 4459.177000] [  WARN] Idle Task: bl616_pmtickless: <<<--- [R]:RTC, [R]:2316, [W]:4380, [L]:233
[21:39:47:871][ 4459.193000] [  WARN] Idle Task: bl616_pmtickless: --->>> [10]:On, [H]:41534, [15:mi_otn]
[21:40:29:401][ 4500.747000] [  WARN] Idle Task: bl616_pmtickless: <<<--- [R]:RTC, [R]:41543, [W]:4420, [L]:233
[21:40:29:433][ 4500.759000] [  INFO] mi_otn: [21:40:28.759 ] ots: -->kplv sent.
[21:40:29:433][ 4500.765000] [  WARN] Idle Task: bl616_pmtickless: --->>> [10]:On, [H]:8951, [0:]
[21:40:29:528][ 4500.858000] [  WARN] Idle Task: bl616_pmtickless: <<<--- [R]:WIFI, [R]:83, [W]:4421, [L]:233
[21:40:29:544][ 4500.874000] [  INFO] ots_task: [21:40:28.874 ] ots: <--kplv ack.
[21:40:29:559][ 4500.891000] [  WARN] Idle Task: bl616_pmtickless: --->>> [10]:On, [H]:90988, [15:mi_otn]
[21:40:34:642][ 4505.980000] [  WARN] Idle Task: bl616_pmtickless: <<<--- [R]:WIFI, [R]:5078, [W]:4426, [L]:233
[21:40:34:673][ 4506.009000] [  WARN] Idle Task: bl616_pmtickless: --->>> [10]:On, [H]:85870, [15:mi_otn]
[21:40:43:856][ 4515.199000] [  WARN] Idle Task: bl616_pmtickless: <<<--- [R]:WIFI, [R]:9179, [W]:4435, [L]:233
[21:40:43:904][ 4515.233000] [  WARN] Idle Task: bl616_pmtickless: --->>> [10]:On, [H]:76646, [15:mi_otn]
[21:41:15:603][ 4546.951000] [  WARN] Idle Task: bl616_pmtickless: <<<--- [R]:WIFI, [R]:31707, [W]:4466, [L]:233
[21:41:15:634][ 4546.981000] [  WARN] Idle Task: bl616_pmtickless: --->>> [10]:On, [H]:44898, [15:mi_otn]
[21:42:00:541][ 4591.899000] [  WARN] Idle Task: bl616_pmtickless: <<<--- [R]:RTC, [R]:44907, [W]:4510, [L]:234
[21:42:00:541][ 4591.911000] [  INFO] mi_otn: [21:41:59.911 ] ots: -->kplv sent.
[21:42:00:573][ 4591.917000] [  WARN] Idle Task: bl616_pmtickless: --->>> [10]:On, [H]:23298, [0:]
[21:42:01:487][ 4592.836000] [  WARN] Idle Task: bl616_pmtickless: <<<--- [R]:WIFI, [R]:909, [W]:4511, [L]:234
[21:42:01:503][ 4592.851000] [  INFO] ots_task: [21:42:00.851 ] ots: <--kplv ack.
[21:42:01:519][ 4592.866000] [  WARN] Idle Task: bl616_pmtickless: --->>> [10]:On, [H]:90991, [15:mi_otn]
[21:42:06:595][ 4597.957000] [  WARN] Idle Task: bl616_pmtickless: <<<--- [R]:WIFI, [R]:5080, [W]:4516, [L]:234
[21:42:06:643][ 4597.992000] [  WARN] Idle Task: bl616_pmtickless: --->>> [10]:On, [H]:85865, [15:mi_otn]
[21:42:37:112][ 4628.479000] [  WARN] Idle Task: bl616_pmtickless: <<<--- [R]:WIFI, [R]:30476, [W]:4546, [L]:235
[21:42:37:160][ 4628.514000] [  WARN] Idle Task: bl616_pmtickless: --->>> [10]:On, [H]:55343, [15:mi_otn]
[21:43:16:036][ 4667.399000] [  WARN] Idle Task: bl616_pmtickless: <<<--- [R]:WIFI, [R]:38874, [W]:4584, [L]:235
[21:43:16:068][ 4667.432000] [  WARN] Idle Task: bl616_pmtickless: --->>> [10]:On, [H]:16425, [15:mi_otn]
[21:43:32:498][ 4683.877000] [  WARN] Idle Task: bl616_pmtickless: <<<--- [R]:RTC, [R]:16434, [W]:4600, [L]:236
[21:43:32:498][ 4683.889000] [  INFO] mi_otn: [21:43:31.889 ] ots: -->kplv sent.
[21:43:32:530][ 4683.895000] [  WARN] Idle Task: bl616_pmtickless: --->>> [10]:On, [H]:19712, [19:netMonitorTask]
[21:43:33:225][ 4684.606000] [  WARN] Idle Task: bl616_pmtickless: <<<--- [R]:WIFI, [R]:699, [W]:4601, [L]:236
[21:43:33:241][ 4684.622000] [  INFO] ots_task: [21:43:32.622 ] ots: <--kplv ack.
[21:43:33:273][ 4684.646000] [  WARN] Idle Task: bl616_pmtickless: --->>> [10]:On, [H]:18961, [19:netMonitorTask]
[21:43:34:255][ 4685.632000] [  WARN] Idle Task: bl616_pmtickless: <<<--- [R]:WIFI, [R]:974, [W]:4602, [L]:236
[21:43:34:287][ 4685.667000] [  WARN] Idle Task: bl616_pmtickless: --->>> [10]:On, [H]:17940, [19:netMonitorTask]
[21:43:38:351][ 4689.733000] [  WARN] Idle Task: bl616_pmtickless: <<<--- [R]:WIFI, [R]:4054, [W]:4606, [L]:236
[21:43:38:383][ 4689.766000] [  WARN] Idle Task: bl616_pmtickless: --->>> [10]:On, [H]:13841, [19:netMonitorTask]
[21:43:39:382][ 4690.756000] [  WARN] Idle Task: bl616_pmtickless: <<<--- [R]:WIFI, [R]:979, [W]:4607, [L]:236
[21:43:39:413][ 4690.795000] [  WARN] Idle Task: bl616_pmtickless: --->>> [10]:On, [H]:12812, [19:netMonitorTask]
[21:43:52:229][ 4703.628000] [  WARN] Idle Task: bl616_pmtickless: <<<--- [R]:RTC, [R]:12821, [W]:4619, [L]:236
[21:43:52:257][ 4703.639000] [  INFO] netMonitorTask: [21:43:51.639 ] miio_monitor: work time = 4703s, memory left = 111496
[21:43:52:262][ 4703.649000] [  WARN] Idle Task: bl616_pmtickless: --->>> [10]:On, [H]:71979, [15:mi_otn]
[21:44:16:236][ 4727.630000] [  WARN] Idle Task: bl616_pmtickless: <<<--- [R]:WIFI, [R]:23970, [W]:4643, [L]:236
[21:44:16:267][ 4727.663000] [  WARN] Idle Task: bl616_pmtickless: --->>> [10]:On, [H]:47965, [15:mi_otn]
[21:44:33:644][ 4745.041000] [  WARN] Idle Task: bl616_pmtickless: <<<--- [R]:WIFI, [R]:17367, [W]:4660, [L]:236
[21:44:33:675][ 4745.074000] [  WARN] Idle Task: bl616_pmtickless: --->>> [10]:On, [H]:30554, [15:mi_otn]
[21:45:04:249][ 4775.648000] [  WARN] Idle Task: bl616_pmtickless: <<<--- [R]:RTC, [R]:30563, [W]:4689, [L]:236
[21:45:04:249][ 4775.660000] [  INFO] mi_otn: [21:45:03.660 ] ots: -->kplv sent.
[21:45:04:265][ 4775.666000] [  WARN] Idle Task: bl616_pmtickless: --->>> [10]:On, [H]:23993, [1107536064:]
[21:45:05:294][ 4776.690000] [  WARN] Idle Task: bl616_pmtickless: <<<--- [R]:WIFI, [R]:1013, [W]:4690, [L]:236
[21:45:05:310][ 4776.707000] [  INFO] ots_task: [21:45:04.707 ] ots: <--kplv ack.
[21:45:05:326][ 4776.726000] [  WARN] Idle Task: bl616_pmtickless: --->>> [10]:On, [H]:90987, [15:mi_otn]
[21:45:10:204][ 4781.608000] [  WARN] Idle Task: bl616_pmtickless: <<<--- [R]:WIFI, [R]:4871, [W]:4695, [L]:237
[21:45:10:236][ 4781.643000] [  WARN] Idle Task: bl616_pmtickless: --->>> [10]:On, [H]:86070, [15:mi_otn]
[21:45:47:076][ 4818.479000] [  WARN] Idle Task: bl616_pmtickless: <<<--- [R]:WIFI, [R]:36825, [W]:4731, [L]:237
[21:45:47:109][ 4818.513000] [  WARN] Idle Task: bl616_pmtickless: --->>> [10]:On, [H]:49200, [15:mi_otn]
[21:45:53:217][ 4824.625000] [  WARN] Idle Task: bl616_pmtickless: <<<--- [R]:WIFI, [R]:6102, [W]:4737, [L]:237
[21:45:53:250][ 4824.659000] [  WARN] Idle Task: bl616_pmtickless: --->>> [10]:On, [H]:43054, [15:mi_otn]
[21:46:36:300][ 4867.733000] [  WARN] Idle Task: bl616_pmtickless: <<<--- [R]:RTC, [R]:43063, [W]:4779, [L]:238
[21:46:36:316][ 4867.745000] [  INFO] mi_otn: [21:46:35.745 ] ots: -->kplv sent.
[21:46:36:332][ 4867.751000] [  WARN] Idle Task: bl616_pmtickless: --->>> [10]:On, [H]:23993, [1107536064:]
[21:46:36:428][ 4867.847000] [  WARN] Idle Task: bl616_pmtickless: <<<--- [R]:WIFI, [R]:85, [W]:4780, [L]:238
[21:46:36:444][ 4867.863000] [  INFO] ots_task: [21:46:35.863 ] ots: <--kplv ack.
[21:46:36:460][ 4867.880000] [  WARN] Idle Task: bl616_pmtickless: --->>> [10]:On, [H]:90989, [15:mi_otn]
[21:46:41:558][ 4872.971000] [  WARN] Idle Task: bl616_pmtickless: <<<--- [R]:WIFI, [R]:5080, [W]:4785, [L]:238
[21:46:41:574][ 4873.000000] [  WARN] Idle Task: bl616_pmtickless: --->>> [10]:On, [H]:85869, [15:mi_otn]
[21:46:47:701][ 4879.116000] [  WARN] Idle Task: bl616_pmtickless: <<<--- [R]:WIFI, [R]:6105, [W]:4791, [L]:238
[21:46:47:732][ 4879.149000] [  WARN] Idle Task: bl616_pmtickless: --->>> [10]:On, [H]:79720, [15:mi_otn]
[21:46:50:764][ 4882.190000] [  WARN] Idle Task: bl616_pmtickless: <<<--- [R]:WIFI, [R]:3030, [W]:4794, [L]:238
[21:46:50:796][ 4882.223000] [  WARN] Idle Task: bl616_pmtickless: --->>> [10]:On, [H]:76646, [15:mi_otn]
[21:46:54:854][ 4886.288000] [  WARN] Idle Task: bl616_pmtickless: <<<--- [R]:WIFI, [R]:4054, [W]:4798, [L]:238
[21:46:54:902][ 4886.324000] [  WARN] Idle Task: bl616_pmtickless: --->>> [10]:On, [H]:72545, [15:mi_otn]
[21:47:01:013][ 4892.436000] [  WARN] Idle Task: bl616_pmtickless: <<<--- [R]:WIFI, [R]:6101, [W]:4804, [L]:238
[21:47:01:041][ 4892.471000] [  WARN] Idle Task: bl616_pmtickless: --->>> [10]:On, [H]:66398, [15:mi_otn]
[21:47:08:171][ 4899.606000] [  WARN] Idle Task: bl616_pmtickless: <<<--- [R]:WIFI, [R]:7124, [W]:4811, [L]:238
[21:47:08:202][ 4899.636000] [  WARN] Idle Task: bl616_pmtickless: --->>> [10]:On, [H]:59233, [15:mi_otn]
[21:47:20:462][ 4911.897000] [  WARN] Idle Task: bl616_pmtickless: <<<--- [R]:WIFI, [R]:12250, [W]:4823, [L]:238
[21:47:20:492][ 4911.930000] [  WARN] Idle Task: bl616_pmtickless: --->>> [10]:On, [H]:46939, [15:mi_otn]
[21:47:38:898][ 4930.333000] [  WARN] Idle Task: bl616_pmtickless: <<<--- [R]:WIFI, [R]:18392, [W]:4841, [L]:238
[21:47:38:929][ 4930.366000] [  WARN] Idle Task: bl616_pmtickless: --->>> [10]:On, [H]:28503, [15:mi_otn]
[21:48:07:439][ 4958.889000] [  WARN] Idle Task: bl616_pmtickless: <<<--- [R]:RTC, [R]:28512, [W]:4869, [L]:240
[21:48:07:452][ 4958.902000] [  INFO] mi_otn: [21:48:06.901 ] ots: -->kplv sent.
[21:48:07:469][ 4958.909000] [  WARN] Idle Task: bl616_pmtickless: --->>> [10]:On, [H]:23991, [1107536064:]
[21:48:08:483][ 4959.935000] [  WARN] Idle Task: bl616_pmtickless: <<<--- [R]:WIFI, [R]:1015, [W]:4870, [L]:240
[21:48:08:499][ 4959.950000] [  INFO] ots_task: [21:48:07.950 ] ots: <--kplv ack.
[21:48:08:515][ 4959.967000] [  WARN] Idle Task: bl616_pmtickless: --->>> [10]:On, [H]:43681, [19:netMonitorTask]
[21:48:12:581][ 4964.032000] [  WARN] Idle Task: bl616_pmtickless: <<<--- [R]:WIFI, [R]:4053, [W]:4874, [L]:240
[21:48:12:629][ 4964.069000] [  WARN] Idle Task: bl616_pmtickless: --->>> [10]:On, [H]:39579, [19:netMonitorTask]
[21:48:15:656][ 4967.107000] [  WARN] Idle Task: bl616_pmtickless: <<<--- [R]:WIFI, [R]:3026, [W]:4877, [L]:240
[21:48:15:688][ 4967.139000] [  WARN] Idle Task: bl616_pmtickless: --->>> [10]:On, [H]:36509, [19:netMonitorTask]
[21:48:47:403][ 4998.856000] [  WARN] Idle Task: bl616_pmtickless: <<<--- [R]:WIFI, [R]:31705, [W]:4908, [L]:240
[21:48:47:435][ 4998.890000] [  WARN] Idle Task: bl616_pmtickless: --->>> [10]:On, [H]:4758, [19:netMonitorTask]
[21:48:52:203][ 5003.668000] [  WARN] Idle Task: bl616_pmtickless: <<<--- [R]:RTC, [R]:4767, [W]:4912, [L]:240
[21:48:52:208][ 5003.680000] [  INFO] netMonitorTask: [21:48:51.680 ] miio_monitor: work time = 5003s, memory left = 111496
[21:48:52:235][ 5003.689000] [  WARN] Idle Task: bl616_pmtickless: --->>> [10]:On, [H]:47267, [15:mi_otn]
[21:49:23:232][ 5034.704000] [  WARN] Idle Task: bl616_pmtickless: <<<--- [R]:WIFI, [R]:31004, [W]:4943, [L]:240
[21:49:23:264][ 5034.736000] [  WARN] Idle Task: bl616_pmtickless: --->>> [10]:On, [H]:16220, [15:mi_otn]
[21:49:39:510][ 5050.976000] [  WARN] Idle Task: bl616_pmtickless: <<<--- [R]:RTC, [R]:16229, [W]:4958, [L]:240
[21:49:39:526][ 5050.988000] [  INFO] mi_otn: [21:49:38.988 ] ots: -->kplv sent.
[21:49:39:526][ 5050.994000] [  WARN] Idle Task: bl616_pmtickless: --->>> [10]:On, [H]:8205, [15:mi_otn]
[21:49:39:622][ 5051.094000] [  WARN] Idle Task: bl616_pmtickless: <<<--- [R]:WIFI, [R]:89, [W]:4959, [L]:240
[21:49:39:638][ 5051.111000] [  INFO] ots_task: [21:49:39.111 ] ots: <--kplv ack.
[21:49:39:654][ 5051.127000] [  WARN] Idle Task: bl616_pmtickless: --->>> [10]:On, [H]:8065, [15:mi_otn]
[21:49:44:740][ 5056.216000] [  WARN] Idle Task: bl616_pmtickless: <<<--- [R]:WIFI, [R]:5078, [W]:4964, [L]:240
[21:49:44:772][ 5056.249000] [  WARN] Idle Task: bl616_pmtickless: --->>> [10]:On, [H]:2943, [15:mi_otn]
[21:49:47:740][ 5059.212000] [  WARN] Idle Task: bl616_pmtickless: <<<--- [R]:RTC, [R]:2952, [W]:4966, [L]:240
[21:49:47:756][ 5059.228000] [  WARN] Idle Task: bl616_pmtickless: --->>> [10]:On, [H]:82893, [15:mi_otn]
[21:50:18:540][ 5090.016000] [  WARN] Idle Task: bl616_pmtickless: <<<--- [R]:WIFI, [R]:30777, [W]:4997, [L]:240
[21:50:18:570][ 5090.048000] [  WARN] Idle Task: bl616_pmtickless: --->>> [10]:On, [H]:52073, [15:mi_otn]
[21:51:10:638][ 5142.141000] [  WARN] Idle Task: bl616_pmtickless: <<<--- [R]:RTC, [R]:52082, [W]:5047, [L]:240
[21:51:10:674][ 5142.154000] [  INFO] mi_otn: [21:51:10.153 ] ots: -->kplv sent.
[21:51:10:674][ 5142.160000] [  WARN] Idle Task: bl616_pmtickless: --->>> [10]:On, [H]:14070, [0:]
[21:51:10:766][ 5142.251000] [  WARN] Idle Task: bl616_pmtickless: <<<--- [R]:WIFI, [R]:81, [W]:5048, [L]:240
[21:51:10:782][ 5142.267000] [  INFO] ots_task: [21:51:10.267 ] ots: <--kplv ack.
[21:51:10:798][ 5142.286000] [  WARN] Idle Task: bl616_pmtickless: --->>> [10]:On, [H]:81849, [15:mi_otn]
[21:51:15:876][ 5147.373000] [  WARN] Idle Task: bl616_pmtickless: <<<--- [R]:WIFI, [R]:5076, [W]:5053, [L]:240
[21:51:15:924][ 5147.413000] [  WARN] Idle Task: bl616_pmtickless: --->>> [10]:On, [H]:76722, [15:mi_otn]
[21:51:26:125][ 5157.617000] [  WARN] Idle Task: bl616_pmtickless: <<<--- [R]:WIFI, [R]:10193, [W]:5063, [L]:240
[21:51:26:147][ 5157.648000] [  WARN] Idle Task: bl616_pmtickless: --->>> [10]:On, [H]:66487, [15:mi_otn]
[21:52:19:380][ 5210.875000] [  WARN] Idle Task: bl616_pmtickless: <<<--- [R]:WIFI, [R]:53216, [W]:5115, [L]:240
[21:52:19:396][ 5210.905000] [  WARN] Idle Task: bl616_pmtickless: --->>> [10]:On, [H]:13231, [15:mi_otn]
[21:52:32:647][ 5224.155000] [  WARN] Idle Task: bl616_pmtickless: <<<--- [R]:RTC, [R]:13240, [W]:5127, [L]:240
[21:52:32:679][ 5224.181000] [  WARN] Idle Task: bl616_pmtickless: --->>> [10]:On, [H]:3982, [15:mi_otn]
[21:52:32:791][ 5224.295000] [  WARN] Idle Task: bl616_pmtickless: <<<--- [R]:WIFI, [R]:103, [W]:5128, [L]:240
[21:52:32:807][ 5224.324000] [  WARN] Idle Task: bl616_pmtickless: --->>> [10]:On, [H]:3825, [15:mi_otn]
[21:52:36:653][ 5228.168000] [  WARN] Idle Task: bl616_pmtickless: <<<--- [R]:RTC, [R]:3834, [W]:5131, [L]:241
[21:52:36:669][ 5228.187000] [  WARN] Idle Task: bl616_pmtickless: --->>> [10]:On, [H]:3996, [15:mi_otn]
[21:52:37:697][ 5229.213000] [  WARN] Idle Task: bl616_pmtickless: <<<--- [R]:WIFI, [R]:1015, [W]:5132, [L]:241
[21:52:37:728][ 5229.245000] [  WARN] Idle Task: bl616_pmtickless: --->>> [10]:On, [H]:74443, [19:netMonitorTask]
[21:52:38:722][ 5230.239000] [  WARN] Idle Task: bl616_pmtickless: <<<--- [R]:WIFI, [R]:982, [W]:5133, [L]:241
[21:52:38:754][ 5230.273000] [  WARN] Idle Task: bl616_pmtickless: --->>> [10]:On, [H]:73416, [19:netMonitorTask]
[21:53:19:074][ 5270.590000] [  WARN] Idle Task: bl616_pmtickless: <<<--- [R]:WIFI, [R]:40306, [W]:5173, [L]:244
[21:53:19:106][ 5270.627000] [  WARN] Idle Task: bl616_pmtickless: --->>> [10]:On, [H]:33061, [19:netMonitorTask]
[21:53:31:359][ 5282.884000] [  WARN] Idle Task: bl616_pmtickless: <<<--- [R]:WIFI, [R]:12245, [W]:5185, [L]:244
[21:53:31:392][ 5282.916000] [  WARN] Idle Task: bl616_pmtickless: --->>> [10]:On, [H]:20772, [19:netMonitorTask]
[21:53:52:174][ 5303.708000] [  WARN] Idle Task: bl616_pmtickless: <<<--- [R]:RTC, [R]:20781, [W]:5205, [L]:244
[21:53:52:174][ 5303.720000] [  INFO] netMonitorTask: [21:53:51.720 ] miio_monitor: work time = 5303s, memory left = 111496
[21:53:52:209][ 5303.730000] [  WARN] Idle Task: bl616_pmtickless: --->>> [10]:On, [H]:16504, [15:mi_otn]
[21:54:08:712][ 5320.254000] [  WARN] Idle Task: bl616_pmtickless: <<<--- [R]:RTC, [R]:16513, [W]:5221, [L]:244
[21:54:08:712][ 5320.266000] [  INFO] mi_otn: [21:54:08.266 ] ots: -->kplv sent.
[21:54:08:749][ 5320.272000] [  WARN] Idle Task: bl616_pmtickless: --->>> [10]:On, [H]:23993, [1107536064:]
[21:54:09:244][ 5320.780000] [  WARN] Idle Task: bl616_pmtickless: <<<--- [R]:WIFI, [R]:497, [W]:5222, [L]:244
[21:54:09:262][ 5320.797000] [  INFO] ots_task: [21:54:08.797 ] ots: <--kplv ack.
[21:54:09:292][ 5320.818000] [  WARN] Idle Task: bl616_pmtickless: --->>> [10]:On, [H]:79769, [7:WPA]
[21:54:14:364][ 5325.903000] [  WARN] Idle Task: bl616_pmtickless: <<<--- [R]:WIFI, [R]:5075, [W]:5227, [L]:244
[21:54:14:393][ 5325.938000] [  WARN] Idle Task: bl616_pmtickless: --->>> [10]:On, [H]:74649, [7:WPA]
[21:54:49:802][ 5361.340000] [  WARN] Idle Task: bl616_pmtickless: <<<--- [R]:WIFI, [R]:35392, [W]:5262, [L]:246
[21:54:49:833][ 5361.372000] [  WARN] Idle Task: bl616_pmtickless: --->>> [10]:On, [H]:39215, [7:WPA]
[21:55:22:565][ 5394.114000] [  WARN] Idle Task: bl616_pmtickless: <<<--- [R]:WIFI, [R]:32732, [W]:5294, [L]:246
[21:55:22:597][ 5394.146000] [  WARN] Idle Task: bl616_pmtickless: --->>> [10]:On, [H]:6441, [7:WPA]
[21:55:29:060][ 5400.606000] [  WARN] Idle Task: bl616_pmtickless: <<<--- [R]:RTC, [R]:6450, [W]:5300, [L]:246
[21:55:29:060][ 5400.618000] [  WARN] Idle Task: bl616_pmtickless: --->>> [10]:On, [H]:10526, [20:mi_mcmd]
[21:55:39:606][ 5411.164000] [  WARN] Idle Task: bl616_pmtickless: <<<--- [R]:RTC, [R]:10535, [W]:5310, [L]:246
[21:55:39:622][ 5411.177000] [  WARN] Idle Task: bl616_pmtickless: --->>> [10]:On, [H]:626, [15:mi_otn]
[21:55:40:264][ 5411.823000] [  WARN] Idle Task: bl616_pmtickless: <<<--- [R]:RTC, [R]:635, [W]:5311, [L]:246
[21:55:40:264][ 5411.836000] [  INFO] mi_otn: [21:55:39.836 ] ots: -->kplv sent.
[21:55:40:280][ 5411.842000] [  WARN] Idle Task: bl616_pmtickless: --->>> [10]:On, [H]:23992, [1107536064:]
[21:55:41:005][ 5412.556000] [  WARN] Idle Task: bl616_pmtickless: <<<--- [R]:WIFI, [R]:703, [W]:5312, [L]:246
[21:55:41:005][ 5412.573000] [  INFO] ots_task: [21:55:40.573 ] ots: <--kplv ack.
[21:55:41:036][ 5412.591000] [  WARN] Idle Task: bl616_pmtickless: --->>> [10]:On, [H]:90987, [15:mi_otn]
[21:55:46:110][ 5417.678000] [  WARN] Idle Task: bl616_pmtickless: <<<--- [R]:WIFI, [R]:5076, [W]:5317, [L]:246
[21:55:46:157][ 5417.714000] [  WARN] Idle Task: bl616_pmtickless: --->>> [10]:On, [H]:85864, [15:mi_otn]
[21:56:20:929][ 5452.501000] [  WARN] Idle Task: bl616_pmtickless: <<<--- [R]:WIFI, [R]:34776, [W]:5351, [L]:246
[21:56:20:960][ 5452.535000] [  WARN] Idle Task: bl616_pmtickless: --->>> [10]:On, [H]:51043, [15:mi_otn]
[21:57:12:007][ 5503.598000] [  WARN] Idle Task: bl616_pmtickless: <<<--- [R]:RTC, [R]:51052, [W]:5400, [L]:246
[21:57:12:039][ 5503.611000] [  INFO] mi_otn: [21:57:11.610 ] ots: -->kplv sent.
[21:57:12:043][ 5503.617000] [  WARN] Idle Task: bl616_pmtickless: --->>> [10]:On, [H]:14077, [0:]
[21:57:12:135][ 5503.712000] [  WARN] Idle Task: bl616_pmtickless: <<<--- [R]:WIFI, [R]:85, [W]:5401, [L]:246
[21:57:12:154][ 5503.726000] [  INFO] ots_task: [21:57:11.726 ] ots: <--kplv ack.
[21:57:12:167][ 5503.740000] [  WARN] Idle Task: bl616_pmtickless: --->>> [10]:On, [H]:90992, [15:mi_otn]
[21:57:17:255][ 5508.833000] [  WARN] Idle Task: bl616_pmtickless: <<<--- [R]:WIFI, [R]:5082, [W]:5406, [L]:246
[21:57:17:287][ 5508.867000] [  WARN] Idle Task: bl616_pmtickless: --->>> [10]:On, [H]:85865, [15:mi_otn]
[21:57:18:288][ 5509.859000] [  WARN] Idle Task: bl616_pmtickless: <<<--- [R]:WIFI, [R]:981, [W]:5407, [L]:246
[21:57:18:303][ 5509.889000] [  WARN] Idle Task: bl616_pmtickless: --->>> [10]:On, [H]:84843, [15:mi_otn]
[21:57:22:380][ 5513.958000] [  WARN] Idle Task: bl616_pmtickless: <<<--- [R]:WIFI, [R]:4058, [W]:5411, [L]:246
[21:57:22:412][ 5513.990000] [  WARN] Idle Task: bl616_pmtickless: --->>> [10]:On, [H]:80742, [15:mi_otn]
[21:58:21:773][ 5573.359000] [  WARN] Idle Task: bl616_pmtickless: <<<--- [R]:WIFI, [R]:59358, [W]:5469, [L]:246
[21:58:21:806][ 5573.391000] [  WARN] Idle Task: bl616_pmtickless: --->>> [10]:On, [H]:21341, [15:mi_otn]
[21:58:43:149][ 5594.752000] [  WARN] Idle Task: bl616_pmtickless: <<<--- [R]:RTC, [R]:21350, [W]:5490, [L]:248
[21:58:43:149][ 5594.764000] [  INFO] mi_otn: [21:58:42.764 ] ots: -->kplv sent.
[21:58:43:181][ 5594.770000] [  WARN] Idle Task: bl616_pmtickless: --->>> [10]:On, [H]:8958, [19:netMonitorTask]
[21:58:43:680][ 5595.278000] [  WARN] Idle Task: bl616_pmtickless: <<<--- [R]:WIFI, [R]:497, [W]:5491, [L]:248
[21:58:43:698][ 5595.293000] [  INFO] ots_task: [21:58:43.293 ] ots: <--kplv ack.
[21:58:43:713][ 5595.307000] [  WARN] Idle Task: bl616_pmtickless: --->>> [10]:On, [H]:8421, [19:netMonitorTask]
[21:58:48:810][ 5600.402000] [  WARN] Idle Task: bl616_pmtickless: <<<--- [R]:WIFI, [R]:5084, [W]:5496, [L]:248
[21:58:48:839][ 5600.434000] [  WARN] Idle Task: bl616_pmtickless: --->>> [10]:On, [H]:3294, [19:netMonitorTask]
[21:58:52:131][ 5603.748000] [  WARN] Idle Task: bl616_pmtickless: <<<--- [R]:RTC, [R]:3303, [W]:5499, [L]:248
[21:58:52:168][ 5603.759000] [  INFO] netMonitorTask: [21:58:51.759 ] miio_monitor: work time = 5603s, memory left = 111496
[21:58:52:168][ 5603.769000] [  WARN] Idle Task: bl616_pmtickless: --->>> [10]:On, [H]:55458, [15:mi_otn]
[21:59:19:935][ 5631.539000] [  WARN] Idle Task: bl616_pmtickless: <<<--- [R]:WIFI, [R]:27759, [W]:5527, [L]:251
[21:59:19:967][ 5631.574000] [  WARN] Idle Task: bl616_pmtickless: --->>> [10]:On, [H]:27653, [15:mi_otn]
[21:59:47:628][ 5659.247000] [  WARN] Idle Task: bl616_pmtickless: <<<--- [R]:RTC, [R]:27662, [W]:5554, [L]:252
[21:59:47:645][ 5659.263000] [  WARN] Idle Task: bl616_pmtickless: --->>> [10]:On, [H]:27041, [15:mi_otn]
[21:59:52:506][ 5664.111000] [  WARN] Idle Task: bl616_pmtickless: <<<--- [R]:WIFI, [R]:4837, [W]:5559, [L]:252
[21:59:52:534][ 5664.142000] [  WARN] Idle Task: bl616_pmtickless: --->>> [10]:On, [H]:22162, [15:mi_otn]
[22:00:14:691][ 5686.323000] [  WARN] Idle Task: bl616_pmtickless: <<<--- [R]:RTC, [R]:22171, [W]:5580, [L]:252
[22:00:14:721][ 5686.336000] [  INFO] mi_otn: [22:00:14.336 ] ots: -->kplv sent.
[22:00:14:721][ 5686.342000] [  WARN] Idle Task: bl616_pmtickless: --->>> [10]:On, [H]:23993, [1107536064:]
[22:00:15:023][ 5686.645000] [  WARN] Idle Task: bl616_pmtickless: <<<--- [R]:WIFI, [R]:292, [W]:5581, [L]:252
[22:00:15:039][ 5686.662000] [  INFO] ots_task: [22:00:14.662 ] ots: <--kplv ack.
[22:00:15:054][ 5686.680000] [  WARN] Idle Task: bl616_pmtickless: --->>> [10]:On, [H]:90987, [15:mi_otn]
[22:00:20:147][ 5691.768000] [  WARN] Idle Task: bl616_pmtickless: <<<--- [R]:WIFI, [R]:5077, [W]:5586, [L]:252
[22:00:20:179][ 5691.800000] [  WARN] Idle Task: bl616_pmtickless: --->>> [10]:On, [H]:85867, [15:mi_otn]
[22:00:52:916][ 5724.542000] [  WARN] Idle Task: bl616_pmtickless: <<<--- [R]:WIFI, [R]:32731, [W]:5618, [L]:252
[22:00:52:948][ 5724.574000] [  WARN] Idle Task: bl616_pmtickless: --->>> [10]:On, [H]:53093, [15:mi_otn]
[22:01:15:434][ 5747.074000] [  WARN] Idle Task: bl616_pmtickless: <<<--- [R]:WIFI, [R]:22490, [W]:5640, [L]:252
[22:01:15:465][ 5747.104000] [  WARN] Idle Task: bl616_pmtickless: --->>> [10]:On, [H]:30563, [15:mi_otn]
[22:01:20:561][ 5752.197000] [  WARN] Idle Task: bl616_pmtickless: <<<--- [R]:WIFI, [R]:5082, [W]:5645, [L]:252
[22:01:20:593][ 5752.230000] [  WARN] Idle Task: bl616_pmtickless: --->>> [10]:On, [H]:25437, [15:mi_otn]
[22:01:46:050][ 5777.687000] [  WARN] Idle Task: bl616_pmtickless: <<<--- [R]:RTC, [R]:25446, [W]:5669, [L]:252
[22:01:46:050][ 5777.701000] [  INFO] mi_otn: [22:01:45.700 ] ots: -->kplv sent.
[22:01:46:066][ 5777.707000] [  WARN] Idle Task: bl616_pmtickless: --->>> [10]:On, [H]:23993, [1107536064:]
[22:01:46:162][ 5777.804000] [  WARN] Idle Task: bl616_pmtickless: <<<--- [R]:WIFI, [R]:87, [W]:5670, [L]:252
[22:01:46:178][ 5777.819000] [  INFO] ots_task: [22:01:45.819 ] ots: <--kplv ack.
[22:01:46:194][ 5777.833000] [  WARN] Idle Task: bl616_pmtickless: --->>> [10]:On, [H]:90991, [15:mi_otn]
[22:01:51:276][ 5782.926000] [  WARN] Idle Task: bl616_pmtickless: <<<--- [R]:WIFI, [R]:5082, [W]:5675, [L]:252
[22:01:51:308][ 5782.960000] [  WARN] Idle Task: bl616_pmtickless: --->>> [10]:On, [H]:85865, [15:mi_otn]
[22:02:23:033][ 5814.677000] [  WARN] Idle Task: bl616_pmtickless: <<<--- [R]:WIFI, [R]:31707, [W]:5706, [L]:252
[22:02:23:049][ 5814.706000] [  WARN] Idle Task: bl616_pmtickless: --->>> [10]:On, [H]:54118, [15:mi_otn]
[22:03:17:180][ 5868.844000] [  WARN] Idle Task: bl616_pmtickless: <<<--- [R]:RTC, [R]:54127, [W]:5759, [L]:253
[22:03:17:180][ 5868.856000] [  INFO] mi_otn: [22:03:16.856 ] ots: -->kplv sent.
[22:03:17:196][ 5868.862000] [  WARN] Idle Task: bl616_pmtickless: --->>> [10]:On, [H]:14080, [0:]
[22:03:18:111][ 5869.778000] [  WARN] Idle Task: bl616_pmtickless: <<<--- [R]:WIFI, [R]:906, [W]:5760, [L]:253
[22:03:18:127][ 5869.797000] [  INFO] ots_task: [22:03:17.797 ] ots: <--kplv ack.
[22:03:18:143][ 5869.809000] [  WARN] Idle Task: bl616_pmtickless: --->>> [10]:On, [H]:33959, [19:netMonitorTask]
[22:03:23:232][ 5874.901000] [  WARN] Idle Task: bl616_pmtickless: <<<--- [R]:WIFI, [R]:5080, [W]:5765, [L]:253
[22:03:23:280][ 5874.938000] [  WARN] Idle Task: bl616_pmtickless: --->>> [10]:On, [H]:28830, [19:netMonitorTask]
[22:03:28:352][ 5880.023000] [  WARN] Idle Task: bl616_pmtickless: <<<--- [R]:WIFI, [R]:5074, [W]:5770, [L]:253
[22:03:28:386][ 5880.058000] [  WARN] Idle Task: bl616_pmtickless: --->>> [10]:On, [H]:23710, [19:netMonitorTask]
[22:03:31:230][ 5882.893000] [  WARN] Idle Task: bl616_pmtickless: <<<--- [R]:WIFI, [R]:2824, [W]:5773, [L]:254
[22:03:31:261][ 5882.927000] [  WARN] Idle Task: bl616_pmtickless: --->>> [10]:On, [H]:20841, [19:netMonitorTask]
[22:03:32:248][ 5883.917000] [  WARN] Idle Task: bl616_pmtickless: <<<--- [R]:WIFI, [R]:979, [W]:5774, [L]:254
[22:03:32:288][ 5883.952000] [  WARN] Idle Task: bl616_pmtickless: --->>> [10]:On, [H]:19816, [19:netMonitorTask]
[22:03:35:325][ 5886.995000] [  WARN] Idle Task: bl616_pmtickless: <<<--- [R]:WIFI, [R]:3031, [W]:5777, [L]:254
[22:03:35:357][ 5887.028000] [  WARN] Idle Task: bl616_pmtickless: --->>> [10]:On, [H]:16740, [19:netMonitorTask]
[22:03:36:340][ 5888.019000] [  WARN] Idle Task: bl616_pmtickless: <<<--- [R]:WIFI, [R]:980, [W]:5778, [L]:254
[22:03:36:371][ 5888.051000] [  WARN] Idle Task: bl616_pmtickless: --->>> [10]:On, [H]:15717, [19:netMonitorTask]
[22:03:40:228][ 5891.913000] [  WARN] Idle Task: bl616_pmtickless: <<<--- [R]:WIFI, [R]:3850, [W]:5782, [L]:255
[22:03:40:260][ 5891.942000] [  WARN] Idle Task: bl616_pmtickless: --->>> [10]:On, [H]:11826, [19:netMonitorTask]
[22:03:42:288][ 5893.962000] [  WARN] Idle Task: bl616_pmtickless: <<<--- [R]:WIFI, [R]:2008, [W]:5784, [L]:255
[22:03:42:321][ 5893.994000] [  WARN] Idle Task: bl616_pmtickless: --->>> [10]:On, [H]:9774, [19:netMonitorTask]
[22:03:50:470][ 5902.156000] [  WARN] Idle Task: bl616_pmtickless: <<<--- [R]:WIFI, [R]:8151, [W]:5792, [L]:255
[22:03:50:502][ 5902.188000] [  WARN] Idle Task: bl616_pmtickless: --->>> [10]:On, [H]:1580, [19:netMonitorTask]
[22:03:52:101][ 5903.788000] [  WARN] Idle Task: bl616_pmtickless: <<<--- [R]:RTC, [R]:1589, [W]:5793, [L]:255
[22:03:52:105][ 5903.799000] [  INFO] netMonitorTask: [22:03:51.799 ] miio_monitor: work time = 5903s, memory left = 111496
[22:03:52:121][ 5903.809000] [  WARN] Idle Task: bl616_pmtickless: --->>> [10]:On, [H]:56994, [15:mi_otn]
[22:04:03:583][ 5915.269000] [  WARN] Idle Task: bl616_pmtickless: <<<--- [R]:WIFI, [R]:11449, [W]:5805, [L]:256
[22:04:03:615][ 5915.299000] [  WARN] Idle Task: bl616_pmtickless: --->>> [10]:On, [H]:45504, [15:mi_otn]
[22:04:25:897][ 5937.595000] [  WARN] Idle Task: bl616_pmtickless: <<<--- [R]:WIFI, [R]:22285, [W]:5827, [L]:257
[22:04:25:945][ 5937.642000] [  WARN] Idle Task: bl616_pmtickless: --->>> [10]:On, [H]:23161, [15:mi_otn]
[22:04:49:128][ 5960.823000] [  WARN] Idle Task: bl616_pmtickless: <<<--- [R]:RTC, [R]:23170, [W]:5849, [L]:257
[22:04:49:130][ 5960.836000] [  INFO] mi_otn: [22:04:48.835 ] ots: -->kplv sent.
[22:04:49:145][ 5960.842000] [  WARN] Idle Task: bl616_pmtickless: --->>> [10]:On, [H]:23993, [1107536064:]
[22:04:49:462][ 5961.156000] [  WARN] Idle Task: bl616_pmtickless: <<<--- [R]:WIFI, [R]:303, [W]:5850, [L]:257
[22:04:49:478][ 5961.173000] [  INFO] ots_task: [22:04:49.172 ] ots: <--kplv ack.
[22:04:49:493][ 5961.192000] [  WARN] Idle Task: bl616_pmtickless: --->>> [10]:On, [H]:90986, [15:mi_otn]
[22:04:50:489][ 5962.182000] [  WARN] Idle Task: bl616_pmtickless: <<<--- [R]:WIFI, [R]:979, [W]:5851, [L]:257
[22:04:50:521][ 5962.212000] [  WARN] Idle Task: bl616_pmtickless: --->>> [10]:On, [H]:89966, [15:mi_otn]
[22:04:54:583][ 5966.279000] [  WARN] Idle Task: bl616_pmtickless: <<<--- [R]:WIFI, [R]:4056, [W]:5855, [L]:257
[22:04:54:615][ 5966.313000] [  WARN] Idle Task: bl616_pmtickless: --->>> [10]:On, [H]:85865, [15:mi_otn]
[22:05:08:908][ 5980.619000] [  WARN] Idle Task: bl616_pmtickless: <<<--- [R]:WIFI, [R]:14295, [W]:5869, [L]:257
[22:05:08:956][ 5980.655000] [  WARN] Idle Task: bl616_pmtickless: --->>> [10]:On, [H]:71523, [15:mi_otn]
[22:05:53:977][ 6025.684000] [  WARN] Idle Task: bl616_pmtickless: <<<--- [R]:WIFI, [R]:45018, [W]:5913, [L]:257
[22:05:54:009][ 6025.716000] [  WARN] Idle Task: bl616_pmtickless: --->>> [10]:On, [H]:26462, [15:mi_otn]
[22:06:20:478][ 6052.198000] [  WARN] Idle Task: bl616_pmtickless: <<<--- [R]:RTC, [R]:26471, [W]:5938, [L]:257
[22:06:20:478][ 6052.211000] [  INFO] mi_otn: [22:06:20.211 ] ots: -->kplv sent.
[22:06:20:494][ 6052.217000] [  WARN] Idle Task: bl616_pmtickless: --->>> [10]:On, [H]:23993, [1107536064:]
[22:06:20:590][ 6052.315000] [  WARN] Idle Task: bl616_pmtickless: <<<--- [R]:WIFI, [R]:87, [W]:5939, [L]:257
[22:06:20:606][ 6052.330000] [  INFO] ots_task: [22:06:20.330 ] ots: <--kplv ack.
[22:06:20:626][ 6052.343000] [  WARN] Idle Task: bl616_pmtickless: --->>> [10]:On, [H]:90992, [15:mi_otn]
[22:06:25:712][ 6057.438000] [  WARN] Idle Task: bl616_pmtickless: <<<--- [R]:WIFI, [R]:5084, [W]:5944, [L]:257
[22:06:25:744][ 6057.468000] [  WARN] Idle Task: bl616_pmtickless: --->>> [10]:On, [H]:85867, [15:mi_otn]
[22:06:26:741][ 6058.463000] [  WARN] Idle Task: bl616_pmtickless: <<<--- [R]:WIFI, [R]:985, [W]:5945, [L]:257
[22:06:26:773][ 6058.493000] [  WARN] Idle Task: bl616_pmtickless: --->>> [10]:On, [H]:84842, [15:mi_otn]
[22:06:27:773][ 6059.491000] [  WARN] Idle Task: bl616_pmtickless: <<<--- [R]:WIFI, [R]:987, [W]:5946, [L]:257
[22:06:27:789][ 6059.519000] [  WARN] Idle Task: bl616_pmtickless: --->>> [10]:On, [H]:83816, [15:mi_otn]
[22:06:31:856][ 6063.588000] [  WARN] Idle Task: bl616_pmtickless: <<<--- [R]:WIFI, [R]:4058, [W]:5950, [L]:257
[22:06:31:888][ 6063.616000] [  WARN] Idle Task: bl616_pmtickless: --->>> [10]:On, [H]:79719, [15:mi_otn]
[22:07:24:298][ 6116.026000] [  WARN] Idle Task: bl616_pmtickless: <<<--- [R]:WIFI, [R]:52399, [W]:6002, [L]:261
[22:07:24:314][ 6116.053000] [  WARN] Idle Task: bl616_pmtickless: --->>> [10]:On, [H]:27282, [15:mi_otn]
[22:07:51:610][ 6143.355000] [  WARN] Idle Task: bl616_pmtickless: <<<--- [R]:RTC, [R]:27291, [W]:6028, [L]:261
[22:07:51:610][ 6143.368000] [  INFO] mi_otn: [22:07:51.367 ] ots: -->kplv sent.
[22:07:51:626][ 6143.374000] [  WARN] Idle Task: bl616_pmtickless: --->>> [10]:On, [H]:20227, [0:]
[22:07:52:656][ 6144.396000] [  WARN] Idle Task: bl616_pmtickless: <<<--- [R]:WIFI, [R]:1012, [W]:6029, [L]:261
[22:07:52:672][ 6144.420000] [  INFO] ots_task: [22:07:52.420 ] ots: <--kplv ack.
[22:07:52:688][ 6144.428000] [  WARN] Idle Task: bl616_pmtickless: --->>> [10]:On, [H]:54057, [15:mi_otn]
[22:07:56:757][ 6148.496000] [  WARN] Idle Task: bl616_pmtickless: <<<--- [R]:WIFI, [R]:4057, [W]:6033, [L]:261
[22:07:56:789][ 6148.528000] [  WARN] Idle Task: bl616_pmtickless: --->>> [10]:On, [H]:49957, [15:mi_otn]
[22:07:57:771][ 6149.521000] [  WARN] Idle Task: bl616_pmtickless: <<<--- [R]:WIFI, [R]:982, [W]:6034, [L]:261
[22:07:57:803][ 6149.553000] [  WARN] Idle Task: bl616_pmtickless: --->>> [10]:On, [H]:48932, [15:mi_otn]
[22:07:58:802][ 6150.548000] [  WARN] Idle Task: bl616_pmtickless: <<<--- [R]:WIFI, [R]:984, [W]:6035, [L]:261
[22:07:58:834][ 6150.579000] [  WARN] Idle Task: bl616_pmtickless: --->>> [10]:On, [H]:47906, [15:mi_otn]
[22:08:35:247][ 6187.009000] [  WARN] Idle Task: bl616_pmtickless: <<<--- [R]:WIFI, [R]:36419, [W]:6071, [L]:263
[22:08:35:295][ 6187.048000] [  WARN] Idle Task: bl616_pmtickless: --->>> [10]:On, [H]:11437, [15:mi_otn]
[22:08:46:747][ 6198.505000] [  WARN] Idle Task: bl616_pmtickless: <<<--- [R]:RTC, [R]:11446, [W]:6082, [L]:263
[22:08:46:762][ 6198.518000] [NOTICE] mi_otn: [22:08:46.517 ] ots: -->sync sent.
[22:08:46:762][ 6198.523000] [  WARN] Idle Task: bl616_pmtickless: --->>> [10]:On, [H]:694, [15:mi_otn]
[22:08:47:470][ 6199.237000] [  WARN] Idle Task: bl616_pmtickless: <<<--- [R]:RTC, [R]:703, [W]:6082, [L]:263
[22:08:47:488][ 6199.249000] [  INFO] mi_otn: [22:08:47.249 ] miio_instance: miio_info_kvs_hook_default called
[22:08:47:497][ 6199.261000] [NOTICE] mi_otn: [22:08:47.261 ] miio_ot: up _otc.info:{"id":703856691,"method":"_otc.info","params":{"life":6199,"model":"xiaomi.dev.bl3","token":"06dd************************441a","ipflag":1,"fw_ver":"1.0.3","miio_ver":"0.1.0","hw_ver":"BL616-BL3","chip_ver":1,"mmfree":110112,"mac":"C4:93:BB:AD:C8:29","wifi_fw_ver":"WifiVer.N\/A","ap":{"ssid":"Xiaomi_be3600","bssid":"42:EE:97:F0:4C:60","rssi":-32,"primary":1},"netif":{"localIp":"192.168.3.66","mask":"255.255.255.0","gw":"192.168.3.1"},"uid":1205295674}}
[22:08:47:552][ 6199.304000] [  INFO] mi_otn: [22:08:47.304 ] miio_ot: -->info(ots).
[22:08:47:564][ 6199.319000] [  WARN] Idle Task: bl616_pmtickless: --->>> [10]:On, [H]:3996, [15:mi_otn]
[22:08:51:565][ 6203.335000] [  WARN] Idle Task: bl616_pmtickless: <<<--- [R]:RTC, [R]:4005, [W]:6085, [L]:263
[22:08:51:565][ 6203.344000] [  WARN] mi_otn: [22:08:51.344 ] ot: up session[id=703856691] timeout
[22:08:51:581][ 6203.349000] [  INFO] mi_otn: [22:08:51.349 ] miio_ot: <--info ack(ots).
[22:08:51:613][ 6203.368000] [  WARN] Idle Task: bl616_pmtickless: --->>> [10]:On, [H]:440, [19:netMonitorTask]
[22:08:52:048][ 6203.829000] [  WARN] Idle Task: bl616_pmtickless: <<<--- [R]:RTC, [R]:449, [W]:6086, [L]:263
[22:08:52:063][ 6203.840000] [  INFO] netMonitorTask: [22:08:51.840 ] miio_monitor: work time = 6203s, memory left = 111152
[22:08:52:079][ 6203.850000] [  WARN] Idle Task: bl616_pmtickless: --->>> [10]:On, [H]:425, [15:mi_otn]
[22:08:52:531][ 6204.294000] [  WARN] Idle Task: bl616_pmtickless: <<<--- [R]:RTC, [R]:434, [W]:6086, [L]:263
[22:08:52:548][ 6204.307000] [  WARN] Idle Task: bl616_pmtickless: --->>> [10]:On, [H]:3056, [15:mi_otn]
[22:08:55:601][ 6207.382000] [  WARN] Idle Task: bl616_pmtickless: <<<--- [R]:RTC, [R]:3065, [W]:6089, [L]:263
[22:08:55:617][ 6207.391000] [  WARN] mi_otn: [22:08:55.391 ] ot: up session[id=82182196] timeout
[22:08:55:628][ 6207.398000] [  WARN] mi_otn: [22:08:55.397 ] ot: up session[id=1899888693] timeout
[22:08:55:636][ 6207.406000] [  WARN] Idle Task: bl616_pmtickless: --->>> [10]:On, [H]:1912, [15:mi_otn]
[22:08:57:563][ 6209.338000] [  WARN] Idle Task: bl616_pmtickless: <<<--- [R]:RTC, [R]:1921, [W]:6090, [L]:263
[22:08:57:579][ 6209.354000] [  WARN] Idle Task: bl616_pmtickless: --->>> [10]:On, [H]:3998, [15:mi_otn]
[22:09:01:588][ 6213.372000] [  WARN] Idle Task: bl616_pmtickless: <<<--- [R]:RTC, [R]:4007, [W]:6094, [L]:263
[22:09:01:588][ 6213.381000] [  WARN] mi_otn: [22:09:01.381 ] ot: up session[id=279969846] timeout
[22:09:01:604][ 6213.386000] [  WARN] mi_otn: [22:09:01.386 ] miio_info: no "result" in property_ack
[22:09:01:604][ 6213.393000] [  WARN] mi_otn: [22:09:01.393 ] miio_info: props send failed
[22:09:01:636][ 6213.403000] [  WARN] Idle Task: bl616_pmtickless: --->>> [10]:On, [H]:965, [15:mi_otn]
[22:09:02:619][ 6214.387000] [  WARN] Idle Task: bl616_pmtickless: <<<--- [R]:RTC, [R]:974, [W]:6095, [L]:263
[22:09:02:619][ 6214.399000] [  WARN] Idle Task: bl616_pmtickless: --->>> [10]:On, [H]:4999, [15:mi_otn]
[22:09:07:645][ 6219.418000] [  WARN] Idle Task: bl616_pmtickless: <<<--- [R]:RTC, [R]:5008, [W]:6100, [L]:263
[22:09:07:661][ 6219.437000] [  WARN] Idle Task: bl616_pmtickless: --->>> [10]:On, [H]:3079, [1107536064:]
[22:09:10:752][ 6222.536000] [  WARN] Idle Task: bl616_pmtickless: <<<--- [R]:RTC, [R]:3088, [W]:6103, [L]:264
[22:09:10:768][ 6222.551000] [  WARN] Idle Task: bl616_pmtickless: --->>> [10]:On, [H]:881, [15:mi_otn]
[22:09:11:655][ 6223.452000] [  WARN] Idle Task: bl616_pmtickless: <<<--- [R]:RTC, [R]:890, [W]:6104, [L]:264
[22:09:11:671][ 6223.461000] [  WARN] mi_otn: [22:09:11.460 ] ot: up session[id=279969846] timeout
[22:09:11:674][ 6223.466000] [  WARN] mi_otn: [22:09:11.466 ] miio_info: no "result" in property_ack
[22:09:11:687][ 6223.473000] [  WARN] mi_otn: [22:09:11.473 ] miio_info: props send failed
[22:09:11:704][ 6223.482000] [  WARN] Idle Task: bl616_pmtickless: --->>> [10]:On, [H]:966, [15:mi_otn]
[22:09:12:668][ 6224.468000] [  WARN] Idle Task: bl616_pmtickless: <<<--- [R]:RTC, [R]:975, [W]:6105, [L]:264
[22:09:12:702][ 6224.480000] [  WARN] Idle Task: bl616_pmtickless: --->>> [10]:On, [H]:4998, [15:mi_otn]
[22:09:17:716][ 6229.497000] [  WARN] Idle Task: bl616_pmtickless: <<<--- [R]:RTC, [R]:5007, [W]:6110, [L]:264
[22:09:17:732][ 6229.517000] [  WARN] Idle Task: bl616_pmtickless: --->>> [10]:On, [H]:3994, [15:mi_otn]
[22:09:21:735][ 6233.531000] [  WARN] Idle Task: bl616_pmtickless: <<<--- [R]:RTC, [R]:4003, [W]:6114, [L]:264
[22:09:21:735][ 6233.540000] [  WARN] mi_otn: [22:09:21.540 ] ot: up session[id=279969846] timeout
[22:09:21:751][ 6233.545000] [  WARN] mi_otn: [22:09:21.545 ] miio_info: no "result" in property_ack
[22:09:21:751][ 6233.552000] [  WARN] mi_otn: [22:09:21.552 ] miio_info: props send failed
[22:09:21:768][ 6233.562000] [  WARN] Idle Task: bl616_pmtickless: --->>> [10]:On, [H]:965, [15:mi_otn]
[22:09:22:762][ 6234.546000] [  WARN] Idle Task: bl616_pmtickless: <<<--- [R]:RTC, [R]:974, [W]:6115, [L]:264
[22:09:22:762][ 6234.558000] [  WARN] Idle Task: bl616_pmtickless: --->>> [10]:On, [H]:869, [15:mi_otn]
[22:09:23:648][ 6235.447000] [  WARN] Idle Task: bl616_pmtickless: <<<--- [R]:RTC, [R]:878, [W]:6116, [L]:264
[22:09:23:652][ 6235.459000] [  INFO] mi_otn: [22:09:23.459 ] ots: -->kplv sent.
[22:09:23:684][ 6235.465000] [  WARN] Idle Task: bl616_pmtickless: --->>> [10]:On, [H]:4098, [15:mi_otn]
[22:09:27:795][ 6239.583000] [  WARN] Idle Task: bl616_pmtickless: <<<--- [R]:RTC, [R]:4107, [W]:6120, [L]:266
[22:09:27:806][ 6239.599000] [  WARN] Idle Task: bl616_pmtickless: --->>> [10]:On, [H]:3997, [15:mi_otn]
[22:09:31:812][ 6243.616000] [  WARN] Idle Task: bl616_pmtickless: <<<--- [R]:RTC, [R]:4006, [W]:6124, [L]:266
[22:09:31:812][ 6243.625000] [  WARN] mi_otn: [22:09:31.624 ] ot: up session[id=279969846] timeout
[22:09:31:827][ 6243.630000] [  WARN] mi_otn: [22:09:31.630 ] miio_info: no "result" in property_ack
[22:09:31:827][ 6243.637000] [  WARN] mi_otn: [22:09:31.637 ] miio_info: props send failed
[22:09:31:843][ 6243.646000] [  WARN] Idle Task: bl616_pmtickless: --->>> [10]:On, [H]:967, [15:mi_otn]
[22:09:32:842][ 6244.633000] [  WARN] Idle Task: bl616_pmtickless: <<<--- [R]:RTC, [R]:976, [W]:6125, [L]:266
[22:09:32:842][ 6244.645000] [  WARN] Idle Task: bl616_pmtickless: --->>> [10]:On, [H]:1901, [1107536064:]
[22:09:34:761][ 6246.566000] [  WARN] Idle Task: bl616_pmtickless: <<<--- [R]:RTC, [R]:1910, [W]:6127, [L]:267
[22:09:34:777][ 6246.584000] [  WARN] Idle Task: bl616_pmtickless: --->>> [10]:On, [H]:3060, [15:mi_otn]
[22:09:37:857][ 6249.663000] [  WARN] Idle Task: bl616_pmtickless: <<<--- [R]:RTC, [R]:3069, [W]:6130, [L]:267
[22:09:37:871][ 6249.679000] [  WARN] Idle Task: bl616_pmtickless: --->>> [10]:On, [H]:3999, [15:mi_otn]
[22:09:41:874][ 6253.698000] [  WARN] Idle Task: bl616_pmtickless: <<<--- [R]:RTC, [R]:4008, [W]:6134, [L]:267
[22:09:41:890][ 6253.707000] [  WARN] mi_otn: [22:09:41.707 ] ot: up session[id=279969846] timeout
[22:09:41:906][ 6253.713000] [  WARN] mi_otn: [22:09:41.713 ] miio_info: no "result" in property_ack
[22:09:41:922][ 6253.720000] [  WARN] mi_otn: [22:09:41.720 ] miio_info: props send failed
[22:09:41:922][ 6253.729000] [  WARN] Idle Task: bl616_pmtickless: --->>> [10]:On, [H]:965, [15:mi_otn]
[22:09:42:905][ 6254.714000] [  WARN] Idle Task: bl616_pmtickless: <<<--- [R]:RTC, [R]:974, [W]:6134, [L]:267
[22:09:42:922][ 6254.725000] [  WARN] Idle Task: bl616_pmtickless: --->>> [10]:On, [H]:4537, [15:mi_otn]
[22:09:47:467][ 6259.282000] [  WARN] Idle Task: bl616_pmtickless: <<<--- [R]:RTC, [R]:4546, [W]:6139, [L]:267
[22:09:47:484][ 6259.298000] [  WARN] Idle Task: bl616_pmtickless: --->>> [10]:On, [H]:431, [15:mi_otn]
[22:09:47:933][ 6259.749000] [  WARN] Idle Task: bl616_pmtickless: <<<--- [R]:RTC, [R]:440, [W]:6139, [L]:267
[22:09:47:965][ 6259.769000] [  WARN] Idle Task: bl616_pmtickless: --->>> [10]:On, [H]:2695, [15:mi_otn]
[22:09:50:669][ 6262.484000] [  WARN] Idle Task: bl616_pmtickless: <<<--- [R]:RTC, [R]:2704, [W]:6141, [L]:267
[22:09:50:669][ 6262.496000] [  INFO] mi_otn: [22:09:50.496 ] ots: -->kplv sent.
[22:09:50:669][ 6262.502000] [  WARN] Idle Task: bl616_pmtickless: --->>> [10]:On, [H]:1268, [15:mi_otn]
[22:09:51:957][ 6263.790000] [  WARN] Idle Task: bl616_pmtickless: <<<--- [R]:RTC, [R]:1277, [W]:6142, [L]:267
[22:09:51:975][ 6263.799000] [  WARN] mi_otn: [22:09:51.798 ] ot: up session[id=279969846] timeout
[22:09:51:975][ 6263.804000] [  WARN] mi_otn: [22:09:51.804 ] miio_info: no "result" in property_ack
[22:09:51:989][ 6263.811000] [  WARN] mi_otn: [22:09:51.811 ] miio_info: props send failed
[22:09:52:005][ 6263.820000] [  WARN] Idle Task: bl616_pmtickless: --->>> [10]:On, [H]:959, [15:mi_otn]
[22:09:52:983][ 6264.799000] [  WARN] Idle Task: bl616_pmtickless: <<<--- [R]:RTC, [R]:968, [W]:6143, [L]:267
[22:09:52:999][ 6264.811000] [  WARN] Idle Task: bl616_pmtickless: --->>> [10]:On, [H]:4998, [15:mi_otn]
[22:09:58:015][ 6269.828000] [  WARN] Idle Task: bl616_pmtickless: <<<--- [R]:RTC, [R]:5007, [W]:6148, [L]:267
[22:09:58:031][ 6269.845000] [  WARN] Idle Task: bl616_pmtickless: --->>> [10]:On, [H]:730, [1107536064:]
[22:09:58:770][ 6270.594000] [  WARN] Idle Task: bl616_pmtickless: <<<--- [R]:RTC, [R]:739, [W]:6149, [L]:267
[22:09:58:786][ 6270.610000] [  WARN] Idle Task: bl616_pmtickless: --->>> [10]:On, [H]:3233, [15:mi_otn]
[22:10:02:026][ 6273.863000] [  WARN] Idle Task: bl616_pmtickless: <<<--- [R]:RTC, [R]:3242, [W]:6152, [L]:267
[22:10:02:051][ 6273.872000] [  WARN] mi_otn: [22:10:01.872 ] ot: up session[id=279969846] timeout
[22:10:02:051][ 6273.877000] [  WARN] mi_otn: [22:10:01.877 ] miio_info: no "result" in property_ack
[22:10:02:059][ 6273.884000] [  WARN] mi_otn: [22:10:01.884 ] miio_info: props send failed
[22:10:02:068][ 6273.894000] [  WARN] Idle Task: bl616_pmtickless: --->>> [10]:On, [H]:965, [15:mi_otn]
[22:10:03:048][ 6274.878000] [  WARN] Idle Task: bl616_pmtickless: <<<--- [R]:RTC, [R]:974, [W]:6153, [L]:267
[22:10:03:064][ 6274.890000] [  WARN] Idle Task: bl616_pmtickless: --->>> [10]:On, [H]:4998, [15:mi_otn]
[22:10:08:083][ 6279.908000] [  WARN] Idle Task: bl616_pmtickless: <<<--- [R]:RTC, [R]:5007, [W]:6158, [L]:267
[22:10:08:099][ 6279.924000] [  WARN] Idle Task: bl616_pmtickless: --->>> [10]:On, [H]:3999, [15:mi_otn]
[22:10:12:095][ 6283.943000] [  WARN] Idle Task: bl616_pmtickless: <<<--- [R]:RTC, [R]:4008, [W]:6162, [L]:268
[22:10:12:111][ 6283.952000] [  WARN] mi_otn: [22:10:11.952 ] ot: up session[id=279969846] timeout
[22:10:12:111][ 6283.957000] [  WARN] mi_otn: [22:10:11.957 ] miio_info: no "result" in property_ack
[22:10:12:127][ 6283.964000] [  WARN] mi_otn: [22:10:11.964 ] miio_info: props send failed
[22:10:12:145][ 6283.974000] [  WARN] Idle Task: bl616_pmtickless: --->>> [10]:On, [H]:964, [15:mi_otn]
[22:10:13:108][ 6284.957000] [  WARN] Idle Task: bl616_pmtickless: <<<--- [R]:RTC, [R]:973, [W]:6163, [L]:268
[22:10:13:140][ 6284.969000] [  WARN] Idle Task: bl616_pmtickless: --->>> [10]:On, [H]:2051, [0:]
[22:10:15:200][ 6287.039000] [  WARN] Idle Task: bl616_pmtickless: <<<--- [R]:RTC, [R]:2060, [W]:6165, [L]:268
[22:10:15:327][ 6287.157000] [  WARN] Idle Task: bl616_pmtickless: --->>> [10]:On, [H]:2344, [15:mi_otn]
[22:10:16:329][ 6288.160000] [  WARN] Idle Task: bl616_pmtickless: <<<--- [R]:WIFI, [R]:992, [W]:6166, [L]:268
[22:10:16:345][ 6288.176000] [NOTICE] ots_task: [22:10:16.176 ] ots: <--sync ack.
[22:10:16:345][ 6288.183000] [  WARN] mi_otn: [22:08:46.183 ] ot: up session[id=703856691] not found
[22:10:16:361][ 6288.194000] [  WARN] Idle Task: bl616_pmtickless: --->>> [10]:On, [H]:1773, [15:mi_otn]
[22:10:17:340][ 6289.185000] [  WARN] Idle Task: bl616_pmtickless: <<<--- [R]:WIFI, [R]:981, [W]:6167, [L]:268
[22:10:17:372][ 6289.213000] [  INFO] ots_task: [22:08:47.213 ] ots: <--kplv ack.
[22:10:17:376][ 6289.223000] [  INFO] ots_task: [22:08:47.223 ] ots: <--kplv ack.
[22:10:17:376][ 6289.231000] [  WARN] mi_otn: [22:08:47.231 ] ot: up session[id=82182196] not found
[22:10:17:388][ 6289.236000] [  WARN] mi_otn: [22:08:47.236 ] ot: up session[id=1899888693] not found
[22:10:17:404][ 6289.244000] [  WARN] mi_otn: [22:08:47.244 ] ot: up session[id=279969846] not found
[22:10:17:406][ 6289.252000] [  WARN] mi_otn: [22:08:47.251 ] ot: up session[id=279969846] not found
[22:10:17:406][ 6289.259000] [  WARN] mi_otn: [22:08:47.259 ] ot: up session[id=279969846] not found
[22:10:17:425][ 6289.267000] [  WARN] mi_otn: [22:08:47.267 ] ot: up session[id=279969846] not found
[22:10:17:436][ 6289.274000] [  WARN] mi_otn: [22:08:47.274 ] ot: up session[id=279969846] not found
[22:10:17:436][ 6289.282000] [  WARN] mi_otn: [22:08:47.282 ] ot: up session[id=279969846] not found
[22:10:17:436][ 6289.290000] [  WARN] mi_otn: [22:08:47.290 ] ot: up session[id=279969846] not found
[22:10:17:468][ 6289.297000] [  WARN] mi_otn: [22:08:47.297 ] ot: up session[id=279969846] not found
[22:10:17:468][ 6289.307000] [  WARN] Idle Task: bl616_pmtickless: --->>> [10]:On, [H]:661, [15:mi_otn]
[22:10:18:143][ 6289.988000] [  WARN] Idle Task: bl616_pmtickless: <<<--- [R]:RTC, [R]:670, [W]:6167, [L]:268
[22:10:18:159][ 6290.006000] [  WARN] Idle Task: bl616_pmtickless: --->>> [10]:On, [H]:3996, [15:mi_otn]
[22:10:19:189][ 6291.033000] [  WARN] Idle Task: bl616_pmtickless: <<<--- [R]:WIFI, [R]:1016, [W]:6168, [L]:268
[22:10:19:205][ 6291.053000] [  INFO] mi_otn: [22:08:49.053 ] miio_info: 0 props left, 0 events left.
[22:10:19:221][ 6291.066000] [  WARN] Idle Task: bl616_pmtickless: --->>> [10]:On, [H]:90988, [15:mi_otn]
[22:10:21:234][ 6293.083000] [  WARN] Idle Task: bl616_pmtickless: <<<--- [R]:WIFI, [R]:2006, [W]:6170, [L]:268
[22:10:21:266][ 6293.115000] [  WARN] Idle Task: bl616_pmtickless: --->>> [10]:On, [H]:88939, [15:mi_otn]
[22:10:22:267][ 6294.110000] [  WARN] Idle Task: bl616_pmtickless: <<<--- [R]:WIFI, [R]:984, [W]:6171, [L]:268
[22:10:22:299][ 6294.143000] [  WARN] Idle Task: bl616_pmtickless: --->>> [10]:On, [H]:87911, [15:mi_otn]
[22:10:23:294][ 6295.135000] [  WARN] Idle Task: bl616_pmtickless: <<<--- [R]:WIFI, [R]:981, [W]:6172, [L]:268
[22:10:23:326][ 6295.169000] [  WARN] Idle Task: bl616_pmtickless: --->>> [10]:On, [H]:86885, [15:mi_otn]
[22:10:31:482][ 6303.329000] [  WARN] Idle Task: bl616_pmtickless: <<<--- [R]:WIFI, [R]:8150, [W]:6180, [L]:268
[22:10:31:514][ 6303.363000] [  WARN] Idle Task: bl616_pmtickless: --->>> [10]:On, [H]:78691, [15:mi_otn]
[22:11:25:548][ 6357.405000] [  WARN] Idle Task: bl616_pmtickless: <<<--- [R]:WIFI, [R]:54031, [W]:6233, [L]:269
[22:11:25:579][ 6357.441000] [  WARN] Idle Task: bl616_pmtickless: --->>> [10]:On, [H]:24613, [15:mi_otn]
[22:11:50:192][ 6382.073000] [  WARN] Idle Task: bl616_pmtickless: <<<--- [R]:RTC, [R]:24622, [W]:6257, [L]:269
[22:11:50:226][ 6382.086000] [  INFO] mi_otn: [22:10:20.086 ] ots: -->kplv sent.
[22:11:50:226][ 6382.092000] [  WARN] Idle Task: bl616_pmtickless: --->>> [10]:On, [H]:21255, [0:]
[22:11:51:142][ 6383.012000] [  WARN] Idle Task: bl616_pmtickless: <<<--- [R]:WIFI, [R]:910, [W]:6258, [L]:269
[22:11:51:158][ 6383.029000] [  INFO] ots_task: [22:10:21.029 ] ots: <--kplv ack.
[22:11:51:174][ 6383.046000] [  WARN] Idle Task: bl616_pmtickless: --->>> [10]:On, [H]:90989, [15:mi_otn]
[22:12:26:781][ 6418.652000] [  WARN] Idle Task: bl616_pmtickless: <<<--- [R]:WIFI, [R]:35595, [W]:6294, [L]:275
[22:12:26:813][ 6418.686000] [  WARN] Idle Task: bl616_pmtickless: --->>> [10]:On, [H]:55349, [15:mi_otn]
[22:12:45:004][ 6436.885000] [  WARN] Idle Task: bl616_pmtickless: <<<--- [R]:WIFI, [R]:18188, [W]:6312, [L]:276
[22:12:45:036][ 6436.919000] [  WARN] Idle Task: bl616_pmtickless: --->>> [10]:On, [H]:37116, [15:mi_otn]
[22:13:22:180][ 6474.055000] [  WARN] Idle Task: bl616_pmtickless: <<<--- [R]:RTC, [R]:37125, [W]:6349, [L]:280
[22:13:22:180][ 6474.068000] [  INFO] mi_otn: [22:11:52.068 ] ots: -->kplv sent.
[22:13:22:196][ 6474.074000] [  WARN] Idle Task: bl616_pmtickless: --->>> [10]:On, [H]:23993, [1107536064:]
[22:13:23:100][ 6474.986000] [  WARN] Idle Task: bl616_pmtickless: <<<--- [R]:WIFI, [R]:901, [W]:6350, [L]:280
[22:13:23:116][ 6475.002000] [  INFO] ots_task: [22:11:53.002 ] ots: <--kplv ack.
[22:13:23:132][ 6475.019000] [  WARN] Idle Task: bl616_pmtickless: --->>> [10]:On, [H]:28829, [19:netMonitorTask]
[22:13:35:179][ 6487.073000] [  WARN] Idle Task: bl616_pmtickless: <<<--- [R]:WIFI, [R]:12042, [W]:6362, [L]:281
[22:13:35:211][ 6487.105000] [  WARN] Idle Task: bl616_pmtickless: --->>> [10]:On, [H]:16743, [19:netMonitorTask]
[22:13:36:209][ 6488.099000] [  WARN] Idle Task: bl616_pmtickless: <<<--- [R]:WIFI, [R]:982, [W]:6363, [L]:281
[22:13:36:245][ 6488.128000] [  WARN] Idle Task: bl616_pmtickless: --->>> [10]:On, [H]:15720, [19:netMonitorTask]
[22:13:39:299][ 6491.173000] [  WARN] Idle Task: bl616_pmtickless: <<<--- [R]:WIFI, [R]:3034, [W]:6366, [L]:281
[22:13:39:331][ 6491.206000] [  WARN] Idle Task: bl616_pmtickless: --->>> [10]:On, [H]:12642, [19:netMonitorTask]
[22:13:42:347][ 6494.247000] [  WARN] Idle Task: bl616_pmtickless: <<<--- [R]:WIFI, [R]:3029, [W]:6369, [L]:281
[22:13:42:378][ 6494.277000] [  WARN] Idle Task: bl616_pmtickless: --->>> [10]:On, [H]:9571, [19:netMonitorTask]
[22:13:51:970][ 6503.869000] [  WARN] Idle Task: bl616_pmtickless: <<<--- [R]:RTC, [R]:9580, [W]:6378, [L]:281
[22:13:51:982][ 6503.880000] [  INFO] netMonitorTask: [22:12:21.880 ] miio_monitor: work time = 6503s, memory left = 111496
[22:13:51:987][ 6503.890000] [  WARN] Idle Task: bl616_pmtickless: --->>> [10]:On, [H]:62118, [15:mi_otn]
[22:14:26:389][ 6538.289000] [  WARN] Idle Task: bl616_pmtickless: <<<--- [R]:WIFI, [R]:34388, [W]:6412, [L]:281
[22:14:26:421][ 6538.320000] [  WARN] Idle Task: bl616_pmtickless: --->>> [10]:On, [H]:27688, [15:mi_otn]
[22:14:49:931][ 6561.844000] [  WARN] Idle Task: bl616_pmtickless: <<<--- [R]:WIFI, [R]:23513, [W]:6435, [L]:281
[22:14:49:963][ 6561.876000] [  WARN] Idle Task: bl616_pmtickless: --->>> [10]:On, [H]:4132, [15:mi_otn]
[22:14:54:106][ 6566.028000] [  WARN] Idle Task: bl616_pmtickless: <<<--- [R]:RTC, [R]:4141, [W]:6439, [L]:281
[22:14:54:137][ 6566.040000] [  INFO] mi_otn: [22:13:24.040 ] ots: -->kplv sent.
[22:14:54:137][ 6566.047000] [  WARN] Idle Task: bl616_pmtickless: --->>> [10]:On, [H]:23992, [1107536064:]
[22:14:55:164][ 6567.071000] [  WARN] Idle Task: bl616_pmtickless: <<<--- [R]:WIFI, [R]:1013, [W]:6440, [L]:281
[22:14:55:182][ 6567.090000] [  INFO] ots_task: [22:13:25.090 ] ots: <--kplv ack.
[22:14:55:196][ 6567.106000] [  WARN] Idle Task: bl616_pmtickless: --->>> [10]:On, [H]:90989, [15:mi_otn]
[22:15:26:900][ 6598.820000] [  WARN] Idle Task: bl616_pmtickless: <<<--- [R]:WIFI, [R]:31704, [W]:6471, [L]:281
[22:15:26:932][ 6598.853000] [  WARN] Idle Task: bl616_pmtickless: --->>> [10]:On, [H]:59242, [15:mi_otn]
[22:16:26:195][ 6658.115000] [  WARN] Idle Task: bl616_pmtickless: <<<--- [R]:RTC, [R]:59251, [W]:6528, [L]:281
[22:16:26:195][ 6658.128000] [  INFO] mi_otn: [22:14:56.127 ] ots: -->kplv sent.
[22:16:26:211][ 6658.133000] [  WARN] Idle Task: bl616_pmtickless: --->>> [10]:On, [H]:8952, [0:]
[22:16:27:315][ 6659.248000] [  WARN] Idle Task: bl616_pmtickless: <<<--- [R]:WIFI, [R]:1105, [W]:6530, [L]:281
[22:16:27:363][ 6659.285000] [  WARN] Idle Task: bl616_pmtickless: --->>> [10]:On, [H]:7800, [0:]
[22:16:35:172][ 6667.104000] [  WARN] Idle Task: bl616_pmtickless: <<<--- [R]:RTC, [R]:7809, [W]:6537, [L]:281
[22:16:35:301][ 6667.225000] [ ERROR] lpwork: wlan_sta_probe_status_work: ERROR: arp probe failed
[22:16:35:301][ 6667.232000] [  WARN] Idle Task: bl616_pmtickless: --->>> [10]:On, [H]:14894, [1107536064:]
[22:16:36:237][ 6668.165000] [  WARN] Idle Task: bl616_pmtickless: <<<--- [R]:WIFI, [R]:921, [W]:6538, [L]:281
[22:16:36:269][ 6668.199000] [  WARN] Idle Task: bl616_pmtickless: --->>> [10]:On, [H]:13927, [1107536064:]
[22:16:50:212][ 6682.146000] [  WARN] Idle Task: bl616_pmtickless: <<<--- [R]:RTC, [R]:13936, [W]:6551, [L]:281
[22:16:50:228][ 6682.160000] [  WARN] Idle Task: bl616_pmtickless: --->>> [10]:On, [H]:2979, [15:mi_otn]
[22:16:50:561][ 6682.503000] [  WARN] Idle Task: bl616_pmtickless: <<<--- [R]:WIFI, [R]:333, [W]:6552, [L]:281
[22:16:50:577][ 6682.521000] [  INFO] ots_task: [22:15:20.521 ] ots: <--kplv ack.
[22:16:50:609][ 6682.542000] [  WARN] Idle Task: bl616_pmtickless: --->>> [10]:On, [H]:90984, [15:mi_otn]
[22:16:52:626][ 6684.555000] [  WARN] Idle Task: bl616_pmtickless: <<<--- [R]:WIFI, [R]:2003, [W]:6554, [L]:281
[22:16:52:658][ 6684.591000] [  WARN] Idle Task: bl616_pmtickless: --->>> [10]:On, [H]:88935, [15:mi_otn]
[22:16:55:697][ 6687.629000] [  WARN] Idle Task: bl616_pmtickless: <<<--- [R]:WIFI, [R]:3028, [W]:6557, [L]:281
[22:16:55:726][ 6687.661000] [  WARN] Idle Task: bl616_pmtickless: --->>> [10]:On, [H]:85865, [15:mi_otn]
[22:16:57:539][ 6689.475000] [  WARN] Idle Task: bl616_pmtickless: <<<--- [R]:WIFI, [R]:1803, [W]:6559, [L]:282
[22:16:57:571][ 6689.511000] [  WARN] Idle Task: bl616_pmtickless: --->>> [10]:On, [H]:84015, [15:mi_otn]
[22:16:59:571][ 6691.522000] [  WARN] Idle Task: bl616_pmtickless: <<<--- [R]:WIFI, [R]:2000, [W]:6561, [L]:282
[22:16:59:603][ 6691.555000] [  WARN] Idle Task: bl616_pmtickless: --->>> [10]:On, [H]:81971, [15:mi_otn]
[22:17:02:645][ 6694.597000] [  WARN] Idle Task: bl616_pmtickless: <<<--- [R]:WIFI, [R]:3031, [W]:6564, [L]:282
[22:17:02:693][ 6694.633000] [  WARN] Idle Task: bl616_pmtickless: --->>> [10]:On, [H]:78893, [15:mi_otn]
[22:17:07:772][ 6699.721000] [  WARN] Idle Task: bl616_pmtickless: <<<--- [R]:WIFI, [R]:5077, [W]:6569, [L]:282
[22:17:07:804][ 6699.755000] [  WARN] Idle Task: bl616_pmtickless: --->>> [10]:On, [H]:73771, [15:mi_otn]
[22:17:12:887][ 6704.843000] [  WARN] Idle Task: bl616_pmtickless: <<<--- [R]:WIFI, [R]:5077, [W]:6574, [L]:282
[22:17:12:919][ 6704.875000] [  WARN] Idle Task: bl616_pmtickless: --->>> [10]:On, [H]:68651, [15:mi_otn]
[22:17:20:060][ 6712.012000] [  WARN] Idle Task: bl616_pmtickless: <<<--- [R]:WIFI, [R]:7126, [W]:6581, [L]:282
[22:17:20:089][ 6712.050000] [  WARN] Idle Task: bl616_pmtickless: --->>> [10]:On, [H]:61476, [15:mi_otn]
[22:17:31:326][ 6723.279000] [  WARN] Idle Task: bl616_pmtickless: <<<--- [R]:WIFI, [R]:11218, [W]:6592, [L]:282
[22:17:31:358][ 6723.316000] [  WARN] Idle Task: bl616_pmtickless: --->>> [10]:On, [H]:50210, [15:mi_otn]
[22:17:51:808][ 6743.766000] [  WARN] Idle Task: bl616_pmtickless: <<<--- [R]:WIFI, [R]:20439, [W]:6612, [L]:282
[22:17:51:840][ 6743.802000] [  WARN] Idle Task: bl616_pmtickless: --->>> [10]:On, [H]:29724, [15:mi_otn]
[22:18:21:584][ 6773.546000] [  WARN] Idle Task: bl616_pmtickless: <<<--- [R]:RTC, [R]:29733, [W]:6641, [L]:282
[22:18:21:584][ 6773.559000] [  INFO] mi_otn: [22:16:51.558 ] ots: -->kplv sent.
[22:18:21:601][ 6773.564000] [  WARN] Idle Task: bl616_pmtickless: --->>> [10]:On, [H]:23993, [1107536064:]
[22:18:27:646][ 6779.614000] [  WARN] Idle Task: bl616_pmtickless: <<<--- [R]:WIFI, [R]:6039, [W]:6647, [L]:282
[22:18:27:678][ 6779.650000] [  WARN] Idle Task: bl616_pmtickless: --->>> [10]:On, [H]:17907, [1107536064:]
[22:18:35:634][ 6787.604000] [  WARN] Idle Task: bl616_pmtickless: <<<--- [R]:WIFI, [R]:7943, [W]:6655, [L]:283
[22:18:35:666][ 6787.640000] [  WARN] Idle Task: bl616_pmtickless: --->>> [10]:On, [H]:9917, [1107536064:]
[22:18:36:663][ 6788.630000] [  WARN] Idle Task: bl616_pmtickless: <<<--- [R]:WIFI, [R]:979, [W]:6656, [L]:283
[22:18:36:679][ 6788.658000] [  WARN] Idle Task: bl616_pmtickless: --->>> [10]:On, [H]:8899, [1107536064:]
[22:18:39:731][ 6791.704000] [  WARN] Idle Task: bl616_pmtickless: <<<--- [R]:WIFI, [R]:3035, [W]:6659, [L]:283
[22:18:39:763][ 6791.732000] [  WARN] Idle Task: bl616_pmtickless: --->>> [10]:On, [H]:5825, [1107536064:]
[22:18:43:822][ 6795.802000] [  WARN] Idle Task: bl616_pmtickless: <<<--- [R]:WIFI, [R]:4059, [W]:6663, [L]:283
[22:18:43:854][ 6795.830000] [  WARN] Idle Task: bl616_pmtickless: --->>> [10]:On, [H]:1727, [1107536064:]
[22:18:45:601][ 6797.577000] [  WARN] Idle Task: bl616_pmtickless: <<<--- [R]:RTC, [R]:1736, [W]:6664, [L]:283
[22:18:45:617][ 6797.591000] [  WARN] Idle Task: bl616_pmtickless: --->>> [10]:On, [H]:2979, [15:mi_otn]
[22:18:48:612][ 6800.590000] [  WARN] Idle Task: bl616_pmtickless: <<<--- [R]:RTC, [R]:2988, [W]:6667, [L]:283
[22:18:48:612][ 6800.602000] [  INFO] mi_otn: [22:17:18.602 ] ots: -->kplv sent.
[22:18:48:632][ 6800.608000] [  WARN] Idle Task: bl616_pmtickless: --->>> [10]:On, [H]:3280, [19:netMonitorTask]
[22:18:51:907][ 6803.908000] [  WARN] Idle Task: bl616_pmtickless: <<<--- [R]:RTC, [R]:3289, [W]:6670, [L]:283
[22:18:51:923][ 6803.920000] [  INFO] netMonitorTask: [22:17:21.919 ] miio_monitor: work time = 6803s, memory left = 111496
[22:18:51:939][ 6803.929000] [  WARN] Idle Task: bl616_pmtickless: --->>> [10]:On, [H]:17658, [1107536064:]
[22:19:09:616][ 6821.607000] [  WARN] Idle Task: bl616_pmtickless: <<<--- [R]:RTC, [R]:17667, [W]:6688, [L]:283
[22:19:09:632][ 6821.623000] [  WARN] Idle Task: bl616_pmtickless: --->>> [10]:On, [H]:5992, [15:mi_otn]
[22:19:15:639][ 6827.634000] [  WARN] Idle Task: bl616_pmtickless: <<<--- [R]:RTC, [R]:6001, [W]:6694, [L]:283
[22:19:15:639][ 6827.646000] [  INFO] mi_otn: [22:17:45.646 ] ots: -->kplv sent.
[22:19:15:656][ 6827.652000] [  WARN] Idle Task: bl616_pmtickless: --->>> [10]:On, [H]:17966, [1107536064:]
[22:19:33:649][ 6845.638000] [  WARN] Idle Task: bl616_pmtickless: <<<--- [R]:RTC, [R]:17975, [W]:6711, [L]:283
[22:19:33:665][ 6845.653000] [  WARN] Idle Task: bl616_pmtickless: --->>> [10]:On, [H]:9005, [15:mi_otn]
[22:19:35:015][ 6847.019000] [  WARN] Idle Task: bl616_pmtickless: <<<--- [R]:WIFI, [R]:1355, [W]:6713, [L]:283
[22:19:35:064][ 6847.054000] [  WARN] Idle Task: bl616_pmtickless: --->>> [10]:On, [H]:7604, [15:mi_otn]
[22:19:42:680][ 6854.677000] [  WARN] Idle Task: bl616_pmtickless: <<<--- [R]:RTC, [R]:7613, [W]:6720, [L]:283
[22:19:42:700][ 6854.689000] [  INFO] mi_otn: [22:18:12.689 ] ots: -->kplv sent.
[22:19:42:700][ 6854.695000] [  WARN] Idle Task: bl616_pmtickless: --->>> [10]:On, [H]:4611, [15:mi_otn]
[22:19:47:328][ 6859.326000] [  WARN] Idle Task: bl616_pmtickless: <<<--- [R]:RTC, [R]:4620, [W]:6725, [L]:283
[22:19:47:344][ 6859.342000] [  WARN] Idle Task: bl616_pmtickless: --->>> [10]:On, [H]:10306, [1107536064:]
[22:19:57:658][ 6869.668000] [  WARN] Idle Task: bl616_pmtickless: <<<--- [R]:RTC, [R]:10315, [W]:6735, [L]:283
[22:19:57:674][ 6869.682000] [  WARN] Idle Task: bl616_pmtickless: --->>> [10]:On, [H]:12017, [15:mi_otn]
[22:20:09:710][ 6881.719000] [  WARN] Idle Task: bl616_pmtickless: <<<--- [R]:RTC, [R]:12026, [W]:6746, [L]:283
[22:20:09:710][ 6881.732000] [  INFO] mi_otn: [22:18:39.732 ] ots: -->kplv sent.
[22:20:09:729][ 6881.738000] [  WARN] Idle Task: bl616_pmtickless: --->>> [10]:On, [H]:11940, [1107536064:]
[22:20:21:680][ 6893.698000] [  WARN] Idle Task: bl616_pmtickless: <<<--- [R]:RTC, [R]:11949, [W]:6758, [L]:283
[22:20:21:694][ 6893.712000] [  WARN] Idle Task: bl616_pmtickless: --->>> [10]:On, [H]:15031, [15:mi_otn]
[22:20:36:755][ 6908.763000] [  WARN] Idle Task: bl616_pmtickless: <<<--- [R]:RTC, [R]:15040, [W]:6773, [L]:283
[22:20:36:755][ 6908.776000] [  INFO] mi_otn: [22:19:06.776 ] ots: -->kplv sent.
[22:20:36:771][ 6908.782000] [  WARN] Idle Task: bl616_pmtickless: --->>> [10]:On, [H]:8926, [1107536064:]
[22:20:45:716][ 6917.728000] [  WARN] Idle Task: bl616_pmtickless: <<<--- [R]:RTC, [R]:8935, [W]:6782, [L]:283
[22:20:45:716][ 6917.742000] [  WARN] Idle Task: bl616_pmtickless: --->>> [10]:On, [H]:18045, [15:mi_otn]
[22:21:03:786][ 6935.807000] [  WARN] Idle Task: bl616_pmtickless: <<<--- [R]:RTC, [R]:18054, [W]:6799, [L]:283
[22:21:03:802][ 6935.820000] [  INFO] mi_otn: [22:19:33.819 ] ots: -->kplv sent.
[22:21:03:802][ 6935.828000] [  WARN] Idle Task: bl616_pmtickless: --->>> [10]:On, [H]:5910, [1107536064:]
[22:21:09:728][ 6941.758000] [  WARN] Idle Task: bl616_pmtickless: <<<--- [R]:RTC, [R]:5919, [W]:6805, [L]:283
[22:21:09:744][ 6941.776000] [  WARN] Idle Task: bl616_pmtickless: --->>> [10]:On, [H]:5268, [0:]
[22:21:15:038][ 6947.063000] [  WARN] Idle Task: bl616_pmtickless: <<<--- [R]:RTC, [R]:5277, [W]:6810, [L]:283
[22:21:15:086][ 6947.119000] [  WARN] Idle Task: bl616_pmtickless: --->>> [10]:On, [H]:15712, [15:mi_otn]
[22:21:30:802][ 6962.851000] [  WARN] Idle Task: bl616_pmtickless: <<<--- [R]:RTC, [R]:15721, [W]:6825, [L]:284
[22:21:30:818][ 6962.863000] [  INFO] mi_otn: [22:20:00.863 ] ots: -->kplv sent.
[22:21:30:834][ 6962.869000] [  WARN] Idle Task: bl616_pmtickless: --->>> [10]:On, [H]:2899, [1107536064:]
[22:21:31:871][ 6963.898000] [  WARN] Idle Task: bl616_pmtickless: <<<--- [R]:WIFI, [R]:1018, [W]:6826, [L]:284
[22:21:31:886][ 6963.926000] [  WARN] Idle Task: bl616_pmtickless: --->>> [10]:On, [H]:1842, [1107536064:]
[22:21:33:749][ 6965.788000] [  WARN] Idle Task: bl616_pmtickless: <<<--- [R]:RTC, [R]:1851, [W]:6827, [L]:284
[22:21:33:765][ 6965.802000] [  WARN] Idle Task: bl616_pmtickless: --->>> [10]:On, [H]:23996, [1107536064:]
[22:21:33:910][ 6965.947000] [  WARN] Idle Task: bl616_pmtickless: <<<--- [R]:WIFI, [R]:134, [W]:6828, [L]:284
[22:21:33:942][ 6965.983000] [  WARN] Idle Task: bl616_pmtickless: --->>> [10]:On, [H]:23815, [1107536064:]
[22:21:35:966][ 6968.000000] [  WARN] Idle Task: bl616_pmtickless: <<<--- [R]:WIFI, [R]:2006, [W]:6830, [L]:284
[22:21:35:998][ 6968.031000] [  WARN] Idle Task: bl616_pmtickless: --->>> [10]:On, [H]:21767, [1107536064:]
[22:21:41:075][ 6973.122000] [  WARN] Idle Task: bl616_pmtickless: <<<--- [R]:WIFI, [R]:5079, [W]:6835, [L]:284
[22:21:41:108][ 6973.149000] [  WARN] Idle Task: bl616_pmtickless: --->>> [10]:On, [H]:16649, [1107536064:]
[22:21:57:765][ 6989.818000] [  WARN] Idle Task: bl616_pmtickless: <<<--- [R]:RTC, [R]:16658, [W]:6851, [L]:284
[22:21:57:765][ 6989.830000] [ ERROR] ots_task: [22:20:27.830 ] tls: mbedtls_ssl_read returned -0x4c
[22:21:57:782][ 6989.837000] [  WARN] mi_otn: [22:20:27.837 ] ots: ots reconnect will start in 8845 ms...
[22:21:57:782][ 6989.844000] [  INFO] mi_otn: [22:20:27.844 ] miio_instance:  miio_offline_hook_default called
[22:21:57:798][ 6989.854000] [  INFO] mi_otn: [22:20:27.854 ] arch_wifi: set powersave off ok!
[22:21:57:798][ 6989.859000] [  INFO] mi_otn: [22:20:27.859 ] arch_pm: pm_mode switch to 1 succeed!
[22:21:57:814][ 6989.867000] [  INFO] mi_otn: [22:20:27.867 ] miio_pm: lock_status: 1, lock[0]
[22:21:57:814][ 6989.874000] [  INFO] mi_otn: [22:20:27.874 ] miio_net: miio monitor switch to high power!
[22:21:57:831][ 6989.882000] [  INFO] mi_otn: [22:20:27.882 ] miio_pm: lock_status: 3, lock[1]
[22:21:57:831][ 6989.889000] [  INFO] mi_otn: [22:20:27.889 ] miio_pm_uart: Command Recv Timeout: 10000
[22:21:57:845][ 6989.897000] [  INFO] mi_otn: [22:20:27.897 ] miio_pm_instance: disable uart sleep.
[22:21:57:845][ 6989.905000] [  INFO] mi_otn: [22:20:27.905 ] miio_net_analyse: enable the miio offline detect feature 
[22:21:57:861][ 6989.915000] [  WARN] mi_otn: [22:20:27.915 ] miio_client_func: Got offline msg.
[22:21:57:861][ 6989.924000] [  INFO] ots_task: [22:20:27.924 ] ots: closed.
[22:21:57:877][ 6989.927000] [  INFO] netMonitorTask: [22:20:27.927 ] miio_net: task_monitor exit powersave!
[22:21:57:877][ 6989.937000] [  INFO] netMonitorTask: [22:20:27.937 ] miio_monitor: work time = 6989s, memory left = 125704
[22:21:57:893][ 6989.945000] [  INFO] netMonitorTask: [22:20:27.945 ] miio_net_analyse: recording the miio offline begin 
[22:21:57:893][ 6989.954000] [  INFO] netMonitorTask: [22:20:27.954 ] miio_net_analyse: recording the miio offline start timestamp=1775226027
[22:21:57:925][ 6989.981000] [NOTICE] netMonitorTask: [22:20:27.981 ] miio_ot: miio_ntp got address=202.69.4.7::8053[ot.io.mi.com]
[22:21:57:941][ 6989.992000] [NOTICE] mi_otn: [22:20:27.992 ] miio_ot: otn_ntp 202.69.4.7::8053 ...
[22:21:58:118][ 6990.165000] [NOTICE] mi_otn: [22:20:28.165 ] miio_ot: otn_ntp 202.69.4.7::8053 elapsed 173ms
[22:22:04:118][ 6996.179000] [  WARN] netMonitorTask: [22:22:04.179 ] miio_net_analyse: offline reason 30 OT is nok 
[22:22:04:118]
[22:22:04:136][ 6996.186000] [  INFO] netMonitorTask: [22:22:04.186 ] miio_net_analyse: recording the miio offline done 
[22:22:04:136][ 6996.195000] [  INFO] netMonitorTask: [22:22:04.195 ] miio_net_analyse: dump miio offline info : start_time 1775226027, reason 30, dev_ip 192.168.3.66, gateway 192.168.3.1, rssi -32 
[22:22:04:159][ 6996.211000] [  INFO] netMonitorTask: [22:22:04.211 ] miio_net_analyse: _miio_offline_info_store
[22:22:04:181][ 6996.220000] [  INFO] netMonitorTask: [22:22:04.220 ] miio_net_analyse: info store in psm 
[22:22:04:277][ 6996.341000] [NOTICE] netMonitorTask: [22:22:04.341 ] miio_ot: miio_ntp got address=202.69.4.7::8053[ot.io.mi.com]
[22:22:04:309][ 6996.350000] [NOTICE] mi_otn: [22:22:04.350 ] miio_ot: otn_ntp 202.69.4.7::8053 ...
[22:22:04:357][ 6996.396000] [NOTICE] mi_otn: [22:22:04.396 ] miio_ot: otn_ntp 202.69.4.7::8053 elapsed 46ms
[22:22:06:630][ 6998.691000] [  INFO] mi_otn: [22:22:06.691 ] ots: try to connect backlist[0] = 202.69.4.3::443
[22:22:06:646][ 6998.698000] [NOTICE] ots_task: [22:22:06.697 ] ots: ots connect 202.69.4.3::443...
[22:22:06:646][ 6998.706000] [NOTICE] ots_task: [22:22:06.706 ] tls: opening
[22:22:06:678][ 6998.715000] [NOTICE] ots_task: [22:22:06.715 ] tls: connect to server Mijia Cloud, domain is 202.69.4.3, port is 443.
[22:22:06:711][ 6998.766000] [NOTICE] ots_task: [22:22:06.765 ] tls: Socket Connected.
[22:22:10:459][ 7002.512000] [NOTICE] ots_task: [22:22:10.512 ] tls: handshake ok! Protocol is TLSv1.2, Ciphersuite is TLS-PSK-WITH-AES-128-GCM-SHA256.
[22:22:10:459][ 7002.522000] [NOTICE] ots_task: [22:22:10.522 ] ots: Connected.
[22:22:10:490][ 7002.528000] [  INFO] ots_task: [22:22:10.528 ] miio_net: miio_net_provision_stat_hook called
[22:22:10:490][ 7002.539000] [NOTICE] mi_otn: [22:22:10.539 ] ots: -->sync sent.
[22:22:10:586][ 7002.647000] [NOTICE] mi_otn: [22:22:10.647 ] ots: -->login sent.
[22:22:10:602][ 7002.651000] [  INFO] mi_otn: [22:22:10.651 ] miio_net: miio_net_provision_stat_hook called
[22:22:12:360][ 7004.400000] [NOTICE] ots_task: [22:22:12.400 ] ots: <--sync ack.
[22:22:12:376][ 7004.434000] [NOTICE] ots_task: [22:22:12.434 ] ots: <--login ack, code=0.
[22:22:12:392][ 7004.440000] [NOTICE] mi_otn: [22:22:12.440 ] miio_ot: info(ots) will start in 10992 ms...
[22:22:12:407][ 7004.447000] [  INFO] mi_otn: [22:22:12.447 ] miio_instance: miio_online_hook_default called
[22:22:12:425][ 7004.465000] [  INFO] mi_otn: [22:22:12.465 ] miio_net_analyse: reporting the miio offline information 
[22:22:12:431][ 7004.481000] [  INFO] mi_otn: [22:22:12.481 ] miio_net_analyse: miio_online_stats_gather 
[22:22:12:439][ 7004.487000] [  INFO] mi_otn: [22:22:12.487 ] miio_net_analyse: prepare online event information ip=192.168.3.66, gw=192.168.3.1, netmask=255.255.255.0, rssi=-34
[22:22:12:455][ 7004.511000] [  INFO] mi_otn: [22:22:12.511 ] miio_pm: pm_config: 1
[22:22:12:455][ 7004.515000] [  INFO] mi_otn: [22:22:12.515 ] miio_net: miio monitor switch to low power!
[22:22:12:471][ 7004.523000] [  INFO] mi_otn: [22:22:12.523 ] miio_pm: lock_status: 2, unlock[0]
[22:22:12:471][ 7004.530000] [  INFO] mi_otn: [22:22:12.530 ] miio_info: 2 props left, 0 events left.
[22:22:12:487][ 7004.538000] [  INFO] mi_otn: [22:22:12.538 ] miio_info: some props/events has not been sent, the switch will be excuted later..
[22:22:12:505][ 7004.551000] [  INFO] mi_otn: [22:22:12.551 ] arch_wifi: set powersave on ok!
[22:22:12:505][ 7004.557000] [  INFO] mi_otn: [22:22:12.556 ] arch_pm: pm_mode switch to 0 succeed!
[22:22:12:505][ 7004.564000] [  INFO] mi_otn: [22:22:12.564 ] miio_pm: lock_status: 0, unlock[1]
[22:22:12:519][ 7004.571000] [  INFO] mi_otn: [22:22:12.571 ] miio_pm_uart: Command Recv Timeout: 1800000
[22:22:12:519][ 7004.579000] [  INFO] mi_otn: [22:22:12.579 ] miio_pm_instance: enable uart sleep.
[22:22:12:551][ 7004.587000] [  WARN] mi_otn: [22:22:12.587 ] miio_client_func: Got online msg.
[22:22:12:551][ 7004.601000] [  INFO] netMonitorTask: [22:22:12.601 ] miio_net: task_monitor enter powersave!
[22:22:12:551][ 7004.609000] [  INFO] netMonitorTask: [22:22:12.609 ] miio_monitor: work time = 7004s, memory left = 111312
[22:22:12:567][ 7004.619000] [  WARN] Idle Task: bl616_pmtickless: --->>> [10]:On, [H]:829, [15:mi_otn]
[22:22:13:404][ 7005.468000] [  WARN] Idle Task: bl616_pmtickless: <<<--- [R]:RTC, [R]:838, [W]:6851, [L]:284
[22:22:13:436][ 7005.478000] [  INFO] mi_otn: [22:22:13.477 ] miio_ot: -->pull ip list sent.
[22:22:13:451][ 7005.499000] [  INFO] mi_otn: [22:22:13.499 ] miio_instance: <--query upgrade ack.
[22:22:13:468][ 7005.509000] [  WARN] Idle Task: bl616_pmtickless: --->>> [10]:On, [H]:2983, [1107536064:]
[22:22:14:461][ 7006.509000] [  WARN] Idle Task: bl616_pmtickless: <<<--- [R]:WIFI, [R]:989, [W]:6852, [L]:284
[22:22:14:494][ 7006.536000] [  WARN] Idle Task: bl616_pmtickless: --->>> [10]:On, [H]:2912, [15:mi_otn]
[22:22:17:423][ 7009.468000] [  WARN] Idle Task: bl616_pmtickless: <<<--- [R]:RTC, [R]:2921, [W]:6854, [L]:284
[22:22:17:423][ 7009.486000] [  WARN] Idle Task: bl616_pmtickless: --->>> [10]:On, [H]:2995, [1107536064:]
[22:22:17:536][ 7009.587000] [  WARN] Idle Task: bl616_pmtickless: <<<--- [R]:WIFI, [R]:90, [W]:6855, [L]:284
[22:22:17:552][ 7009.604000] [  INFO] mi_otn: [22:22:17.604 ] miio_info: 0 props left, 0 events left.
[22:22:17:567][ 7009.614000] [  WARN] Idle Task: bl616_pmtickless: --->>> [10]:On, [H]:5826, [15:mi_otn]
[22:22:23:390][ 7015.460000] [  WARN] Idle Task: bl616_pmtickless: <<<--- [R]:RTC, [R]:5835, [W]:6860, [L]:284
[22:22:23:422][ 7015.472000] [  INFO] mi_otn: [22:22:23.472 ] miio_instance: miio_info_kvs_hook_default called
[22:22:23:422][ 7015.485000] [NOTICE] mi_otn: [22:22:23.485 ] miio_ot: up _otc.info:{"id":982188109,"method":"_otc.info","params":{"life":7015,"model":"xiaomi.dev.bl3","token":"06dd************************441a","ipflag":1,"fw_ver":"1.0.3","miio_ver":"0.1.0","hw_ver":"BL616-BL3","chip_ver":1,"mmfree":110096,"mac":"C4:93:BB:AD:C8:29","wifi_fw_ver":"WifiVer.N\/A","ap":{"ssid":"Xiaomi_be3600","bssid":"42:EE:97:F0:4C:60","rssi":-34,"primary":1},"netif":{"localIp":"192.168.3.66","mask":"255.255.255.0","gw":"192.168.3.1"},"uid":1205295674}}
[22:22:23:469][ 7015.528000] [  INFO] mi_otn: [22:22:23.528 ] miio_ot: -->info(ots).
[22:22:23:485][ 7015.540000] [  WARN] Idle Task: bl616_pmtickless: --->>> [10]:On, [H]:2997, [1107536064:]
[22:22:24:499][ 7016.554000] [  WARN] Idle Task: bl616_pmtickless: <<<--- [R]:WIFI, [R]:1003, [W]:6861, [L]:284
[22:22:24:515][ 7016.577000] [  INFO] mi_otn: [22:22:24.577 ] miio_ot: <--info ack(ots).
[22:22:24:531][ 7016.594000] [  WARN] Idle Task: bl616_pmtickless: --->>> [10]:On, [H]:2993, [1107536064:]
[22:22:25:526][ 7017.580000] [  WARN] Idle Task: bl616_pmtickless: <<<--- [R]:WIFI, [R]:975, [W]:6862, [L]:284
[22:22:25:557][ 7017.611000] [  WARN] Idle Task: bl616_pmtickless: --->>> [10]:On, [H]:2895, [15:mi_otn]
[22:22:28:458][ 7020.526000] [  WARN] Idle Task: bl616_pmtickless: <<<--- [R]:RTC, [R]:2904, [W]:6864, [L]:284
[22:22:28:474][ 7020.538000] [  WARN] Idle Task: bl616_pmtickless: --->>> [10]:On, [H]:4999, [15:mi_otn]
[22:22:33:493][ 7025.557000] [  WARN] Idle Task: bl616_pmtickless: <<<--- [R]:RTC, [R]:5008, [W]:6869, [L]:284
[22:22:33:509][ 7025.574000] [  WARN] Idle Task: bl616_pmtickless: --->>> [10]:On, [H]:2995, [1107536064:]
[22:22:33:719][ 7025.777000] [  WARN] Idle Task: bl616_pmtickless: <<<--- [R]:WIFI, [R]:192, [W]:6870, [L]:284
[22:22:33:734][ 7025.799000] [  INFO] mi_otn: [22:22:33.799 ] miio_info: 0 props left, 0 events left.
[22:22:33:750][ 7025.809000] [  WARN] Idle Task: bl616_pmtickless: --->>> [10]:On, [H]:38788, [15:mi_otn]
[22:23:12:542][ 7064.616000] [  WARN] Idle Task: bl616_pmtickless: <<<--- [R]:RTC, [R]:38797, [W]:6908, [L]:285
[22:23:12:558][ 7064.634000] [  WARN] Idle Task: bl616_pmtickless: --->>> [10]:On, [H]:52172, [15:mi_otn]
[22:23:29:824][ 7081.903000] [  WARN] Idle Task: bl616_pmtickless: <<<--- [R]:WIFI, [R]:17258, [W]:6925, [L]:285
[22:23:29:872][ 7081.943000] [  WARN] Idle Task: bl616_pmtickless: --->>> [10]:On, [H]:34863, [15:mi_otn]
[22:23:41:908][ 7093.992000] [  WARN] Idle Task: bl616_pmtickless: <<<--- [R]:WIFI, [R]:12038, [W]:6937, [L]:286
[22:23:41:941][ 7094.025000] [  WARN] Idle Task: bl616_pmtickless: --->>> [10]:On, [H]:22781, [15:mi_otn]
[22:24:04:728][ 7116.826000] [  WARN] Idle Task: bl616_pmtickless: <<<--- [R]:RTC, [R]:22790, [W]:6959, [L]:286
[22:24:04:760][ 7116.839000] [  INFO] mi_otn: [22:24:04.838 ] ots: -->kplv sent.
[22:24:04:760][ 7116.845000] [  WARN] Idle Task: bl616_pmtickless: --->>> [10]:On, [H]:2993, [1107536064:]
[22:24:05:468][ 7117.550000] [  WARN] Idle Task: bl616_pmtickless: <<<--- [R]:WIFI, [R]:695, [W]:6960, [L]:286
[22:24:05:484][ 7117.566000] [  INFO] ots_task: [22:24:05.566 ] ots: <--kplv ack.
[22:24:05:499][ 7117.581000] [  WARN] Idle Task: bl616_pmtickless: --->>> [10]:On, [H]:83034, [7:WPA]
[22:25:00:553][ 7172.649000] [  WARN] Idle Task: bl616_pmtickless: <<<--- [R]:WIFI, [R]:55058, [W]:7014, [L]:287
[22:25:00:584][ 7172.678000] [  WARN] Idle Task: bl616_pmtickless: --->>> [10]:On, [H]:27937, [7:WPA]
[22:25:28:530][ 7200.634000] [  WARN] Idle Task: bl616_pmtickless: <<<--- [R]:RTC, [R]:27946, [W]:7041, [L]:289
[22:25:28:546][ 7200.646000] [  WARN] Idle Task: bl616_pmtickless: --->>> [10]:On, [H]:7926, [15:mi_otn]
[22:25:36:489][ 7208.591000] [  WARN] Idle Task: bl616_pmtickless: <<<--- [R]:RTC, [R]:7935, [W]:7049, [L]:289
[22:25:36:489][ 7208.604000] [  INFO] mi_otn: [22:25:36.603 ] ots: -->kplv sent.
[22:25:36:505][ 7208.610000] [  WARN] Idle Task: bl616_pmtickless: --->>> [10]:On, [H]:2566, [20:mi_mcmd]
[22:25:37:004][ 7209.113000] [  WARN] Idle Task: bl616_pmtickless: <<<--- [R]:WIFI, [R]:492, [W]:7050, [L]:289
[22:25:37:036][ 7209.135000] [  INFO] ots_task: [22:25:37.135 ] ots: <--kplv ack.
[22:25:37:052][ 7209.150000] [  WARN] Idle Task: bl616_pmtickless: --->>> [10]:On, [H]:2026, [20:mi_mcmd]
[22:25:39:093][ 7211.196000] [  WARN] Idle Task: bl616_pmtickless: <<<--- [R]:RTC, [R]:2035, [W]:7052, [L]:289
[22:25:39:109][ 7211.209000] [  WARN] Idle Task: bl616_pmtickless: --->>> [10]:On, [H]:88932, [15:mi_otn]
[22:25:47:263][ 7219.360000] [  WARN] Idle Task: bl616_pmtickless: <<<--- [R]:WIFI, [R]:8140, [W]:7060, [L]:289
[22:25:47:294][ 7219.395000] [  WARN] Idle Task: bl616_pmtickless: --->>> [10]:On, [H]:80746, [15:mi_otn]
[22:26:30:868][ 7262.988000] [  WARN] Idle Task: bl616_pmtickless: <<<--- [R]:WIFI, [R]:43582, [W]:7103, [L]:291
[22:26:30:900][ 7263.018000] [  WARN] Idle Task: bl616_pmtickless: --->>> [10]:On, [H]:37123, [15:mi_otn]
[22:27:08:030][ 7300.161000] [  WARN] Idle Task: bl616_pmtickless: <<<--- [R]:RTC, [R]:37132, [W]:7140, [L]:294
[22:27:08:030][ 7300.174000] [  INFO] mi_otn: [22:27:08.173 ] ots: -->kplv sent.
[22:27:08:062][ 7300.179000] [  WARN] Idle Task: bl616_pmtickless: --->>> [10]:On, [H]:2994, [1107536064:]
[22:27:08:964][ 7301.090000] [  WARN] Idle Task: bl616_pmtickless: <<<--- [R]:WIFI, [R]:900, [W]:7141, [L]:294
[22:27:08:980][ 7301.109000] [  INFO] ots_task: [22:27:09.109 ] ots: <--kplv ack.
[22:27:09:012][ 7301.129000] [  WARN] Idle Task: bl616_pmtickless: --->>> [10]:On, [H]:3489, [19:netMonitorTask]
[22:27:12:498][ 7304.638000] [  WARN] Idle Task: bl616_pmtickless: <<<--- [R]:RTC, [R]:3498, [W]:7144, [L]:294
[22:27:12:514][ 7304.650000] [  INFO] netMonitorTask: [22:27:12.650 ] miio_monitor: work time = 7304s, memory left = 111496
[22:27:12:530][ 7304.659000] [  WARN] Idle Task: bl616_pmtickless: --->>> [10]:On, [H]:87455, [15:mi_otn]
[22:27:40:703][ 7332.840000] [  WARN] Idle Task: bl616_pmtickless: <<<--- [R]:WIFI, [R]:28170, [W]:7172, [L]:294
[22:27:40:755][ 7332.879000] [  WARN] Idle Task: bl616_pmtickless: --->>> [10]:On, [H]:59235, [15:mi_otn]
[22:28:30:883][ 7383.027000] [  WARN] Idle Task: bl616_pmtickless: <<<--- [R]:WIFI, [R]:50138, [W]:7221, [L]:294
[22:28:30:915][ 7383.058000] [  WARN] Idle Task: bl616_pmtickless: --->>> [10]:On, [H]:9056, [15:mi_otn]
[22:28:38:872][ 7391.017000] [  WARN] Idle Task: bl616_pmtickless: <<<--- [R]:WIFI, [R]:7948, [W]:7229, [L]:295
[22:28:38:904][ 7391.045000] [  WARN] Idle Task: bl616_pmtickless: --->>> [10]:On, [H]:1069, [15:mi_otn]
[22:28:39:898][ 7392.043000] [  WARN] Idle Task: bl616_pmtickless: <<<--- [R]:WIFI, [R]:988, [W]:7230, [L]:295
[22:28:39:930][ 7392.071000] [  WARN] Idle Task: bl616_pmtickless: --->>> [10]:On, [H]:43, [15:mi_otn]
[22:28:39:978][ 7392.133000] [  WARN] Idle Task: bl616_pmtickless: <<<--- [R]:RTC, [R]:52, [W]:7230, [L]:295
[22:28:39:978][ 7392.146000] [  INFO] mi_otn: [22:28:40.146 ] ots: -->kplv sent.
[22:28:40:010][ 7392.152000] [  WARN] Idle Task: bl616_pmtickless: --->>> [10]:On, [H]:2992, [1107536064:]
[22:28:40:927][ 7393.071000] [  WARN] Idle Task: bl616_pmtickless: <<<--- [R]:WIFI, [R]:908, [W]:7231, [L]:295
[22:28:40:943][ 7393.087000] [  INFO] ots_task: [22:28:41.087 ] ots: <--kplv ack.
[22:28:40:959][ 7393.098000] [  WARN] Idle Task: bl616_pmtickless: --->>> [10]:On, [H]:90994, [15:mi_otn]
[22:28:42:963][ 7395.118000] [  WARN] Idle Task: bl616_pmtickless: <<<--- [R]:WIFI, [R]:2009, [W]:7233, [L]:295
[22:28:43:012][ 7395.153000] [  WARN] Idle Task: bl616_pmtickless: --->>> [10]:On, [H]:88939, [15:mi_otn]
[22:28:47:063][ 7399.216000] [  WARN] Idle Task: bl616_pmtickless: <<<--- [R]:WIFI, [R]:4052, [W]:7237, [L]:295
[22:28:47:095][ 7399.250000] [  WARN] Idle Task: bl616_pmtickless: --->>> [10]:On, [H]:84842, [15:mi_otn]
[22:29:32:121][ 7444.282000] [  WARN] Idle Task: bl616_pmtickless: <<<--- [R]:WIFI, [R]:45021, [W]:7281, [L]:295
[22:29:32:153][ 7444.315000] [  WARN] Idle Task: bl616_pmtickless: --->>> [10]:On, [H]:39777, [15:mi_otn]
[22:29:47:476][ 7459.643000] [  WARN] Idle Task: bl616_pmtickless: <<<--- [R]:WIFI, [R]:15318, [W]:7296, [L]:295
[22:29:47:524][ 7459.683000] [  WARN] Idle Task: bl616_pmtickless: --->>> [10]:On, [H]:24409, [15:mi_otn]
[22:30:11:951][ 7484.112000] [  WARN] Idle Task: bl616_pmtickless: <<<--- [R]:RTC, [R]:24418, [W]:7319, [L]:295
[22:30:11:951][ 7484.124000] [  INFO] mi_otn: [22:30:12.124 ] ots: -->kplv sent.
[22:30:11:967][ 7484.130000] [  WARN] Idle Task: bl616_pmtickless: --->>> [10]:On, [H]:2993, [1107536064:]
[22:30:12:064][ 7484.229000] [  WARN] Idle Task: bl616_pmtickless: <<<--- [R]:WIFI, [R]:88, [W]:7320, [L]:295
[22:30:12:080][ 7484.249000] [  INFO] ots_task: [22:30:12.249 ] ots: <--kplv ack.
[22:30:12:096][ 7484.260000] [  WARN] Idle Task: bl616_pmtickless: --->>> [10]:On, [H]:90994, [15:mi_otn]
[22:31:02:229][ 7534.411000] [  WARN] Idle Task: bl616_pmtickless: <<<--- [R]:WIFI, [R]:50140, [W]:7369, [L]:295
[22:31:02:281][ 7534.445000] [  WARN] Idle Task: bl616_pmtickless: --->>> [10]:On, [H]:40809, [15:mi_otn]
[22:31:43:097][ 7575.274000] [  WARN] Idle Task: bl616_pmtickless: <<<--- [R]:RTC, [R]:40818, [W]:7408, [L]:295
[22:31:43:097][ 7575.287000] [  INFO] mi_otn: [22:31:43.287 ] ots: -->kplv sent.
[22:31:43:113][ 7575.293000] [  WARN] Idle Task: bl616_pmtickless: --->>> [10]:On, [H]:2993, [1107536064:]
[22:31:43:193][ 7575.381000] [  WARN] Idle Task: bl616_pmtickless: <<<--- [R]:WIFI, [R]:77, [W]:7409, [L]:295
[22:31:43:209][ 7575.397000] [  INFO] ots_task: [22:31:43.397 ] ots: <--kplv ack.
[22:31:43:225][ 7575.415000] [  WARN] Idle Task: bl616_pmtickless: --->>> [10]:On, [H]:29243, [19:netMonitorTask]
[22:31:55:483][ 7587.670000] [  WARN] Idle Task: bl616_pmtickless: <<<--- [R]:WIFI, [R]:12244, [W]:7421, [L]:295
[22:31:55:516][ 7587.700000] [  WARN] Idle Task: bl616_pmtickless: --->>> [10]:On, [H]:16958, [19:netMonitorTask]
[22:32:12:485][ 7604.679000] [  WARN] Idle Task: bl616_pmtickless: <<<--- [R]:RTC, [R]:16967, [W]:7437, [L]:295
[22:32:12:489][ 7604.690000] [  INFO] netMonitorTask: [22:32:12.690 ] miio_monitor: work time = 7604s, memory left = 111344
[22:32:12:501][ 7604.700000] [  WARN] Idle Task: bl616_pmtickless: --->>> [10]:On, [H]:59934, [15:mi_otn]
[22:32:29:273][ 7621.471000] [  WARN] Idle Task: bl616_pmtickless: <<<--- [R]:WIFI, [R]:16760, [W]:7454, [L]:295
[22:32:29:305][ 7621.507000] [  WARN] Idle Task: bl616_pmtickless: --->>> [10]:On, [H]:43127, [15:mi_otn]
[22:33:02:863][ 7655.065000] [  WARN] Idle Task: bl616_pmtickless: <<<--- [R]:WIFI, [R]:33547, [W]:7487, [L]:296
[22:33:02:895][ 7655.101000] [  WARN] Idle Task: bl616_pmtickless: --->>> [10]:On, [H]:9533, [15:mi_otn]
[22:33:12:451][ 7664.653000] [  WARN] Idle Task: bl616_pmtickless: <<<--- [R]:RTC, [R]:9542, [W]:7496, [L]:296
[22:33:12:467][ 7664.671000] [  WARN] Idle Task: bl616_pmtickless: --->>> [10]:On, [H]:1738, [15:mi_otn]
[22:33:14:225][ 7666.429000] [  WARN] Idle Task: bl616_pmtickless: <<<--- [R]:RTC, [R]:1747, [W]:7498, [L]:296
[22:33:14:241][ 7666.441000] [  INFO] mi_otn: [22:33:14.440 ] ots: -->kplv sent.
[22:33:14:241][ 7666.447000] [  WARN] Idle Task: bl616_pmtickless: --->>> [10]:On, [H]:2993, [1107536064:]
[22:33:15:145][ 7667.359000] [  WARN] Idle Task: bl616_pmtickless: <<<--- [R]:WIFI, [R]:902, [W]:7499, [L]:296
[22:33:15:161][ 7667.376000] [  INFO] ots_task: [22:33:15.375 ] ots: <--kplv ack.
[22:33:15:177][ 7667.388000] [  WARN] Idle Task: bl616_pmtickless: --->>> [10]:On, [H]:90993, [15:mi_otn]
[22:33:20:272][ 7672.483000] [  WARN] Idle Task: bl616_pmtickless: <<<--- [R]:WIFI, [R]:5084, [W]:7504, [L]:296
[22:33:20:299][ 7672.517000] [  WARN] Idle Task: bl616_pmtickless: --->>> [10]:On, [H]:85864, [15:mi_otn]
[22:33:55:087][ 7707.304000] [  WARN] Idle Task: bl616_pmtickless: <<<--- [R]:WIFI, [R]:34776, [W]:7538, [L]:296
[22:33:55:119][ 7707.342000] [  WARN] Idle Task: bl616_pmtickless: --->>> [10]:On, [H]:51039, [15:mi_otn]
[22:33:58:162][ 7710.378000] [  WARN] Idle Task: bl616_pmtickless: <<<--- [R]:WIFI, [R]:3025, [W]:7541, [L]:296
[22:33:58:194][ 7710.416000] [  WARN] Idle Task: bl616_pmtickless: --->>> [10]:On, [H]:47965, [15:mi_otn]
[22:34:03:283][ 7715.501000] [  WARN] Idle Task: bl616_pmtickless: <<<--- [R]:WIFI, [R]:5074, [W]:7546, [L]:296
[22:34:03:315][ 7715.540000] [  WARN] Idle Task: bl616_pmtickless: --->>> [10]:On, [H]:42841, [15:mi_otn]
[22:34:08:394][ 7720.623000] [  WARN] Idle Task: bl616_pmtickless: <<<--- [R]:WIFI, [R]:5072, [W]:7551, [L]:296
[22:34:08:441][ 7720.659000] [  WARN] Idle Task: bl616_pmtickless: --->>> [10]:On, [H]:37722, [15:mi_otn]
[22:34:16:588][ 7728.817000] [  WARN] Idle Task: bl616_pmtickless: <<<--- [R]:WIFI, [R]:8147, [W]:7559, [L]:296
[22:34:16:620][ 7728.846000] [  WARN] Idle Task: bl616_pmtickless: --->>> [10]:On, [H]:29535, [15:mi_otn]
[22:34:28:875][ 7741.109000] [  WARN] Idle Task: bl616_pmtickless: <<<--- [R]:WIFI, [R]:12252, [W]:7571, [L]:296
[22:34:28:906][ 7741.142000] [  WARN] Idle Task: bl616_pmtickless: --->>> [10]:On, [H]:17239, [15:mi_otn]
[22:34:46:164][ 7758.401000] [  WARN] Idle Task: bl616_pmtickless: <<<--- [R]:RTC, [R]:17248, [W]:7588, [L]:298
[22:34:46:176][ 7758.414000] [  INFO] mi_otn: [22:34:46.413 ] ots: -->kplv sent.
[22:34:46:194][ 7758.421000] [  WARN] Idle Task: bl616_pmtickless: --->>> [10]:On, [H]:2992, [1107536064:]
[22:34:47:215][ 7759.444000] [  WARN] Idle Task: bl616_pmtickless: <<<--- [R]:WIFI, [R]:1013, [W]:7589, [L]:298
[22:34:47:231][ 7759.463000] [  INFO] ots_task: [22:34:47.463 ] ots: <--kplv ack.
[22:34:47:247][ 7759.481000] [  WARN] Idle Task: bl616_pmtickless: --->>> [10]:On, [H]:90988, [15:mi_otn]
[22:34:49:258][ 7761.495000] [  WARN] Idle Task: bl616_pmtickless: <<<--- [R]:WIFI, [R]:2003, [W]:7591, [L]:298
[22:34:49:290][ 7761.529000] [  WARN] Idle Task: bl616_pmtickless: --->>> [10]:On, [H]:88940, [15:mi_otn]
[22:34:52:336][ 7764.569000] [  WARN] Idle Task: bl616_pmtickless: <<<--- [R]:WIFI, [R]:3029, [W]:7594, [L]:298
[22:34:52:368][ 7764.601000] [  WARN] Idle Task: bl616_pmtickless: --->>> [10]:On, [H]:85868, [15:mi_otn]
[22:35:25:925][ 7798.162000] [  WARN] Idle Task: bl616_pmtickless: <<<--- [R]:WIFI, [R]:33550, [W]:7627, [L]:299
[22:35:25:957][ 7798.194000] [  WARN] Idle Task: bl616_pmtickless: --->>> [10]:On, [H]:52275, [15:mi_otn]
[22:36:03:808][ 7836.058000] [  WARN] Idle Task: bl616_pmtickless: <<<--- [R]:WIFI, [R]:37853, [W]:7664, [L]:299
[22:36:03:841][ 7836.092000] [  WARN] Idle Task: bl616_pmtickless: --->>> [10]:On, [H]:14377, [15:mi_otn]
[22:36:18:238][ 7850.489000] [  WARN] Idle Task: bl616_pmtickless: <<<--- [R]:RTC, [R]:14386, [W]:7678, [L]:299
[22:36:18:254][ 7850.501000] [  INFO] mi_otn: [22:36:18.501 ] ots: -->kplv sent.
[22:36:18:254][ 7850.507000] [  WARN] Idle Task: bl616_pmtickless: --->>> [10]:On, [H]:2993, [1107536064:]
[22:36:19:174][ 7851.423000] [  WARN] Idle Task: bl616_pmtickless: <<<--- [R]:WIFI, [R]:905, [W]:7679, [L]:299
[22:36:19:190][ 7851.442000] [  INFO] ots_task: [22:36:19.442 ] ots: <--kplv ack.
[22:36:19:206][ 7851.461000] [  WARN] Idle Task: bl616_pmtickless: --->>> [10]:On, [H]:51085, [15:mi_otn]
[22:36:24:292][ 7856.545000] [  WARN] Idle Task: bl616_pmtickless: <<<--- [R]:WIFI, [R]:5074, [W]:7684, [L]:299
[22:36:24:324][ 7856.577000] [  WARN] Idle Task: bl616_pmtickless: --->>> [10]:On, [H]:45969, [15:mi_otn]
[22:36:33:501][ 7865.764000] [  WARN] Idle Task: bl616_pmtickless: <<<--- [R]:WIFI, [R]:9176, [W]:7693, [L]:299
[22:36:33:533][ 7865.796000] [  WARN] Idle Task: bl616_pmtickless: --->>> [10]:On, [H]:36750, [15:mi_otn]
[22:37:04:221][ 7896.490000] [  WARN] Idle Task: bl616_pmtickless: <<<--- [R]:WIFI, [R]:30683, [W]:7723, [L]:299
[22:37:04:253][ 7896.521000] [  WARN] Idle Task: bl616_pmtickless: --->>> [10]:On, [H]:6025, [15:mi_otn]
[22:37:10:285][ 7902.566000] [  WARN] Idle Task: bl616_pmtickless: <<<--- [R]:RTC, [R]:6034, [W]:7728, [L]:299
[22:37:10:301][ 7902.579000] [NOTICE] mi_otn: [22:37:10.579 ] ots: -->sync sent.
[22:37:10:317][ 7902.585000] [  WARN] Idle Task: bl616_pmtickless: --->>> [10]:On, [H]:2114, [19:netMonitorTask]
[22:37:10:365][ 7902.638000] [  WARN] Idle Task: bl616_pmtickless: <<<--- [R]:WIFI, [R]:42, [W]:7729, [L]:299
[22:37:10:381][ 7902.653000] [NOTICE] ots_task: [22:37:10.653 ] ots: <--sync ack.
[22:37:10:397][ 7902.670000] [  WARN] Idle Task: bl616_pmtickless: --->>> [10]:On, [H]:2029, [19:netMonitorTask]
[22:37:12:438][ 7904.719000] [  WARN] Idle Task: bl616_pmtickless: <<<--- [R]:RTC, [R]:2038, [W]:7731, [L]:299
[22:37:12:438][ 7904.730000] [  INFO] netMonitorTask: [22:37:12.730 ] miio_monitor: work time = 7904s, memory left = 111344
[22:37:12:470][ 7904.740000] [  WARN] Idle Task: bl616_pmtickless: --->>> [10]:On, [H]:37715, [15:mi_otn]
[22:37:15:486][ 7907.763000] [  WARN] Idle Task: bl616_pmtickless: <<<--- [R]:WIFI, [R]:3012, [W]:7734, [L]:299
[22:37:15:518][ 7907.799000] [  WARN] Idle Task: bl616_pmtickless: --->>> [10]:On, [H]:34656, [15:mi_otn]
[22:37:50:192][ 7942.475000] [  WARN] Idle Task: bl616_pmtickless: <<<--- [R]:RTC, [R]:34665, [W]:7768, [L]:300
[22:37:50:201][ 7942.488000] [  INFO] mi_otn: [22:37:50.487 ] ots: -->kplv sent.
[22:37:50:213][ 7942.494000] [  WARN] Idle Task: bl616_pmtickless: --->>> [10]:On, [H]:2992, [1107536064:]
[22:37:51:116][ 7943.406000] [  WARN] Idle Task: bl616_pmtickless: <<<--- [R]:WIFI, [R]:901, [W]:7769, [L]:300
[22:37:51:132][ 7943.421000] [  INFO] ots_task: [22:37:51.421 ] ots: <--kplv ack.
[22:37:51:148][ 7943.435000] [  WARN] Idle Task: bl616_pmtickless: --->>> [10]:On, [H]:90992, [15:mi_otn]
[22:37:56:241][ 7948.528000] [  WARN] Idle Task: bl616_pmtickless: <<<--- [R]:WIFI, [R]:5082, [W]:7774, [L]:300
[22:37:56:273][ 7948.556000] [  WARN] Idle Task: bl616_pmtickless: --->>> [10]:On, [H]:85871, [15:mi_otn]
[22:38:34:543][ 7986.832000] [  WARN] Idle Task: bl616_pmtickless: <<<--- [R]:WIFI, [R]:38265, [W]:7812, [L]:302
[22:38:34:576][ 7986.864000] [  WARN] Idle Task: bl616_pmtickless: --->>> [10]:On, [H]:47563, [15:mi_otn]
[22:38:44:582][ 7996.870000] [  WARN] Idle Task: bl616_pmtickless: <<<--- [R]:WIFI, [R]:9995, [W]:7822, [L]:303
[22:38:44:612][ 7996.910000] [  WARN] Idle Task: bl616_pmtickless: --->>> [10]:On, [H]:37517, [15:mi_otn]
[22:39:22:132][ 8034.447000] [  WARN] Idle Task: bl616_pmtickless: <<<--- [R]:RTC, [R]:37526, [W]:7859, [L]:305
[22:39:22:164][ 8034.460000] [  INFO] mi_otn: [22:39:22.460 ] ots: -->kplv sent.
[22:39:22:164][ 8034.466000] [  WARN] Idle Task: bl616_pmtickless: --->>> [10]:On, [H]:2993, [1107536064:]
[22:39:23:081][ 8035.383000] [  WARN] Idle Task: bl616_pmtickless: <<<--- [R]:WIFI, [R]:906, [W]:7860, [L]:305
[22:39:23:097][ 8035.398000] [  INFO] ots_task: [22:39:23.398 ] ots: <--kplv ack.
[22:39:23:113][ 8035.414000] [  WARN] Idle Task: bl616_pmtickless: --->>> [10]:On, [H]:90989, [15:mi_otn]
[22:39:28:199][ 8040.504000] [  WARN] Idle Task: bl616_pmtickless: <<<--- [R]:WIFI, [R]:5079, [W]:7865, [L]:305
[22:39:28:231][ 8040.532000] [  WARN] Idle Task: bl616_pmtickless: --->>> [10]:On, [H]:85871, [15:mi_otn]
[22:40:05:063][ 8077.374000] [  WARN] Idle Task: bl616_pmtickless: <<<--- [R]:WIFI, [R]:36831, [W]:7901, [L]:305
[22:40:05:095][ 8077.409000] [  WARN] Idle Task: bl616_pmtickless: --->>> [10]:On, [H]:48994, [15:mi_otn]
[22:40:44:999][ 8117.317000] [  WARN] Idle Task: bl616_pmtickless: <<<--- [R]:WIFI, [R]:39897, [W]:7940, [L]:305
[22:40:45:031][ 8117.352000] [  WARN] Idle Task: bl616_pmtickless: --->>> [10]:On, [H]:9051, [15:mi_otn]
[22:40:54:088][ 8126.423000] [  WARN] Idle Task: bl616_pmtickless: <<<--- [R]:RTC, [R]:9060, [W]:7948, [L]:305
[22:40:54:120][ 8126.435000] [  INFO] mi_otn: [22:40:54.435 ] ots: -->kplv sent.
[22:40:54:120][ 8126.441000] [  WARN] Idle Task: bl616_pmtickless: --->>> [10]:On, [H]:2993, [1107536064:]
[22:40:54:217][ 8126.538000] [  WARN] Idle Task: bl616_pmtickless: <<<--- [R]:WIFI, [R]:86, [W]:7949, [L]:305
[22:40:54:232][ 8126.555000] [  INFO] ots_task: [22:40:54.555 ] ots: <--kplv ack.
[22:40:54:248][ 8126.574000] [  WARN] Idle Task: bl616_pmtickless: --->>> [10]:On, [H]:78165, [19:netMonitorTask]
[22:40:59:332][ 8131.661000] [  WARN] Idle Task: bl616_pmtickless: <<<--- [R]:WIFI, [R]:5076, [W]:7954, [L]:305
[22:40:59:380][ 8131.695000] [  WARN] Idle Task: bl616_pmtickless: --->>> [10]:On, [H]:73044, [19:netMonitorTask]
[22:41:36:000][ 8168.325000] [  WARN] Idle Task: bl616_pmtickless: <<<--- [R]:WIFI, [R]:36618, [W]:7990, [L]:306
[22:41:36:032][ 8168.355000] [  WARN] Idle Task: bl616_pmtickless: --->>> [10]:On, [H]:36384, [19:netMonitorTask]
[22:42:12:419][ 8204.760000] [  WARN] Idle Task: bl616_pmtickless: <<<--- [R]:RTC, [R]:36393, [W]:8025, [L]:306
[22:42:12:419][ 8204.772000] [  INFO] netMonitorTask: [22:42:12.771 ] miio_monitor: work time = 8204s, memory left = 111344
[22:42:12:454][ 8204.781000] [  WARN] Idle Task: bl616_pmtickless: --->>> [10]:On, [H]:12779, [15:mi_otn]
[22:42:25:240][ 8217.580000] [  WARN] Idle Task: bl616_pmtickless: <<<--- [R]:RTC, [R]:12788, [W]:8038, [L]:306
[22:42:25:240][ 8217.593000] [  INFO] mi_otn: [22:42:25.592 ] ots: -->kplv sent.
[22:42:25:255][ 8217.598000] [  WARN] Idle Task: bl616_pmtickless: --->>> [10]:On, [H]:2993, [1107536064:]
[22:42:26:173][ 8218.512000] [  WARN] Idle Task: bl616_pmtickless: <<<--- [R]:WIFI, [R]:903, [W]:8039, [L]:306
[22:42:26:184][ 8218.528000] [  INFO] ots_task: [22:42:26.528 ] ots: <--kplv ack.
[22:42:26:205][ 8218.540000] [  WARN] Idle Task: bl616_pmtickless: --->>> [10]:On, [H]:46130, [15:mi_otn]
[22:42:31:295][ 8223.638000] [  WARN] Idle Task: bl616_pmtickless: <<<--- [R]:WIFI, [R]:5087, [W]:8044, [L]:306
[22:42:31:327][ 8223.669000] [  WARN] Idle Task: bl616_pmtickless: --->>> [10]:On, [H]:41002, [15:mi_otn]
[22:42:55:864][ 8248.216000] [  WARN] Idle Task: bl616_pmtickless: <<<--- [R]:WIFI, [R]:24537, [W]:8068, [L]:306
[22:42:55:912][ 8248.252000] [  WARN] Idle Task: bl616_pmtickless: --->>> [10]:On, [H]:16418, [15:mi_otn]
[22:43:12:344][ 8264.690000] [  WARN] Idle Task: bl616_pmtickless: <<<--- [R]:RTC, [R]:16427, [W]:8084, [L]:308
[22:43:12:363][ 8264.710000] [  WARN] Idle Task: bl616_pmtickless: --->>> [10]:On, [H]:44833, [15:mi_otn]
[22:43:35:912][ 8288.263000] [  WARN] Idle Task: bl616_pmtickless: <<<--- [R]:WIFI, [R]:23542, [W]:8107, [L]:308
[22:43:35:944][ 8288.293000] [  WARN] Idle Task: bl616_pmtickless: --->>> [10]:On, [H]:21250, [15:mi_otn]
[22:43:57:202][ 8309.563000] [  WARN] Idle Task: bl616_pmtickless: <<<--- [R]:RTC, [R]:21259, [W]:8127, [L]:308
[22:43:57:202][ 8309.576000] [  INFO] mi_otn: [22:43:57.575 ] ots: -->kplv sent.
[22:43:57:220][ 8309.581000] [  WARN] Idle Task: bl616_pmtickless: --->>> [10]:On, [H]:2994, [1107536064:]
[22:43:57:412][ 8309.773000] [  WARN] Idle Task: bl616_pmtickless: <<<--- [R]:WIFI, [R]:181, [W]:8128, [L]:308
[22:43:57:427][ 8309.791000] [  INFO] ots_task: [22:43:57.791 ] ots: <--kplv ack.
[22:43:57:445][ 8309.803000] [  WARN] Idle Task: bl616_pmtickless: --->>> [10]:On, [H]:90993, [15:mi_otn]
[22:44:02:534][ 8314.896000] [  WARN] Idle Task: bl616_pmtickless: <<<--- [R]:WIFI, [R]:5082, [W]:8133, [L]:308
[22:44:02:566][ 8314.925000] [  WARN] Idle Task: bl616_pmtickless: --->>> [10]:On, [H]:85871, [15:mi_otn]
[22:44:36:322][ 8348.697000] [  WARN] Idle Task: bl616_pmtickless: <<<--- [R]:WIFI, [R]:33761, [W]:8166, [L]:308
[22:44:36:353][ 8348.727000] [  WARN] Idle Task: bl616_pmtickless: --->>> [10]:On, [H]:52069, [15:mi_otn]
[22:45:03:763][ 8376.143000] [  WARN] Idle Task: bl616_pmtickless: <<<--- [R]:WIFI, [R]:27405, [W]:8193, [L]:309
[22:45:03:795][ 8376.175000] [  WARN] Idle Task: bl616_pmtickless: --->>> [10]:On, [H]:24621, [15:mi_otn]
[22:45:28:443][ 8400.816000] [  WARN] Idle Task: bl616_pmtickless: <<<--- [R]:RTC, [R]:24630, [W]:8217, [L]:309
[22:45:28:443][ 8400.829000] [  INFO] mi_otn: [22:45:28.828 ] ots: -->kplv sent.
[22:45:28:459][ 8400.834000] [  WARN] Idle Task: bl616_pmtickless: --->>> [10]:On, [H]:2993, [1107536064:]
[22:45:29:365][ 8401.750000] [  WARN] Idle Task: bl616_pmtickless: <<<--- [R]:WIFI, [R]:905, [W]:8218, [L]:309
[22:45:29:379][ 8401.767000] [  INFO] ots_task: [22:45:29.767 ] ots: <--kplv ack.
[22:45:29:400][ 8401.779000] [  WARN] Idle Task: bl616_pmtickless: --->>> [10]:On, [H]:19755, [15:mi_otn]
[22:45:34:484][ 8406.872000] [  WARN] Idle Task: bl616_pmtickless: <<<--- [R]:WIFI, [R]:5082, [W]:8223, [L]:309
[22:45:34:517][ 8406.901000] [  WARN] Idle Task: bl616_pmtickless: --->>> [10]:On, [H]:14633, [15:mi_otn]
[22:45:49:168][ 8421.554000] [  WARN] Idle Task: bl616_pmtickless: <<<--- [R]:RTC, [R]:14642, [W]:8237, [L]:309
[22:45:49:184][ 8421.580000] [  WARN] Idle Task: bl616_pmtickless: --->>> [10]:On, [H]:3982, [15:mi_otn]
[22:45:49:845][ 8422.237000] [  WARN] Idle Task: bl616_pmtickless: <<<--- [R]:WIFI, [R]:647, [W]:8238, [L]:309
[22:45:49:877][ 8422.273000] [  WARN] Idle Task: bl616_pmtickless: --->>> [10]:On, [H]:3276, [15:mi_otn]
[22:45:53:175][ 8425.569000] [  WARN] Idle Task: bl616_pmtickless: <<<--- [R]:RTC, [R]:3285, [W]:8241, [L]:309
[22:45:53:191][ 8425.585000] [  WARN] Idle Task: bl616_pmtickless: --->>> [10]:On, [H]:2996, [1107536064:]
[22:45:53:950][ 8426.338000] [  WARN] Idle Task: bl616_pmtickless: <<<--- [R]:WIFI, [R]:742, [W]:8242, [L]:309
[22:45:53:982][ 8426.371000] [  WARN] Idle Task: bl616_pmtickless: --->>> [10]:On, [H]:78409, [19:netMonitorTask]
[22:46:36:959][ 8469.353000] [  WARN] Idle Task: bl616_pmtickless: <<<--- [R]:WIFI, [R]:42970, [W]:8284, [L]:309
[22:46:36:991][ 8469.387000] [  WARN] Idle Task: bl616_pmtickless: --->>> [10]:On, [H]:35393, [19:netMonitorTask]
[22:47:03:584][ 8495.983000] [  WARN] Idle Task: bl616_pmtickless: <<<--- [R]:WIFI, [R]:26584, [W]:8310, [L]:309
[22:47:03:617][ 8496.016000] [  WARN] Idle Task: bl616_pmtickless: --->>> [10]:On, [H]:8764, [19:netMonitorTask]
[22:47:12:387][ 8504.801000] [  WARN] Idle Task: bl616_pmtickless: <<<--- [R]:RTC, [R]:8773, [W]:8318, [L]:309
[22:47:12:387][ 8504.812000] [  INFO] netMonitorTask: [22:47:12.812 ] miio_monitor: work time = 8504s, memory left = 111352
[22:47:12:419][ 8504.822000] [  WARN] Idle Task: bl616_pmtickless: --->>> [10]:On, [H]:12536, [15:mi_otn]
[22:47:24:961][ 8517.378000] [  WARN] Idle Task: bl616_pmtickless: <<<--- [R]:RTC, [R]:12545, [W]:8331, [L]:310
[22:47:24:961][ 8517.390000] [  INFO] mi_otn: [22:47:25.390 ] ots: -->kplv sent.
[22:47:24:977][ 8517.396000] [  WARN] Idle Task: bl616_pmtickless: --->>> [10]:On, [H]:2993, [1107536064:]
[22:47:27:995][ 8520.409000] [  WARN] Idle Task: bl616_pmtickless: <<<--- [R]:RTC, [R]:3002, [W]:8334, [L]:310
[22:47:28:013][ 8520.425000] [  WARN] Idle Task: bl616_pmtickless: --->>> [10]:On, [H]:5994, [1107536064:]
[22:47:34:018][ 8526.439000] [  WARN] Idle Task: bl616_pmtickless: <<<--- [R]:RTC, [R]:6003, [W]:8340, [L]:312
[22:47:34:033][ 8526.454000] [  WARN] Idle Task: bl616_pmtickless: --->>> [10]:On, [H]:11995, [1107536064:]
[22:47:34:502][ 8526.925000] [  WARN] Idle Task: bl616_pmtickless: <<<--- [R]:WIFI, [R]:460, [W]:8341, [L]:312
[22:47:34:534][ 8526.953000] [  INFO] ots_task: [22:47:34.953 ] ots: <--kplv ack.
[22:47:34:550][ 8526.964000] [  WARN] Idle Task: bl616_pmtickless: --->>> [10]:On, [H]:90995, [15:mi_otn]
[22:47:39:622][ 8532.042000] [  WARN] Idle Task: bl616_pmtickless: <<<--- [R]:WIFI, [R]:5067, [W]:8346, [L]:312
[22:47:39:654][ 8532.075000] [  WARN] Idle Task: bl616_pmtickless: --->>> [10]:On, [H]:85884, [15:mi_otn]
[22:48:08:300][ 8560.719000] [  WARN] Idle Task: bl616_pmtickless: <<<--- [R]:WIFI, [R]:28633, [W]:8374, [L]:312
[22:48:08:332][ 8560.756000] [  WARN] Idle Task: bl616_pmtickless: --->>> [10]:On, [H]:57203, [15:mi_otn]
[22:49:05:553][ 8617.979000] [  WARN] Idle Task: bl616_pmtickless: <<<--- [R]:RTC, [R]:57212, [W]:8430, [L]:313
[22:49:05:553][ 8617.991000] [  INFO] mi_otn: [22:49:05.991 ] ots: -->kplv sent.
[22:49:05:569][ 8617.997000] [  WARN] Idle Task: bl616_pmtickless: --->>> [10]:On, [H]:11993, [1107536064:]
[22:49:06:457][ 8618.894000] [  WARN] Idle Task: bl616_pmtickless: <<<--- [R]:WIFI, [R]:886, [W]:8431, [L]:313
[22:49:06:474][ 8618.910000] [  INFO] ots_task: [22:49:06.910 ] ots: <--kplv ack.
[22:49:06:490][ 8618.927000] [  WARN] Idle Task: bl616_pmtickless: --->>> [10]:On, [H]:90989, [15:mi_otn]
[22:49:11:576][ 8624.016000] [  WARN] Idle Task: bl616_pmtickless: <<<--- [R]:WIFI, [R]:5078, [W]:8436, [L]:313
[22:49:11:608][ 8624.051000] [  WARN] Idle Task: bl616_pmtickless: --->>> [10]:On, [H]:85865, [15:mi_otn]
[22:49:12:613][ 8625.041000] [  WARN] Idle Task: bl616_pmtickless: <<<--- [R]:WIFI, [R]:979, [W]:8437, [L]:313
[22:49:12:641][ 8625.079000] [  WARN] Idle Task: bl616_pmtickless: --->>> [10]:On, [H]:84837, [15:mi_otn]
[22:49:15:685][ 8628.118000] [  WARN] Idle Task: bl616_pmtickless: <<<--- [R]:WIFI, [R]:3028, [W]:8440, [L]:313
[22:49:15:714][ 8628.150000] [  WARN] Idle Task: bl616_pmtickless: --->>> [10]:On, [H]:81766, [15:mi_otn]
[22:49:20:802][ 8633.237000] [  WARN] Idle Task: bl616_pmtickless: <<<--- [R]:WIFI, [R]:5077, [W]:8445, [L]:313
[22:49:20:820][ 8633.266000] [  WARN] Idle Task: bl616_pmtickless: --->>> [10]:On, [H]:76650, [15:mi_otn]
[22:49:26:935][ 8639.384000] [  WARN] Idle Task: bl616_pmtickless: <<<--- [R]:WIFI, [R]:6107, [W]:8451, [L]:313
[22:49:26:967][ 8639.416000] [  WARN] Idle Task: bl616_pmtickless: --->>> [10]:On, [H]:70500, [15:mi_otn]
[22:49:35:128][ 8647.579000] [  WARN] Idle Task: bl616_pmtickless: <<<--- [R]:WIFI, [R]:8152, [W]:8459, [L]:313
[22:49:35:160][ 8647.608000] [  WARN] Idle Task: bl616_pmtickless: --->>> [10]:On, [H]:62308, [15:mi_otn]
[22:49:48:444][ 8660.894000] [  WARN] Idle Task: bl616_pmtickless: <<<--- [R]:WIFI, [R]:13275, [W]:8472, [L]:313
[22:49:48:476][ 8660.928000] [  WARN] Idle Task: bl616_pmtickless: --->>> [10]:On, [H]:48988, [15:mi_otn]
[22:50:09:950][ 8682.402000] [  WARN] Idle Task: bl616_pmtickless: <<<--- [R]:WIFI, [R]:21463, [W]:8493, [L]:313
[22:50:09:983][ 8682.433000] [  WARN] Idle Task: bl616_pmtickless: --->>> [10]:On, [H]:27483, [15:mi_otn]
[22:50:37:472][ 8709.936000] [  WARN] Idle Task: bl616_pmtickless: <<<--- [R]:RTC, [R]:27492, [W]:8520, [L]:314
[22:50:37:472][ 8709.948000] [  INFO] mi_otn: [22:50:37.948 ] ots: -->kplv sent.
[22:50:37:500][ 8709.954000] [  WARN] Idle Task: bl616_pmtickless: --->>> [10]:On, [H]:11993, [1107536064:]
[22:50:38:417][ 8710.877000] [  WARN] Idle Task: bl616_pmtickless: <<<--- [R]:WIFI, [R]:912, [W]:8521, [L]:314
[22:50:38:433][ 8710.893000] [  INFO] ots_task: [22:50:38.893 ] ots: <--kplv ack.
[22:50:38:449][ 8710.906000] [  WARN] Idle Task: bl616_pmtickless: --->>> [10]:On, [H]:90993, [15:mi_otn]
[22:50:43:533][ 8715.999000] [  WARN] Idle Task: bl616_pmtickless: <<<--- [R]:WIFI, [R]:5082, [W]:8526, [L]:314
[22:50:43:565][ 8716.036000] [  WARN] Idle Task: bl616_pmtickless: --->>> [10]:On, [H]:85863, [15:mi_otn]
[22:50:49:683][ 8722.146000] [  WARN] Idle Task: bl616_pmtickless: <<<--- [R]:WIFI, [R]:6099, [W]:8532, [L]:314
[22:50:49:715][ 8722.177000] [  WARN] Idle Task: bl616_pmtickless: --->>> [10]:On, [H]:79722, [15:mi_otn]
[22:51:38:839][ 8771.306000] [  WARN] Idle Task: bl616_pmtickless: <<<--- [R]:WIFI, [R]:49118, [W]:8580, [L]:314
[22:51:38:855][ 8771.336000] [  WARN] Idle Task: bl616_pmtickless: --->>> [10]:On, [H]:30563, [15:mi_otn]
[22:52:04:229][ 8796.707000] [  WARN] Idle Task: bl616_pmtickless: <<<--- [R]:WIFI, [R]:25360, [W]:8605, [L]:315
[22:52:04:261][ 8796.743000] [  WARN] Idle Task: bl616_pmtickless: --->>> [10]:On, [H]:5156, [15:mi_otn]
[22:52:09:433][ 8801.919000] [  WARN] Idle Task: bl616_pmtickless: <<<--- [R]:RTC, [R]:5165, [W]:8610, [L]:315
[22:52:09:433][ 8801.931000] [  INFO] mi_otn: [22:52:09.931 ] ots: -->kplv sent.
[22:52:09:449][ 8801.937000] [  WARN] Idle Task: bl616_pmtickless: --->>> [10]:On, [H]:2883, [19:netMonitorTask]
[22:52:10:367][ 8802.854000] [  WARN] Idle Task: bl616_pmtickless: <<<--- [R]:WIFI, [R]:906, [W]:8611, [L]:315
[22:52:10:383][ 8802.871000] [  INFO] ots_task: [22:52:10.871 ] ots: <--kplv ack.
[22:52:10:398][ 8802.885000] [  WARN] Idle Task: bl616_pmtickless: --->>> [10]:On, [H]:1935, [19:netMonitorTask]
[22:52:12:352][ 8804.840000] [  WARN] Idle Task: bl616_pmtickless: <<<--- [R]:RTC, [R]:1944, [W]:8612, [L]:315
[22:52:12:352][ 8804.851000] [  INFO] netMonitorTask: [22:52:12.851 ] miio_monitor: work time = 8804s, memory left = 111352
[22:52:12:368][ 8804.861000] [  WARN] Idle Task: bl616_pmtickless: --->>> [10]:On, [H]:10677, [15:mi_otn]
[22:52:15:489][ 8807.978000] [  WARN] Idle Task: bl616_pmtickless: <<<--- [R]:WIFI, [R]:3106, [W]:8616, [L]:315
[22:52:15:521][ 8808.009000] [  WARN] Idle Task: bl616_pmtickless: --->>> [10]:On, [H]:7529, [15:mi_otn]
[22:52:23:070][ 8815.558000] [  WARN] Idle Task: bl616_pmtickless: <<<--- [R]:RTC, [R]:7538, [W]:8623, [L]:315
[22:52:23:071][ 8815.570000] [  INFO] mi_otn: [22:52:23.570 ] miio_instance: miio_info_kvs_hook_default called
[22:52:23:087][ 8815.582000] [NOTICE] mi_otn: [22:52:23.582 ] miio_ot: up _otc.info:{"id":337969235,"method":"_otc.info","params":{"life":8815,"model":"xiaomi.dev.bl3","token":"06dd************************441a","ipflag":1,"fw_ver":"1.0.3","miio_ver":"0.1.0","hw_ver":"BL616-BL3","chip_ver":1,"mmfree":109968,"mac":"C4:93:BB:AD:C8:29","wifi_fw_ver":"WifiVer.N\/A","ap":{"ssid":"Xiaomi_be3600","bssid":"42:EE:97:F0:4C:60","rssi":-34,"primary":1},"netif":{"localIp":"192.168.3.66","mask":"255.255.255.0","gw":"192.168.3.1"},"uid":1205295674}}
[22:52:23:134][ 8815.625000] [  INFO] mi_otn: [22:52:23.625 ] miio_ot: -->info(ots).
[22:52:23:150][ 8815.639000] [  WARN] Idle Task: bl616_pmtickless: --->>> [10]:On, [H]:3997, [15:mi_otn]
[22:52:23:683][ 8816.175000] [  WARN] Idle Task: bl616_pmtickless: <<<--- [R]:WIFI, [R]:525, [W]:8624, [L]:315
[22:52:23:699][ 8816.192000] [  INFO] mi_otn: [22:52:24.192 ] miio_ot: <--info ack(ots).
[22:52:23:716][ 8816.209000] [  WARN] Idle Task: bl616_pmtickless: --->>> [10]:On, [H]:3994, [15:mi_otn]
[22:52:24:715][ 8817.200000] [  WARN] Idle Task: bl616_pmtickless: <<<--- [R]:WIFI, [R]:980, [W]:8625, [L]:315
[22:52:24:745][ 8817.232000] [  WARN] Idle Task: bl616_pmtickless: --->>> [10]:On, [H]:3371, [15:mi_otn]
[22:52:28:135][ 8820.623000] [  WARN] Idle Task: bl616_pmtickless: <<<--- [R]:RTC, [R]:3380, [W]:8628, [L]:315
[22:52:28:135][ 8820.635000] [  WARN] Idle Task: bl616_pmtickless: --->>> [10]:On, [H]:4998, [15:mi_otn]
[22:52:33:159][ 8825.653000] [  WARN] Idle Task: bl616_pmtickless: <<<--- [R]:RTC, [R]:5007, [W]:8633, [L]:315
[22:52:33:171][ 8825.672000] [  WARN] Idle Task: bl616_pmtickless: --->>> [10]:On, [H]:3995, [15:mi_otn]
[22:52:37:172][ 8829.687000] [  WARN] Idle Task: bl616_pmtickless: <<<--- [R]:RTC, [R]:4004, [W]:8637, [L]:315
[22:52:37:189][ 8829.696000] [  WARN] mi_otn: [22:52:37.696 ] ot: up session[id=214302806] timeout
[22:52:37:189][ 8829.702000] [  WARN] mi_otn: [22:52:37.702 ] miio_info: no "result" in property_ack
[22:52:37:205][ 8829.709000] [  WARN] mi_otn: [22:52:37.709 ] miio_info: props send failed
[22:52:37:221][ 8829.718000] [  WARN] Idle Task: bl616_pmtickless: --->>> [10]:On, [H]:965, [15:mi_otn]
[22:52:38:185][ 8830.703000] [  WARN] Idle Task: bl616_pmtickless: <<<--- [R]:RTC, [R]:974, [W]:8637, [L]:315
[22:52:38:217][ 8830.714000] [  WARN] Idle Task: bl616_pmtickless: --->>> [10]:On, [H]:5000, [15:mi_otn]
[22:52:43:232][ 8835.734000] [  WARN] Idle Task: bl616_pmtickless: <<<--- [R]:RTC, [R]:5009, [W]:8642, [L]:315
[22:52:43:248][ 8835.753000] [  WARN] Idle Task: bl616_pmtickless: --->>> [10]:On, [H]:1912, [1107536064:]
[22:52:43:440][ 8835.952000] [  WARN] Idle Task: bl616_pmtickless: <<<--- [R]:WIFI, [R]:188, [W]:8643, [L]:315
[22:52:43:472][ 8835.984000] [  WARN] Idle Task: bl616_pmtickless: --->>> [10]:On, [H]:3764, [15:mi_otn]
[22:52:47:240][ 8839.768000] [  WARN] Idle Task: bl616_pmtickless: <<<--- [R]:RTC, [R]:3773, [W]:8646, [L]:315
[22:52:47:256][ 8839.777000] [  WARN] mi_otn: [22:52:47.777 ] ot: up session[id=214302806] timeout
[22:52:47:271][ 8839.783000] [  WARN] mi_otn: [22:52:47.783 ] miio_info: no "result" in property_ack
[22:52:47:287][ 8839.790000] [  WARN] mi_otn: [22:52:47.790 ] miio_info: props send failed
[22:52:47:287][ 8839.799000] [  WARN] Idle Task: bl616_pmtickless: --->>> [10]:On, [H]:966, [15:mi_otn]
[22:52:48:285][ 8840.785000] [  WARN] Idle Task: bl616_pmtickless: <<<--- [R]:RTC, [R]:975, [W]:8647, [L]:315
[22:52:48:285][ 8840.796000] [  WARN] Idle Task: bl616_pmtickless: --->>> [10]:On, [H]:5000, [15:mi_otn]
[22:52:48:572][ 8841.078000] [  WARN] Idle Task: bl616_pmtickless: <<<--- [R]:WIFI, [R]:271, [W]:8648, [L]:315
[22:52:48:604][ 8841.108000] [  WARN] Idle Task: bl616_pmtickless: --->>> [10]:On, [H]:4688, [15:mi_otn]
[22:52:53:308][ 8845.816000] [  WARN] Idle Task: bl616_pmtickless: <<<--- [R]:RTC, [R]:4697, [W]:8652, [L]:315
[22:52:53:324][ 8845.832000] [  WARN] Idle Task: bl616_pmtickless: --->>> [10]:On, [H]:2134, [1107536064:]
[22:52:53:694][ 8846.202000] [  WARN] Idle Task: bl616_pmtickless: <<<--- [R]:WIFI, [R]:359, [W]:8653, [L]:315
[22:52:53:727][ 8846.243000] [  WARN] Idle Task: bl616_pmtickless: --->>> [10]:On, [H]:3587, [15:mi_otn]
[22:52:57:322][ 8849.850000] [  WARN] Idle Task: bl616_pmtickless: <<<--- [R]:RTC, [R]:3596, [W]:8656, [L]:315
[22:52:57:322][ 8849.859000] [  WARN] mi_otn: [22:52:57.859 ] ot: up session[id=214302806] timeout
[22:52:57:343][ 8849.864000] [  WARN] mi_otn: [22:52:57.864 ] miio_info: no "result" in property_ack
[22:52:57:343][ 8849.872000] [  WARN] mi_otn: [22:52:57.872 ] miio_info: props send failed
[22:52:57:370][ 8849.881000] [  WARN] Idle Task: bl616_pmtickless: --->>> [10]:On, [H]:966, [15:mi_otn]
[22:52:58:353][ 8850.867000] [  WARN] Idle Task: bl616_pmtickless: <<<--- [R]:RTC, [R]:975, [W]:8657, [L]:315
[22:52:58:353][ 8850.878000] [  WARN] Idle Task: bl616_pmtickless: --->>> [10]:On, [H]:5000, [15:mi_otn]
[22:53:03:373][ 8855.898000] [  WARN] Idle Task: bl616_pmtickless: <<<--- [R]:RTC, [R]:5009, [W]:8662, [L]:315
[22:53:03:389][ 8855.915000] [  WARN] Idle Task: bl616_pmtickless: --->>> [10]:On, [H]:2305, [1107536064:]
[22:53:03:935][ 8856.451000] [  WARN] Idle Task: bl616_pmtickless: <<<--- [R]:WIFI, [R]:525, [W]:8663, [L]:315
[22:53:03:951][ 8856.482000] [  WARN] Idle Task: bl616_pmtickless: --->>> [10]:On, [H]:3430, [15:mi_otn]
[22:53:04:949][ 8857.476000] [  WARN] Idle Task: bl616_pmtickless: <<<--- [R]:WIFI, [R]:983, [W]:8664, [L]:315
[22:53:04:965][ 8857.500000] [  INFO] mi_otn: [22:53:05.500 ] miio_info: 0 props left, 0 events left.
[22:53:04:965][ 8857.506000] [  WARN] mi_otn: [22:53:05.506 ] ot: up session[id=214302806] not found
[22:53:04:981][ 8857.513000] [  WARN] mi_otn: [22:53:05.513 ] ot: up session[id=214302806] not found
[22:53:04:981][ 8857.521000] [  WARN] mi_otn: [22:53:05.521 ] ot: up session[id=214302806] not found
[22:53:04:998][ 8857.530000] [  WARN] Idle Task: bl616_pmtickless: --->>> [10]:On, [H]:7180, [15:mi_otn]
[22:53:12:196][ 8864.730000] [  WARN] Idle Task: bl616_pmtickless: <<<--- [R]:RTC, [R]:7189, [W]:8671, [L]:315
[22:53:12:212][ 8864.748000] [  WARN] Idle Task: bl616_pmtickless: --->>> [10]:On, [H]:83780, [15:mi_otn]
[22:53:39:566][ 8892.096000] [  WARN] Idle Task: bl616_pmtickless: <<<--- [R]:WIFI, [R]:27337, [W]:8698, [L]:316
[22:53:39:600][ 8892.124000] [  WARN] Idle Task: bl616_pmtickless: --->>> [10]:On, [H]:56404, [15:mi_otn]
[22:53:40:587][ 8893.121000] [  WARN] Idle Task: bl616_pmtickless: <<<--- [R]:WIFI, [R]:987, [W]:8699, [L]:316
[22:53:40:619][ 8893.153000] [  WARN] Idle Task: bl616_pmtickless: --->>> [10]:On, [H]:55375, [15:mi_otn]
[22:53:41:616][ 8894.148000] [  WARN] Idle Task: bl616_pmtickless: <<<--- [R]:WIFI, [R]:984, [W]:8700, [L]:316
[22:53:41:634][ 8894.177000] [  WARN] Idle Task: bl616_pmtickless: --->>> [10]:On, [H]:54351, [15:mi_otn]
[22:53:44:679][ 8897.222000] [  WARN] Idle Task: bl616_pmtickless: <<<--- [R]:WIFI, [R]:3034, [W]:8703, [L]:316
[22:53:44:710][ 8897.249000] [  WARN] Idle Task: bl616_pmtickless: --->>> [10]:On, [H]:51279, [15:mi_otn]
[22:53:48:785][ 8901.320000] [  WARN] Idle Task: bl616_pmtickless: <<<--- [R]:WIFI, [R]:4060, [W]:8707, [L]:316
[22:53:48:800][ 8901.349000] [  WARN] Idle Task: bl616_pmtickless: --->>> [10]:On, [H]:47179, [15:mi_otn]
[22:54:17:869][ 8930.407000] [  WARN] Idle Task: bl616_pmtickless: <<<--- [R]:WIFI, [R]:29047, [W]:8736, [L]:319
[22:54:17:883][ 8930.435000] [  WARN] Idle Task: bl616_pmtickless: --->>> [10]:On, [H]:18093, [15:mi_otn]
[22:54:36:001][ 8948.548000] [  WARN] Idle Task: bl616_pmtickless: <<<--- [R]:RTC, [R]:18102, [W]:8754, [L]:321
[22:54:36:001][ 8948.560000] [  INFO] mi_otn: [22:54:36.560 ] ots: -->kplv sent.
[22:54:36:017][ 8948.566000] [  WARN] Idle Task: bl616_pmtickless: --->>> [10]:On, [H]:2993, [1107536064:]
[22:54:36:904][ 8949.461000] [  WARN] Idle Task: bl616_pmtickless: <<<--- [R]:WIFI, [R]:884, [W]:8755, [L]:321
[22:54:36:920][ 8949.480000] [  INFO] ots_task: [22:54:37.480 ] ots: <--kplv ack.
[22:54:36:939][ 8949.496000] [  WARN] Idle Task: bl616_pmtickless: --->>> [10]:On, [H]:51147, [7:WPA]
[22:54:42:027][ 8954.582000] [  WARN] Idle Task: bl616_pmtickless: <<<--- [R]:WIFI, [R]:5075, [W]:8760, [L]:321
[22:54:42:059][ 8954.612000] [  WARN] Idle Task: bl616_pmtickless: --->>> [10]:On, [H]:46031, [7:WPA]
[22:55:28:085][ 9000.662000] [  WARN] Idle Task: bl616_pmtickless: <<<--- [R]:RTC, [R]:46040, [W]:8805, [L]:324
[22:55:28:117][ 9000.674000] [  WARN] Idle Task: bl616_pmtickless: --->>> [10]:On, [H]:10534, [20:mi_mcmd]
[22:55:38:664][ 9011.228000] [  WARN] Idle Task: bl616_pmtickless: <<<--- [R]:RTC, [R]:10543, [W]:8816, [L]:325
[22:55:38:680][ 9011.241000] [  WARN] Idle Task: bl616_pmtickless: --->>> [10]:On, [H]:29245, [15:mi_otn]
[22:55:40:600][ 9013.168000] [  WARN] Idle Task: bl616_pmtickless: <<<--- [R]:WIFI, [R]:1916, [W]:8818, [L]:325
[22:55:40:632][ 9013.202000] [  WARN] Idle Task: bl616_pmtickless: --->>> [10]:On, [H]:27284, [15:mi_otn]
[22:56:07:939][ 9040.506000] [  WARN] Idle Task: bl616_pmtickless: <<<--- [R]:RTC, [R]:27293, [W]:8845, [L]:329
[22:56:07:939][ 9040.518000] [  INFO] mi_otn: [22:56:08.518 ] ots: -->kplv sent.
[22:56:07:956][ 9040.524000] [  WARN] Idle Task: bl616_pmtickless: --->>> [10]:On, [H]:2493, [1107536064:]
[22:56:08:455][ 9041.028000] [  WARN] Idle Task: bl616_pmtickless: <<<--- [R]:WIFI, [R]:493, [W]:8846, [L]:329
[22:56:08:471][ 9041.045000] [  INFO] ots_task: [22:56:09.045 ] ots: <--kplv ack.
[22:56:08:493][ 9041.057000] [  WARN] Idle Task: bl616_pmtickless: --->>> [10]:On, [H]:63803, [19:netMonitorTask]
[22:56:13:165][ 9045.740000] [  WARN] Idle Task: bl616_pmtickless: <<<--- [R]:WIFI, [R]:4672, [W]:8851, [L]:331
[22:56:13:196][ 9045.771000] [  WARN] Idle Task: bl616_pmtickless: --->>> [10]:On, [H]:59089, [19:netMonitorTask]
[22:56:14:192][ 9046.766000] [  WARN] Idle Task: bl616_pmtickless: <<<--- [R]:WIFI, [R]:983, [W]:8852, [L]:331
[22:56:14:224][ 9046.800000] [  WARN] Idle Task: bl616_pmtickless: --->>> [10]:On, [H]:58060, [19:netMonitorTask]
[22:56:25:250][ 9057.829000] [  WARN] Idle Task: bl616_pmtickless: <<<--- [R]:WIFI, [R]:11017, [W]:8863, [L]:332
[22:56:25:299][ 9057.870000] [  WARN] Idle Task: bl616_pmtickless: --->>> [10]:On, [H]:46990, [19:netMonitorTask]
[22:57:10:921][ 9103.507000] [  WARN] Idle Task: bl616_pmtickless: <<<--- [R]:WIFI, [R]:45625, [W]:8912, [L]:346
[22:57:10:953][ 9103.535000] [  WARN] Idle Task: bl616_pmtickless: --->>> [10]:On, [H]:1325, [19:netMonitorTask]
[22:57:12:273][ 9104.881000] [  WARN] Idle Task: bl616_pmtickless: <<<--- [R]:RTC, [R]:1334, [W]:8913, [L]:346
[22:57:12:299][ 9104.892000] [  INFO] netMonitorTask: [22:57:12.892 ] miio_monitor: work time = 9104s, memory left = 111352
[22:57:12:321][ 9104.902000] [  WARN] Idle Task: bl616_pmtickless: --->>> [10]:On, [H]:27149, [15:mi_otn]
[22:57:39:466][ 9132.071000] [  WARN] Idle Task: bl616_pmtickless: <<<--- [R]:RTC, [R]:27158, [W]:8940, [L]:348
[22:57:39:466][ 9132.083000] [  INFO] mi_otn: [22:57:40.083 ] ots: -->kplv sent.
[22:57:39:500][ 9132.089000] [  WARN] Idle Task: bl616_pmtickless: --->>> [10]:On, [H]:1993, [1107536064:]
[22:57:40:207][ 9132.803000] [  WARN] Idle Task: bl616_pmtickless: <<<--- [R]:WIFI, [R]:703, [W]:8941, [L]:348
[22:57:40:223][ 9132.820000] [  INFO] ots_task: [22:57:40.820 ] ots: <--kplv ack.
[22:57:40:239][ 9132.839000] [  WARN] Idle Task: bl616_pmtickless: --->>> [10]:On, [H]:90987, [15:mi_otn]
[22:57:41:237][ 9133.829000] [  WARN] Idle Task: bl616_pmtickless: <<<--- [R]:WIFI, [R]:980, [W]:8942, [L]:348
[22:57:41:252][ 9133.858000] [  WARN] Idle Task: bl616_pmtickless: --->>> [10]:On, [H]:89968, [15:mi_otn]
[22:57:42:251][ 9134.855000] [  WARN] Idle Task: bl616_pmtickless: <<<--- [R]:WIFI, [R]:986, [W]:8943, [L]:348
[22:57:42:283][ 9134.891000] [  WARN] Idle Task: bl616_pmtickless: --->>> [10]:On, [H]:88935, [15:mi_otn]
[22:57:45:124][ 9137.724000] [  WARN] Idle Task: bl616_pmtickless: <<<--- [R]:WIFI, [R]:2822, [W]:8946, [L]:349
[22:57:45:156][ 9137.762000] [  WARN] Idle Task: bl616_pmtickless: --->>> [10]:On, [H]:86064, [15:mi_otn]
[22:57:46:145][ 9138.754000] [  WARN] Idle Task: bl616_pmtickless: <<<--- [R]:WIFI, [R]:981, [W]:8947, [L]:349
[22:57:46:176][ 9138.784000] [  WARN] Idle Task: bl616_pmtickless: --->>> [10]:On, [H]:85042, [15:mi_otn]
[22:58:39:699][ 9192.316000] [  WARN] Idle Task: bl616_pmtickless: <<<--- [R]:WIFI, [R]:53521, [W]:9007, [L]:372
[22:58:39:747][ 9192.354000] [  WARN] Idle Task: bl616_pmtickless: --->>> [10]:On, [H]:31472, [15:mi_otn]
[22:59:11:227][ 9223.843000] [  WARN] Idle Task: bl616_pmtickless: <<<--- [R]:RTC, [R]:31478, [W]:9042, [L]:390
[22:59:11:243][ 9223.858000] [  INFO] mi_otn: [22:59:11.856 ] ots: -->kplv sent.
[22:59:11:259][ 9223.883000] [  WARN] Idle Task: bl616_pmtickless: --->>> [10]:On, [H]:1472, [1107536064:]
[22:59:12:273][ 9224.886000] [  WARN] Idle Task: bl616_pmtickless: <<<--- [R]:WIFI, [R]:992, [W]:9043, [L]:390
[22:59:12:288][ 9224.903000] [  INFO] ots_task: [22:59:12.903 ] ots: <--kplv ack.
[22:59:12:288][ 9224.915000] [  WARN] Idle Task: bl616_pmtickless: --->>> [10]:On, [H]:90994, [15:mi_otn]
[22:59:18:414][ 9231.035000] [  WARN] Idle Task: bl616_pmtickless: <<<--- [R]:WIFI, [R]:6110, [W]:9050, [L]:394
[22:59:18:446][ 9231.073000] [  WARN] Idle Task: bl616_pmtickless: --->>> [10]:On, [H]:84836, [15:mi_otn]
[23:00:12:380][ 9285.004000] [  WARN] Idle Task: bl616_pmtickless: <<<--- [R]:WIFI, [R]:53920, [W]:9114, [L]:425
[23:00:12:414][ 9285.037000] [  WARN] Idle Task: bl616_pmtickless: --->>> [10]:On, [H]:30872, [15:mi_otn]
[23:00:43:287][ 9315.929000] [  WARN] Idle Task: bl616_pmtickless: <<<--- [R]:RTC, [R]:30881, [W]:9147, [L]:436
[23:00:43:287][ 9315.942000] [  INFO] mi_otn: [23:00:43.941 ] ots: -->kplv sent.
[23:00:43:303][ 9315.948000] [  WARN] Idle Task: bl616_pmtickless: --->>> [10]:On, [H]:1493, [1107536064:]
[23:00:44:818][ 9317.459000] [  WARN] Idle Task: bl616_pmtickless: <<<--- [R]:RTC, [R]:1501, [W]:9149, [L]:438
[23:00:44:835][ 9317.474000] [  WARN] Idle Task: bl616_pmtickless: --->>> [10]:On, [H]:1495, [1107536064:]
[23:00:46:180][ 9318.813000] [  WARN] Idle Task: bl616_pmtickless: <<<--- [R]:WIFI, [R]:1328, [W]:9153, [L]:441
[23:00:46:180][ 9318.828000] [  INFO] ots_task: [23:00:46.828 ] ots: <--kplv ack.
[23:00:46:196][ 9318.841000] [  WARN] Idle Task: bl616_pmtickless: --->>> [10]:On, [H]:86060, [19:netMonitorTask]
[23:00:50:054][ 9322.701000] [  WARN] Idle Task: bl616_pmtickless: <<<--- [R]:WIFI, [R]:3848, [W]:9157, [L]:442
[23:00:50:086][ 9322.728000] [  WARN] Idle Task: bl616_pmtickless: --->>> [10]:On, [H]:82173, [19:netMonitorTask]
[23:01:42:799][ 9375.448000] [  WARN] Idle Task: bl616_pmtickless: <<<--- [R]:WIFI, [R]:52708, [W]:9214, [L]:461
[23:01:42:831][ 9375.483000] [  WARN] Idle Task: bl616_pmtickless: --->>> [10]:On, [H]:29418, [19:netMonitorTask]
[23:02:12:254][ 9404.922000] [  WARN] Idle Task: bl616_pmtickless: <<<--- [R]:RTC, [R]:29427, [W]:9246, [L]:474
[23:02:12:285][ 9404.933000] [  INFO] netMonitorTask: [23:02:12.933 ] miio_monitor: work time = 9404s, memory left = 111352
[23:02:12:285][ 9404.945000] [  WARN] Idle Task: bl616_pmtickless: --->>> [10]:On, [H]:4889, [15:mi_otn]
[23:02:17:188][ 9409.854000] [  WARN] Idle Task: bl616_pmtickless: <<<--- [R]:RTC, [R]:4898, [W]:9251, [L]:477
[23:02:17:204][ 9409.866000] [  INFO] mi_otn: [23:02:17.866 ] ots: -->kplv sent.
[23:02:17:220][ 9409.872000] [  WARN] Idle Task: bl616_pmtickless: --->>> [10]:On, [H]:1493, [1107536064:]
[23:02:17:300][ 9409.963000] [  WARN] Idle Task: bl616_pmtickless: <<<--- [R]:WIFI, [R]:80, [W]:9252, [L]:477
[23:02:17:316][ 9409.985000] [  INFO] ots_task: [23:02:17.985 ] ots: <--kplv ack.
[23:02:17:332][ 9409.995000] [  WARN] Idle Task: bl616_pmtickless: --->>> [10]:On, [H]:54752, [15:mi_otn]
[23:02:23:042][ 9415.704000] [  WARN] Idle Task: bl616_pmtickless: <<<--- [R]:WIFI, [R]:5698, [W]:9258, [L]:479
[23:02:23:075][ 9415.734000] [  WARN] Idle Task: bl616_pmtickless: --->>> [10]:On, [H]:49013, [15:mi_otn]
[23:03:04:916][ 9457.593000] [  WARN] Idle Task: bl616_pmtickless: <<<--- [R]:WIFI, [R]:41848, [W]:9304, [L]:495
[23:03:04:948][ 9457.622000] [  WARN] Idle Task: bl616_pmtickless: --->>> [10]:On, [H]:7125, [15:mi_otn]
[23:03:12:102][ 9464.766000] [  WARN] Idle Task: bl616_pmtickless: <<<--- [R]:RTC, [R]:7134, [W]:9312, [L]:499
[23:03:12:118][ 9464.784000] [  WARN] Idle Task: bl616_pmtickless: --->>> [10]:On, [H]:36213, [15:mi_otn]
[23:03:44:052][ 9496.715000] [  WARN] Idle Task: bl616_pmtickless: <<<--- [R]:WIFI, [R]:31920, [W]:9345, [L]:506
[23:03:44:062][ 9496.743000] [  WARN] Idle Task: bl616_pmtickless: --->>> [10]:On, [H]:4254, [15:mi_otn]
[23:03:45:064][ 9497.747000] [  WARN] Idle Task: bl616_pmtickless: <<<--- [R]:WIFI, [R]:993, [W]:9346, [L]:506
[23:03:45:096][ 9497.781000] [  WARN] Idle Task: bl616_pmtickless: --->>> [10]:On, [H]:3216, [15:mi_otn]
[23:03:46:089][ 9498.768000] [  WARN] Idle Task: bl616_pmtickless: <<<--- [R]:WIFI, [R]:977, [W]:9347, [L]:506
[23:03:46:120][ 9498.800000] [  WARN] Idle Task: bl616_pmtickless: --->>> [10]:On, [H]:2197, [15:mi_otn]
[23:03:48:336][ 9501.017000] [  WARN] Idle Task: bl616_pmtickless: <<<--- [R]:RTC, [R]:2206, [W]:9349, [L]:506
[23:03:48:336][ 9501.029000] [  INFO] mi_otn: [23:03:49.029 ] ots: -->kplv sent.
[23:03:48:356][ 9501.035000] [  WARN] Idle Task: bl616_pmtickless: --->>> [10]:On, [H]:1493, [1107536064:]
[23:03:49:152][ 9501.845000] [  WARN] Idle Task: bl616_pmtickless: <<<--- [R]:WIFI, [R]:799, [W]:9350, [L]:506
[23:03:49:184][ 9501.877000] [  WARN] Idle Task: bl616_pmtickless: --->>> [10]:On, [H]:651, [1107536064:]
[23:03:49:860][ 9502.548000] [  WARN] Idle Task: bl616_pmtickless: <<<--- [R]:RTC, [R]:660, [W]:9350, [L]:506
[23:03:49:878][ 9502.562000] [  WARN] Idle Task: bl616_pmtickless: --->>> [10]:On, [H]:2996, [1107536064:]
[23:03:50:183][ 9502.870000] [  WARN] Idle Task: bl616_pmtickless: <<<--- [R]:WIFI, [R]:297, [W]:9351, [L]:506
[23:03:50:198][ 9502.885000] [  INFO] ots_task: [23:03:50.885 ] ots: <--kplv ack.
[23:03:50:214][ 9502.899000] [  WARN] Idle Task: bl616_pmtickless: --->>> [10]:On, [H]:90992, [15:mi_otn]
[23:03:53:048][ 9505.741000] [  WARN] Idle Task: bl616_pmtickless: <<<--- [R]:WIFI, [R]:2831, [W]:9354, [L]:507
[23:03:53:080][ 9505.775000] [  WARN] Idle Task: bl616_pmtickless: --->>> [10]:On, [H]:88116, [15:mi_otn]
[23:03:56:130][ 9508.816000] [  WARN] Idle Task: bl616_pmtickless: <<<--- [R]:WIFI, [R]:3030, [W]:9357, [L]:507
[23:03:56:162][ 9508.848000] [  WARN] Idle Task: bl616_pmtickless: --->>> [10]:On, [H]:85043, [15:mi_otn]
[23:04:43:222][ 9555.925000] [  WARN] Idle Task: bl616_pmtickless: <<<--- [R]:WIFI, [R]:47066, [W]:9403, [L]:507
[23:04:43:254][ 9555.952000] [  WARN] Idle Task: bl616_pmtickless: --->>> [10]:On, [H]:37939, [15:mi_otn]
[23:05:13:944][ 9586.652000] [  WARN] Idle Task: bl616_pmtickless: <<<--- [R]:WIFI, [R]:30689, [W]:9433, [L]:507
[23:05:13:976][ 9586.686000] [  WARN] Idle Task: bl616_pmtickless: --->>> [10]:On, [H]:7205, [15:mi_otn]
[23:05:17:013][ 9589.725000] [  WARN] Idle Task: bl616_pmtickless: <<<--- [R]:WIFI, [R]:3028, [W]:9436, [L]:507
[23:05:17:045][ 9589.760000] [  WARN] Idle Task: bl616_pmtickless: --->>> [10]:On, [H]:4131, [15:mi_otn]
[23:05:20:090][ 9592.799000] [  WARN] Idle Task: bl616_pmtickless: <<<--- [R]:WIFI, [R]:3028, [W]:9439, [L]:507
[23:05:20:121][ 9592.832000] [  WARN] Idle Task: bl616_pmtickless: --->>> [10]:On, [H]:1059, [15:mi_otn]
[23:05:21:202][ 9593.911000] [  WARN] Idle Task: bl616_pmtickless: <<<--- [R]:RTC, [R]:1068, [W]:9440, [L]:507
[23:05:21:202][ 9593.923000] [  INFO] mi_otn: [23:05:21.923 ] ots: -->kplv sent.
[23:05:21:218][ 9593.929000] [  WARN] Idle Task: bl616_pmtickless: --->>> [10]:On, [H]:2993, [1107536064:]
[23:05:22:246][ 9594.955000] [  WARN] Idle Task: bl616_pmtickless: <<<--- [R]:WIFI, [R]:1015, [W]:9441, [L]:507
[23:05:22:262][ 9594.975000] [  INFO] ots_task: [23:05:22.974 ] ots: <--kplv ack.
[23:05:22:278][ 9594.993000] [  WARN] Idle Task: bl616_pmtickless: --->>> [10]:On, [H]:90987, [15:mi_otn]
[23:05:25:318][ 9598.027000] [  WARN] Idle Task: bl616_pmtickless: <<<--- [R]:WIFI, [R]:3023, [W]:9444, [L]:507
[23:05:25:349][ 9598.061000] [  WARN] Idle Task: bl616_pmtickless: --->>> [10]:On, [H]:87919, [15:mi_otn]
[23:05:26:333][ 9599.054000] [  WARN] Idle Task: bl616_pmtickless: <<<--- [R]:WIFI, [R]:982, [W]:9445, [L]:507
[23:05:26:365][ 9599.082000] [  WARN] Idle Task: bl616_pmtickless: --->>> [10]:On, [H]:86898, [15:mi_otn]
[23:05:31:455][ 9604.176000] [  WARN] Idle Task: bl616_pmtickless: <<<--- [R]:WIFI, [R]:5083, [W]:9450, [L]:507
[23:05:31:487][ 9604.207000] [  WARN] Idle Task: bl616_pmtickless: --->>> [10]:On, [H]:81773, [15:mi_otn]
[23:05:38:631][ 9611.346000] [  WARN] Idle Task: bl616_pmtickless: <<<--- [R]:WIFI, [R]:7128, [W]:9457, [L]:507
[23:05:38:647][ 9611.375000] [  WARN] Idle Task: bl616_pmtickless: --->>> [10]:On, [H]:74605, [15:mi_otn]
[23:05:49:897][ 9622.615000] [  WARN] Idle Task: bl616_pmtickless: <<<--- [R]:WIFI, [R]:11229, [W]:9468, [L]:507
[23:05:49:929][ 9622.650000] [  WARN] Idle Task: bl616_pmtickless: --->>> [10]:On, [H]:63330, [15:mi_otn]
[23:06:10:369][ 9643.098000] [  WARN] Idle Task: bl616_pmtickless: <<<--- [R]:WIFI, [R]:20437, [W]:9488, [L]:507
[23:06:10:401][ 9643.128000] [  WARN] Idle Task: bl616_pmtickless: --->>> [10]:On, [H]:42852, [15:mi_otn]
[23:06:44:157][ 9676.896000] [  WARN] Idle Task: bl616_pmtickless: <<<--- [R]:WIFI, [R]:33757, [W]:9521, [L]:507
[23:06:44:189][ 9676.923000] [  WARN] Idle Task: bl616_pmtickless: --->>> [10]:On, [H]:9057, [15:mi_otn]
[23:06:45:188][ 9677.921000] [  WARN] Idle Task: bl616_pmtickless: <<<--- [R]:WIFI, [R]:987, [W]:9522, [L]:507
[23:06:45:204][ 9677.949000] [  WARN] Idle Task: bl616_pmtickless: --->>> [10]:On, [H]:8031, [15:mi_otn]
[23:06:53:268][ 9686.000000] [  WARN] Idle Task: bl616_pmtickless: <<<--- [R]:RTC, [R]:8040, [W]:9530, [L]:508
[23:06:53:268][ 9686.013000] [  INFO] mi_otn: [23:06:54.012 ] ots: -->kplv sent.
[23:06:53:284][ 9686.019000] [  WARN] Idle Task: bl616_pmtickless: --->>> [10]:On, [H]:2993, [1107536064:]
[23:06:54:207][ 9686.937000] [  WARN] Idle Task: bl616_pmtickless: <<<--- [R]:WIFI, [R]:908, [W]:9531, [L]:508
[23:06:54:207][ 9686.954000] [  INFO] ots_task: [23:06:54.954 ] ots: <--kplv ack.
[23:06:54:222][ 9686.966000] [  WARN] Idle Task: bl616_pmtickless: --->>> [10]:On, [H]:15618, [15:mi_otn]
[23:06:59:323][ 9692.059000] [  WARN] Idle Task: bl616_pmtickless: <<<--- [R]:WIFI, [R]:5082, [W]:9536, [L]:508
[23:06:59:339][ 9692.087000] [  WARN] Idle Task: bl616_pmtickless: --->>> [10]:On, [H]:10497, [15:mi_otn]
[23:07:09:865][ 9702.604000] [  WARN] Idle Task: bl616_pmtickless: <<<--- [R]:RTC, [R]:10506, [W]:9546, [L]:508
[23:07:09:865][ 9702.616000] [NOTICE] mi_otn: [23:07:10.616 ] ots: -->sync sent.
[23:07:09:881][ 9702.622000] [  WARN] Idle Task: bl616_pmtickless: --->>> [10]:On, [H]:2320, [19:netMonitorTask]
[23:07:10:590][ 9703.330000] [  WARN] Idle Task: bl616_pmtickless: <<<--- [R]:WIFI, [R]:697, [W]:9547, [L]:508
[23:07:10:590][ 9703.347000] [NOTICE] ots_task: [23:07:11.347 ] ots: <--sync ack.
[23:07:10:621][ 9703.364000] [  WARN] Idle Task: bl616_pmtickless: --->>> [10]:On, [H]:1578, [19:netMonitorTask]
[23:07:12:220][ 9704.963000] [  WARN] Idle Task: bl616_pmtickless: <<<--- [R]:RTC, [R]:1587, [W]:9548, [L]:508
[23:07:12:220][ 9704.974000] [  INFO] netMonitorTask: [23:07:10.974 ] miio_monitor: work time = 9704s, memory left = 111352
[23:07:12:236][ 9704.984000] [  WARN] Idle Task: bl616_pmtickless: --->>> [10]:On, [H]:72981, [15:mi_otn]
[23:07:44:368][ 9737.128000] [  WARN] Idle Task: bl616_pmtickless: <<<--- [R]:WIFI, [R]:32133, [W]:9580, [L]:508
[23:07:44:399][ 9737.156000] [  WARN] Idle Task: bl616_pmtickless: --->>> [10]:On, [H]:40809, [15:mi_otn]
[23:07:54:619][ 9747.371000] [  WARN] Idle Task: bl616_pmtickless: <<<--- [R]:WIFI, [R]:10204, [W]:9590, [L]:508
[23:07:54:635][ 9747.399000] [  WARN] Idle Task: bl616_pmtickless: --->>> [10]:On, [H]:30566, [15:mi_otn]
[23:08:25:222][ 9777.985000] [  WARN] Idle Task: bl616_pmtickless: <<<--- [R]:RTC, [R]:30575, [W]:9619, [L]:508
[23:08:25:238][ 9777.997000] [  INFO] mi_otn: [23:08:23.997 ] ots: -->kplv sent.
[23:08:25:238][ 9778.003000] [  WARN] Idle Task: bl616_pmtickless: --->>> [10]:On, [H]:2993, [1107536064:]
[23:08:25:334][ 9778.100000] [  WARN] Idle Task: bl616_pmtickless: <<<--- [R]:WIFI, [R]:86, [W]:9620, [L]:508
[23:08:25:350][ 9778.114000] [  INFO] ots_task: [23:08:24.114 ] ots: <--kplv ack.
[23:08:25:366][ 9778.127000] [  WARN] Idle Task: bl616_pmtickless: --->>> [10]:On, [H]:90993, [15:mi_otn]
[23:08:30:456][ 9783.221000] [  WARN] Idle Task: bl616_pmtickless: <<<--- [R]:WIFI, [R]:5083, [W]:9625, [L]:508
[23:08:30:471][ 9783.248000] [  WARN] Idle Task: bl616_pmtickless: --->>> [10]:On, [H]:85872, [15:mi_otn]
[23:08:45:807][ 9798.584000] [  WARN] Idle Task: bl616_pmtickless: <<<--- [R]:WIFI, [R]:15325, [W]:9640, [L]:508
[23:08:45:839][ 9798.613000] [  WARN] Idle Task: bl616_pmtickless: --->>> [10]:On, [H]:70508, [15:mi_otn]
[23:08:46:830][ 9799.610000] [  WARN] Idle Task: bl616_pmtickless: <<<--- [R]:WIFI, [R]:987, [W]:9641, [L]:508
[23:08:46:862][ 9799.641000] [  WARN] Idle Task: bl616_pmtickless: --->>> [10]:On, [H]:69479, [15:mi_otn]
[23:08:47:861][ 9800.639000] [  WARN] Idle Task: bl616_pmtickless: <<<--- [R]:WIFI, [R]:987, [W]:9642, [L]:508
[23:08:47:893][ 9800.671000] [  WARN] Idle Task: bl616_pmtickless: --->>> [10]:On, [H]:68449, [15:mi_otn]
[23:08:49:913][ 9802.690000] [  WARN] Idle Task: bl616_pmtickless: <<<--- [R]:WIFI, [R]:2008, [W]:9644, [L]:508
[23:08:49:944][ 9802.718000] [  WARN] Idle Task: bl616_pmtickless: --->>> [10]:On, [H]:66402, [15:mi_otn]
[23:08:54:013][ 9806.786000] [  WARN] Idle Task: bl616_pmtickless: <<<--- [R]:WIFI, [R]:4057, [W]:9648, [L]:508
[23:08:54:029][ 9806.814000] [  WARN] Idle Task: bl616_pmtickless: --->>> [10]:On, [H]:62306, [15:mi_otn]
[23:09:46:029][ 9858.818000] [  WARN] Idle Task: bl616_pmtickless: <<<--- [R]:WIFI, [R]:51994, [W]:9700, [L]:513
[23:09:46:061][ 9858.846000] [  WARN] Idle Task: bl616_pmtickless: --->>> [10]:On, [H]:10274, [15:mi_otn]
[23:09:56:345][ 9869.140000] [  WARN] Idle Task: bl616_pmtickless: <<<--- [R]:RTC, [R]:10283, [W]:9710, [L]:513
[23:09:56:345][ 9869.152000] [  INFO] mi_otn: [23:09:55.152 ] ots: -->kplv sent.
[23:09:56:377][ 9869.161000] [  WARN] Idle Task: bl616_pmtickless: --->>> [10]:On, [H]:2990, [1107536064:]
[23:09:59:339][ 9872.131000] [  WARN] Idle Task: bl616_pmtickless: <<<--- [R]:WIFI, [R]:2959, [W]:9713, [L]:513
[23:09:59:393][ 9872.179000] [  WARN] Idle Task: bl616_pmtickless: --->>> [10]:On, [H]:5974, [1107536064:]
[23:10:00:372][ 9873.158000] [  WARN] Idle Task: bl616_pmtickless: <<<--- [R]:WIFI, [R]:968, [W]:9714, [L]:513
[23:10:00:383][ 9873.176000] [  INFO] ots_task: [23:09:59.176 ] ots: <--kplv ack.
[23:10:00:399][ 9873.190000] [  WARN] Idle Task: bl616_pmtickless: --->>> [10]:On, [H]:90992, [15:mi_otn]
[23:10:05:486][ 9878.279000] [  WARN] Idle Task: bl616_pmtickless: <<<--- [R]:WIFI, [R]:5078, [W]:9719, [L]:513
[23:10:05:518][ 9878.313000] [  WARN] Idle Task: bl616_pmtickless: --->>> [10]:On, [H]:85869, [15:mi_otn]
[23:10:46:030][ 9918.835000] [  WARN] Idle Task: bl616_pmtickless: <<<--- [R]:WIFI, [R]:40511, [W]:9759, [L]:515
[23:10:46:061][ 9918.864000] [  WARN] Idle Task: bl616_pmtickless: --->>> [10]:On, [H]:45318, [15:mi_otn]
[23:11:31:384][ 9964.202000] [  WARN] Idle Task: bl616_pmtickless: <<<--- [R]:RTC, [R]:45327, [W]:9804, [L]:520
[23:11:31:384][ 9964.214000] [  INFO] mi_otn: [23:11:30.214 ] ots: -->kplv sent.
[23:11:31:416][ 9964.220000] [  WARN] Idle Task: bl616_pmtickless: --->>> [10]:On, [H]:5993, [1107536064:]
[23:11:37:418][ 9970.233000] [  WARN] Idle Task: bl616_pmtickless: <<<--- [R]:RTC, [R]:6002, [W]:9810, [L]:521
[23:11:37:434][ 9970.250000] [  WARN] Idle Task: bl616_pmtickless: --->>> [10]:On, [H]:8045, [0:]
[23:11:38:465][ 9971.276000] [  WARN] Idle Task: bl616_pmtickless: <<<--- [R]:WIFI, [R]:1015, [W]:9811, [L]:521
[23:11:38:481][ 9971.295000] [  INFO] ots_task: [23:11:37.295 ] ots: <--kplv ack.
[23:11:38:497][ 9971.306000] [  WARN] Idle Task: bl616_pmtickless: --->>> [10]:On, [H]:33676, [19:netMonitorTask]
[23:11:43:578][ 9976.399000] [  WARN] Idle Task: bl616_pmtickless: <<<--- [R]:WIFI, [R]:5081, [W]:9816, [L]:521
[23:11:43:626][ 9976.435000] [  WARN] Idle Task: bl616_pmtickless: --->>> [10]:On, [H]:28547, [19:netMonitorTask]
[23:11:51:572][ 9984.389000] [  WARN] Idle Task: bl616_pmtickless: <<<--- [R]:WIFI, [R]:7943, [W]:9824, [L]:522
[23:11:51:604][ 9984.427000] [  WARN] Idle Task: bl616_pmtickless: --->>> [10]:On, [H]:20555, [19:netMonitorTask]
[23:12:12:176][10005.002000] [  WARN] Idle Task: bl616_pmtickless: <<<--- [R]:RTC, [R]:20564, [W]:9844, [L]:522
[23:12:12:176][10005.014000] [  INFO] netMonitorTask: [23:12:11.014 ] miio_monitor: work time = 10005s, memory left = 111352
[23:12:12:196][10005.024000] [  WARN] Idle Task: bl616_pmtickless: --->>> [10]:On, [H]:57277, [15:mi_otn]
[23:12:45:842][10038.673000] [  WARN] Idle Task: bl616_pmtickless: <<<--- [R]:WIFI, [R]:33638, [W]:9878, [L]:526
[23:12:45:875][10038.706000] [  WARN] Idle Task: bl616_pmtickless: --->>> [10]:On, [H]:23595, [15:mi_otn]
[23:13:09:482][10062.321000] [  WARN] Idle Task: bl616_pmtickless: <<<--- [R]:RTC, [R]:23604, [W]:9901, [L]:527
[23:13:09:482][10062.333000] [  INFO] mi_otn: [23:13:08.333 ] ots: -->kplv sent.
[23:13:09:498][10062.339000] [  WARN] Idle Task: bl616_pmtickless: --->>> [10]:On, [H]:2450, [15:mi_otn]
[23:13:10:208][10063.050000] [  WARN] Idle Task: bl616_pmtickless: <<<--- [R]:WIFI, [R]:700, [W]:9902, [L]:527
[23:13:10:224][10063.069000] [  INFO] ots_task: [23:13:09.069 ] ots: <--kplv ack.
[23:13:10:240][10063.081000] [  WARN] Idle Task: bl616_pmtickless: --->>> [10]:On, [H]:1702, [15:mi_otn]
[23:13:11:236][10064.074000] [  WARN] Idle Task: bl616_pmtickless: <<<--- [R]:WIFI, [R]:982, [W]:9903, [L]:527
[23:13:11:270][10064.103000] [  WARN] Idle Task: bl616_pmtickless: --->>> [10]:On, [H]:680, [15:mi_otn]
[23:13:11:964][10064.803000] [  WARN] Idle Task: bl616_pmtickless: <<<--- [R]:RTC, [R]:689, [W]:9903, [L]:527
[23:13:11:980][10064.820000] [  WARN] Idle Task: bl616_pmtickless: --->>> [10]:On, [H]:89261, [15:mi_otn]
[23:13:15:336][10068.175000] [  WARN] Idle Task: bl616_pmtickless: <<<--- [R]:WIFI, [R]:3344, [W]:9907, [L]:527
[23:13:15:368][10068.211000] [  WARN] Idle Task: bl616_pmtickless: --->>> [10]:On, [H]:85870, [15:mi_otn]
[23:13:46:667][10099.516000] [  WARN] Idle Task: bl616_pmtickless: <<<--- [R]:WIFI, [R]:31294, [W]:9938, [L]:529
[23:13:46:700][10099.549000] [  WARN] Idle Task: bl616_pmtickless: --->>> [10]:On, [H]:54532, [15:mi_otn]
[23:13:58:956][10111.806000] [  WARN] Idle Task: bl616_pmtickless: <<<--- [R]:WIFI, [R]:12246, [W]:9950, [L]:529
[23:13:59:021][10111.871000] [  WARN] Idle Task: bl616_pmtickless: --->>> [10]:On, [H]:42210, [15:mi_otn]
[23:14:41:240][10154.101000] [  WARN] Idle Task: bl616_pmtickless: <<<--- [R]:RTC, [R]:42219, [W]:9992, [L]:536
[23:14:41:240][10154.114000] [  INFO] mi_otn: [23:14:40.114 ] ots: -->kplv sent.
[23:14:41:257][10154.120000] [  WARN] Idle Task: bl616_pmtickless: --->>> [10]:On, [H]:11992, [1107536064:]
[23:14:41:351][10154.210000] [  WARN] Idle Task: bl616_pmtickless: <<<--- [R]:WIFI, [R]:79, [W]:9993, [L]:536
[23:14:41:372][10154.225000] [  INFO] ots_task: [23:14:40.225 ] ots: <--kplv ack.
[23:14:41:385][10154.239000] [  WARN] Idle Task: bl616_pmtickless: --->>> [10]:On, [H]:67340, [15:mi_otn]
[23:14:44:423][10157.283000] [  WARN] Idle Task: bl616_pmtickless: <<<--- [R]:WIFI, [R]:3033, [W]:9996, [L]:536
[23:14:44:455][10157.321000] [  WARN] Idle Task: bl616_pmtickless: --->>> [10]:On, [H]:64258, [15:mi_otn]
[23:14:46:470][10159.334000] [  WARN] Idle Task: bl616_pmtickless: <<<--- [R]:WIFI, [R]:2002, [W]:9998, [L]:536
[23:14:46:499][10159.363000] [  WARN] Idle Task: bl616_pmtickless: --->>> [10]:On, [H]:62216, [15:mi_otn]
[23:14:47:489][10160.359000] [  WARN] Idle Task: bl616_pmtickless: <<<--- [R]:WIFI, [R]:985, [W]:9999, [L]:536
[23:14:47:520][10160.387000] [  WARN] Idle Task: bl616_pmtickless: --->>> [10]:On, [H]:61192, [15:mi_otn]
[23:15:47:296][10220.171000] [  WARN] Idle Task: bl616_pmtickless: <<<--- [R]:WIFI, [R]:59773, [W]:10059, [L]:542
[23:15:47:329][10220.205000] [  WARN] Idle Task: bl616_pmtickless: --->>> [10]:On, [H]:1374, [15:mi_otn]
[23:15:48:717][10221.599000] [  WARN] Idle Task: bl616_pmtickless: <<<--- [R]:RTC, [R]:1383, [W]:10060, [L]:542
[23:15:48:734][10221.611000] [  WARN] Idle Task: bl616_pmtickless: --->>> [10]:On, [H]:3968, [15:mi_otn]
[23:15:52:720][10225.598000] [  WARN] Idle Task: bl616_pmtickless: <<<--- [R]:RTC, [R]:3977, [W]:10064, [L]:543
[23:15:52:736][10225.614000] [  WARN] Idle Task: bl616_pmtickless: --->>> [10]:On, [H]:3998, [15:mi_otn]
[23:15:53:240][10226.116000] [  WARN] Idle Task: bl616_pmtickless: <<<--- [R]:WIFI, [R]:491, [W]:10065, [L]:543
[23:15:53:266][10226.148000] [  WARN] Idle Task: bl616_pmtickless: --->>> [10]:On, [H]:78875, [19:netMonitorTask]
[23:15:58:363][10231.239000] [  WARN] Idle Task: bl616_pmtickless: <<<--- [R]:WIFI, [R]:5079, [W]:10070, [L]:543
[23:15:58:393][10231.277000] [  WARN] Idle Task: bl616_pmtickless: --->>> [10]:On, [H]:73746, [19:netMonitorTask]
[23:15:59:391][10232.267000] [  WARN] Idle Task: bl616_pmtickless: <<<--- [R]:WIFI, [R]:978, [W]:10071, [L]:543
[23:15:59:409][10232.297000] [  WARN] Idle Task: bl616_pmtickless: --->>> [10]:On, [H]:72726, [19:netMonitorTask]
[23:16:47:310][10280.197000] [  WARN] Idle Task: bl616_pmtickless: <<<--- [R]:WIFI, [R]:47888, [W]:10118, [L]:544
[23:16:47:341][10280.230000] [  WARN] Idle Task: bl616_pmtickless: --->>> [10]:On, [H]:24793, [19:netMonitorTask]
[23:17:12:151][10305.044000] [  WARN] Idle Task: bl616_pmtickless: <<<--- [R]:RTC, [R]:24802, [W]:10142, [L]:546
[23:17:12:168][10305.056000] [  INFO] netMonitorTask: [23:17:11.055 ] miio_monitor: work time = 10305s, memory left = 111352
[23:17:12:168][10305.066000] [  WARN] Idle Task: bl616_pmtickless: --->>> [10]:On, [H]:12080, [15:mi_otn]
[23:17:24:259][10317.165000] [  WARN] Idle Task: bl616_pmtickless: <<<--- [R]:RTC, [R]:12089, [W]:10154, [L]:546
[23:17:24:263][10317.178000] [  INFO] mi_otn: [23:17:23.178 ] ots: -->kplv sent.
[23:17:24:291][10317.184000] [  WARN] Idle Task: bl616_pmtickless: --->>> [10]:On, [H]:11993, [1107536064:]
[23:17:24:787][10317.685000] [  WARN] Idle Task: bl616_pmtickless: <<<--- [R]:WIFI, [R]:490, [W]:10155, [L]:546
[23:17:24:803][10317.711000] [  INFO] ots_task: [23:17:23.711 ] ots: <--kplv ack.
[23:17:24:820][10317.722000] [  WARN] Idle Task: bl616_pmtickless: --->>> [10]:On, [H]:90995, [15:mi_otn]
[23:17:29:908][10322.808000] [  WARN] Idle Task: bl616_pmtickless: <<<--- [R]:WIFI, [R]:5075, [W]:10160, [L]:546
[23:17:29:939][10322.843000] [  WARN] Idle Task: bl616_pmtickless: --->>> [10]:On, [H]:85874, [15:mi_otn]
[23:17:30:921][10323.834000] [  WARN] Idle Task: bl616_pmtickless: <<<--- [R]:WIFI, [R]:980, [W]:10161, [L]:546
[23:17:30:969][10323.871000] [  WARN] Idle Task: bl616_pmtickless: --->>> [10]:On, [H]:84846, [15:mi_otn]
[23:18:03:279][10356.197000] [  WARN] Idle Task: bl616_pmtickless: <<<--- [R]:WIFI, [R]:32315, [W]:10193, [L]:548
[23:18:03:313][10356.228000] [  WARN] Idle Task: bl616_pmtickless: --->>> [10]:On, [H]:52489, [15:mi_otn]
[23:18:48:339][10401.262000] [  WARN] Idle Task: bl616_pmtickless: <<<--- [R]:WIFI, [R]:45023, [W]:10238, [L]:552
[23:18:48:371][10401.291000] [  WARN] Idle Task: bl616_pmtickless: --->>> [10]:On, [H]:7426, [15:mi_otn]
[23:18:49:363][10402.286000] [  WARN] Idle Task: bl616_pmtickless: <<<--- [R]:WIFI, [R]:984, [W]:10239, [L]:552
[23:18:49:395][10402.316000] [  WARN] Idle Task: bl616_pmtickless: --->>> [10]:On, [H]:6401, [15:mi_otn]
[23:18:50:395][10403.313000] [  WARN] Idle Task: bl616_pmtickless: <<<--- [R]:WIFI, [R]:986, [W]:10240, [L]:552
[23:18:50:423][10403.350000] [  WARN] Idle Task: bl616_pmtickless: --->>> [10]:On, [H]:5367, [15:mi_otn]
[23:18:53:463][10406.387000] [  WARN] Idle Task: bl616_pmtickless: <<<--- [R]:WIFI, [R]:3026, [W]:10243, [L]:552
[23:18:53:495][10406.417000] [  WARN] Idle Task: bl616_pmtickless: --->>> [10]:On, [H]:2300, [15:mi_otn]
[23:18:55:808][10408.737000] [  WARN] Idle Task: bl616_pmtickless: <<<--- [R]:RTC, [R]:2309, [W]:10245, [L]:552
[23:18:55:826][10408.749000] [  INFO] mi_otn: [23:18:54.749 ] ots: -->kplv sent.
[23:18:55:826][10408.755000] [  WARN] Idle Task: bl616_pmtickless: --->>> [10]:On, [H]:11993, [1107536064:]
[23:18:56:544][10409.463000] [  WARN] Idle Task: bl616_pmtickless: <<<--- [R]:WIFI, [R]:697, [W]:10246, [L]:552
[23:18:56:558][10409.481000] [  INFO] ots_task: [23:18:55.481 ] ots: <--kplv ack.
[23:18:56:558][10409.492000] [  WARN] Idle Task: bl616_pmtickless: --->>> [10]:On, [H]:90995, [15:mi_otn]
[23:18:57:562][10410.487000] [  WARN] Idle Task: bl616_pmtickless: <<<--- [R]:WIFI, [R]:984, [W]:10247, [L]:552
[23:18:57:594][10410.517000] [  WARN] Idle Task: bl616_pmtickless: --->>> [10]:On, [H]:89970, [15:mi_otn]
[23:19:01:662][10414.587000] [  WARN] Idle Task: bl616_pmtickless: <<<--- [R]:WIFI, [R]:4059, [W]:10251, [L]:552
[23:19:01:677][10414.616000] [  WARN] Idle Task: bl616_pmtickless: --->>> [10]:On, [H]:85871, [15:mi_otn]
[23:19:40:362][10453.301000] [  WARN] Idle Task: bl616_pmtickless: <<<--- [R]:WIFI, [R]:38674, [W]:10289, [L]:553
[23:19:40:393][10453.333000] [  WARN] Idle Task: bl616_pmtickless: --->>> [10]:On, [H]:47154, [15:mi_otn]
[23:20:02:886][10475.831000] [  WARN] Idle Task: bl616_pmtickless: <<<--- [R]:WIFI, [R]:22487, [W]:10311, [L]:553
[23:20:02:916][10475.862000] [  WARN] Idle Task: bl616_pmtickless: --->>> [10]:On, [H]:24625, [15:mi_otn]
[23:20:05:964][10478.905000] [  WARN] Idle Task: bl616_pmtickless: <<<--- [R]:WIFI, [R]:3032, [W]:10314, [L]:553
[23:20:05:996][10478.934000] [  WARN] Idle Task: bl616_pmtickless: --->>> [10]:On, [H]:21553, [15:mi_otn]
[23:20:11:077][10484.028000] [  WARN] Idle Task: bl616_pmtickless: <<<--- [R]:WIFI, [R]:5083, [W]:10319, [L]:553
[23:20:11:109][10484.061000] [  WARN] Idle Task: bl616_pmtickless: --->>> [10]:On, [H]:16426, [15:mi_otn]
[23:20:17:220][10490.173000] [  WARN] Idle Task: bl616_pmtickless: <<<--- [R]:WIFI, [R]:6102, [W]:10325, [L]:553
[23:20:17:250][10490.204000] [  WARN] Idle Task: bl616_pmtickless: --->>> [10]:On, [H]:10283, [15:mi_otn]
[23:20:25:214][10498.165000] [  WARN] Idle Task: bl616_pmtickless: <<<--- [R]:WIFI, [R]:7950, [W]:10333, [L]:554
[23:20:25:245][10498.196000] [  WARN] Idle Task: bl616_pmtickless: --->>> [10]:On, [H]:2291, [15:mi_otn]
[23:20:27:552][10500.507000] [  WARN] Idle Task: bl616_pmtickless: <<<--- [R]:RTC, [R]:2300, [W]:10335, [L]:554
[23:20:27:554][10500.519000] [  INFO] mi_otn: [23:20:26.519 ] ots: -->kplv sent.
[23:20:27:571][10500.526000] [  WARN] Idle Task: bl616_pmtickless: --->>> [10]:On, [H]:11993, [1107536064:]
[23:20:28:295][10501.239000] [  WARN] Idle Task: bl616_pmtickless: <<<--- [R]:WIFI, [R]:702, [W]:10336, [L]:554
[23:20:28:295][10501.254000] [  INFO] ots_task: [23:20:27.253 ] ots: <--kplv ack.
[23:20:28:308][10501.268000] [  WARN] Idle Task: bl616_pmtickless: --->>> [10]:On, [H]:90991, [15:mi_otn]
[23:20:33:399][10506.361000] [  WARN] Idle Task: bl616_pmtickless: <<<--- [R]:WIFI, [R]:5082, [W]:10341, [L]:554
[23:20:33:449][10506.397000] [  WARN] Idle Task: bl616_pmtickless: --->>> [10]:On, [H]:85862, [15:mi_otn]
[23:20:34:427][10507.387000] [  WARN] Idle Task: bl616_pmtickless: <<<--- [R]:WIFI, [R]:979, [W]:10342, [L]:554
[23:20:34:459][10507.420000] [  WARN] Idle Task: bl616_pmtickless: --->>> [10]:On, [H]:84839, [15:mi_otn]
[23:20:37:501][10510.461000] [  WARN] Idle Task: bl616_pmtickless: <<<--- [R]:WIFI, [R]:3030, [W]:10345, [L]:554
[23:20:37:533][10510.492000] [  WARN] Idle Task: bl616_pmtickless: --->>> [10]:On, [H]:81767, [15:mi_otn]
[23:20:56:965][10529.923000] [  WARN] Idle Task: bl616_pmtickless: <<<--- [R]:WIFI, [R]:19420, [W]:10364, [L]:554
[23:20:56:984][10529.951000] [  WARN] Idle Task: bl616_pmtickless: --->>> [10]:On, [H]:62308, [15:mi_otn]
[23:21:34:845][10567.817000] [  WARN] Idle Task: bl616_pmtickless: <<<--- [R]:WIFI, [R]:37855, [W]:10401, [L]:554
[23:21:34:877][10567.847000] [  WARN] Idle Task: bl616_pmtickless: --->>> [10]:On, [H]:24412, [15:mi_otn]
[23:21:59:308][10592.279000] [  WARN] Idle Task: bl616_pmtickless: <<<--- [R]:RTC, [R]:24421, [W]:10424, [L]:554
[23:21:59:308][10592.291000] [  INFO] mi_otn: [23:21:58.291 ] ots: -->kplv sent.
[23:21:59:324][10592.297000] [  WARN] Idle Task: bl616_pmtickless: --->>> [10]:On, [H]:11993, [1107536064:]
[23:22:00:336][10593.323000] [  WARN] Idle Task: bl616_pmtickless: <<<--- [R]:WIFI, [R]:1015, [W]:10425, [L]:554
[23:22:00:368][10593.341000] [  INFO] ots_task: [23:21:59.341 ] ots: <--kplv ack.
[23:22:00:384][10593.356000] [  WARN] Idle Task: bl616_pmtickless: --->>> [10]:On, [H]:11708, [19:netMonitorTask]
[23:22:04:435][10597.421000] [  WARN] Idle Task: bl616_pmtickless: <<<--- [R]:WIFI, [R]:4053, [W]:10429, [L]:554
[23:22:04:483][10597.459000] [  WARN] Idle Task: bl616_pmtickless: --->>> [10]:On, [H]:7605, [19:netMonitorTask]
[23:22:12:092][10605.085000] [  WARN] Idle Task: bl616_pmtickless: <<<--- [R]:RTC, [R]:7614, [W]:10436, [L]:554
[23:22:12:108][10605.096000] [  INFO] netMonitorTask: [23:22:11.096 ] miio_monitor: work time = 10605s, memory left = 111352
[23:22:12:124][10605.106000] [  WARN] Idle Task: bl616_pmtickless: --->>> [10]:On, [H]:380, [15:mi_otn]
[23:22:12:529][10605.506000] [  WARN] Idle Task: bl616_pmtickless: <<<--- [R]:RTC, [R]:389, [W]:10436, [L]:554
[23:22:12:529][10605.515000] [  INFO] mi_otn: [23:22:11.515 ] miio_ot: -->pull ip list sent.
[23:22:12:542][10605.527000] [  WARN] Idle Task: bl616_pmtickless: --->>> [10]:On, [H]:3997, [15:mi_otn]
[23:22:13:153][10606.131000] [  WARN] Idle Task: bl616_pmtickless: <<<--- [R]:WIFI, [R]:594, [W]:10437, [L]:554
[23:22:13:188][10606.169000] [  WARN] Idle Task: bl616_pmtickless: --->>> [10]:On, [H]:9464, [15:mi_otn]
[23:22:22:649][10615.653000] [  WARN] Idle Task: bl616_pmtickless: <<<--- [R]:RTC, [R]:9473, [W]:10446, [L]:554
[23:22:22:680][10615.665000] [  INFO] mi_otn: [23:22:21.665 ] miio_instance: miio_info_kvs_hook_default called
[23:22:22:680][10615.678000] [NOTICE] mi_otn: [23:22:21.678 ] miio_ot: up _otc.info:{"id":290717792,"method":"_otc.info","params":{"life":10615,"model":"xiaomi.dev.bl3","token":"06dd************************441a","ipflag":1,"fw_ver":"1.0.3","miio_ver":"0.1.0","hw_ver":"BL616-BL3","chip_ver":1,"mmfree":109968,"mac":"C4:93:BB:AD:C8:29","wifi_fw_ver":"WifiVer.N\/A","ap":{"ssid":"Xiaomi_be3600","bssid":"42:EE:97:F0:4C:60","rssi":-34,"primary":1},"netif":{"localIp":"192.168.3.66","mask":"255.255.255.0","gw":"192.168.3.1"},"uid":1205295674}}
[23:22:22:729][10615.721000] [  INFO] mi_otn: [23:22:21.721 ] miio_ot: -->info(ots).
[23:22:22:745][10615.734000] [  WARN] Idle Task: bl616_pmtickless: --->>> [10]:On, [H]:3999, [15:mi_otn]
[23:22:23:389][10616.375000] [  WARN] Idle Task: bl616_pmtickless: <<<--- [R]:WIFI, [R]:631, [W]:10447, [L]:554
[23:22:23:405][10616.395000] [  INFO] mi_otn: [23:22:22.395 ] miio_ot: <--info ack(ots).
[23:22:23:437][10616.420000] [  WARN] Idle Task: bl616_pmtickless: --->>> [10]:On, [H]:3986, [15:mi_otn]
[23:22:24:404][10617.402000] [  WARN] Idle Task: bl616_pmtickless: <<<--- [R]:WIFI, [R]:971, [W]:10448, [L]:554
[23:22:24:452][10617.442000] [  WARN] Idle Task: bl616_pmtickless: --->>> [10]:On, [H]:2967, [15:mi_otn]
[23:22:25:436][10618.427000] [  WARN] Idle Task: bl616_pmtickless: <<<--- [R]:WIFI, [R]:974, [W]:10449, [L]:554
[23:22:25:467][10618.467000] [  WARN] Idle Task: bl616_pmtickless: --->>> [10]:On, [H]:1942, [15:mi_otn]
[23:22:27:429][10620.429000] [  WARN] Idle Task: bl616_pmtickless: <<<--- [R]:RTC, [R]:1951, [W]:10450, [L]:554
[23:22:27:429][10620.438000] [  WARN] mi_otn: [23:22:26.438 ] ot: up session[id=1156448354] timeout
[23:22:27:443][10620.446000] [  WARN] Idle Task: bl616_pmtickless: --->>> [10]:On, [H]:259, [15:mi_otn]
[23:22:27:733][10620.724000] [  WARN] Idle Task: bl616_pmtickless: <<<--- [R]:RTC, [R]:268, [W]:10451, [L]:554
[23:22:27:733][10620.737000] [  WARN] Idle Task: bl616_pmtickless: --->>> [10]:On, [H]:4998, [15:mi_otn]
[23:22:32:752][10625.754000] [  WARN] Idle Task: bl616_pmtickless: <<<--- [R]:RTC, [R]:5007, [W]:10456, [L]:554
[23:22:32:768][10625.770000] [  WARN] Idle Task: bl616_pmtickless: --->>> [10]:On, [H]:3647, [1107536064:]
[23:22:33:632][10626.626000] [  WARN] Idle Task: bl616_pmtickless: <<<--- [R]:WIFI, [R]:845, [W]:10457, [L]:554
[23:22:33:661][10626.666000] [  WARN] Idle Task: bl616_pmtickless: --->>> [10]:On, [H]:3102, [15:mi_otn]
[23:22:36:763][10629.788000] [  WARN] Idle Task: bl616_pmtickless: <<<--- [R]:RTC, [R]:3111, [W]:10460, [L]:554
[23:22:36:779][10629.797000] [  WARN] mi_otn: [23:22:35.797 ] ot: up session[id=309002339] timeout
[23:22:36:798][10629.803000] [  WARN] mi_otn: [23:22:35.802 ] miio_info: no "result" in property_ack
[23:22:36:811][10629.809000] [  WARN] mi_otn: [23:22:35.809 ] miio_info: props send failed
[23:22:36:811][10629.819000] [  WARN] Idle Task: bl616_pmtickless: --->>> [10]:On, [H]:966, [15:mi_otn]
[23:22:37:794][10630.804000] [  WARN] Idle Task: bl616_pmtickless: <<<--- [R]:RTC, [R]:975, [W]:10460, [L]:554
[23:22:37:810][10630.816000] [  WARN] Idle Task: bl616_pmtickless: --->>> [10]:On, [H]:4998, [15:mi_otn]
[23:22:42:828][10635.834000] [  WARN] Idle Task: bl616_pmtickless: <<<--- [R]:RTC, [R]:5007, [W]:10465, [L]:554
[23:22:42:844][10635.852000] [  WARN] Idle Task: bl616_pmtickless: --->>> [10]:On, [H]:2789, [1107536064:]
[23:22:43:858][10636.875000] [  WARN] Idle Task: bl616_pmtickless: <<<--- [R]:WIFI, [R]:1012, [W]:10466, [L]:554
[23:22:43:890][10636.908000] [  WARN] Idle Task: bl616_pmtickless: --->>> [10]:On, [H]:2942, [15:mi_otn]
[23:22:44:891][10637.901000] [  WARN] Idle Task: bl616_pmtickless: <<<--- [R]:WIFI, [R]:982, [W]:10467, [L]:554
[23:22:44:907][10637.918000] [  WARN] mi_otn: [23:22:43.918 ] ot: up session[id=1156448354] not found
[23:22:44:923][10637.930000] [  WARN] Idle Task: bl616_pmtickless: --->>> [10]:On, [H]:1920, [15:mi_otn]
[23:22:45:910][10638.926000] [  WARN] Idle Task: bl616_pmtickless: <<<--- [R]:WIFI, [R]:985, [W]:10468, [L]:554
[23:22:45:910][10638.945000] [  INFO] mi_otn: [23:22:44.945 ] miio_info: 0 props left, 0 events left.
[23:22:45:926][10638.951000] [  WARN] mi_otn: [23:22:44.951 ] ot: up session[id=309002339] not found
[23:22:45:942][10638.960000] [  WARN] Idle Task: bl616_pmtickless: --->>> [10]:On, [H]:25859, [15:mi_otn]
[23:22:46:948][10639.952000] [  WARN] Idle Task: bl616_pmtickless: <<<--- [R]:WIFI, [R]:981, [W]:10469, [L]:554
[23:22:46:960][10639.983000] [  WARN] Idle Task: bl616_pmtickless: --->>> [10]:On, [H]:24836, [15:mi_otn]
[23:23:11:826][10664.839000] [  WARN] Idle Task: bl616_pmtickless: <<<--- [R]:RTC, [R]:24845, [W]:10493, [L]:554
[23:23:11:842][10664.857000] [  WARN] Idle Task: bl616_pmtickless: --->>> [10]:On, [H]:65101, [15:mi_otn]
[23:23:19:705][10672.731000] [  WARN] Idle Task: bl616_pmtickless: <<<--- [R]:WIFI, [R]:7864, [W]:10501, [L]:554
[23:23:19:753][10672.770000] [  WARN] Idle Task: bl616_pmtickless: --->>> [10]:On, [H]:57188, [15:mi_otn]
[23:24:16:943][10729.978000] [  WARN] Idle Task: bl616_pmtickless: <<<--- [R]:RTC, [R]:57197, [W]:10557, [L]:555
[23:24:16:943][10729.990000] [  INFO] mi_otn: [23:24:15.990 ] ots: -->kplv sent.
[23:24:16:959][10729.996000] [  WARN] Idle Task: bl616_pmtickless: --->>> [10]:On, [H]:1493, [1107536064:]
[23:24:18:468][10731.509000] [  WARN] Idle Task: bl616_pmtickless: <<<--- [R]:RTC, [R]:1502, [W]:10558, [L]:555
[23:24:18:484][10731.526000] [  WARN] Idle Task: bl616_pmtickless: --->>> [10]:On, [H]:1494, [1107536064:]
[23:24:18:887][10731.929000] [  WARN] Idle Task: bl616_pmtickless: <<<--- [R]:WIFI, [R]:392, [W]:10559, [L]:555
[23:24:18:903][10731.944000] [  INFO] ots_task: [23:24:17.944 ] ots: <--kplv ack.
[23:24:18:919][10731.961000] [  WARN] Idle Task: bl616_pmtickless: --->>> [10]:On, [H]:68710, [7:WPA]
[23:24:24:017][10737.050000] [  WARN] Idle Task: bl616_pmtickless: <<<--- [R]:WIFI, [R]:5078, [W]:10564, [L]:555
[23:24:24:049][10737.085000] [  WARN] Idle Task: bl616_pmtickless: --->>> [10]:On, [H]:63586, [7:WPA]
[23:24:56:578][10769.620000] [  WARN] Idle Task: bl616_pmtickless: <<<--- [R]:WIFI, [R]:32524, [W]:10596, [L]:556
[23:24:56:610][10769.652000] [  WARN] Idle Task: bl616_pmtickless: --->>> [10]:On, [H]:31019, [7:WPA]
[23:25:27:646][10800.691000] [  WARN] Idle Task: bl616_pmtickless: <<<--- [R]:RTC, [R]:31028, [W]:10626, [L]:556
[23:25:27:646][10800.702000] [  WARN] Idle Task: bl616_pmtickless: --->>> [10]:On, [H]:10538, [20:mi_mcmd]
[23:25:38:205][10811.260000] [  WARN] Idle Task: bl616_pmtickless: <<<--- [R]:RTC, [R]:10547, [W]:10636, [L]:556
[23:25:38:221][10811.274000] [  WARN] Idle Task: bl616_pmtickless: --->>> [10]:On, [H]:11675, [15:mi_otn]
[23:25:49:907][10822.969000] [  WARN] Idle Task: bl616_pmtickless: <<<--- [R]:RTC, [R]:11684, [W]:10648, [L]:556
[23:25:49:907][10822.982000] [  INFO] mi_otn: [23:25:48.981 ] ots: -->kplv sent.
[23:25:49:940][10822.988000] [  WARN] Idle Task: bl616_pmtickless: --->>> [10]:On, [H]:1493, [1107536064:]
[23:25:50:845][10823.906000] [  WARN] Idle Task: bl616_pmtickless: <<<--- [R]:WIFI, [R]:907, [W]:10649, [L]:556
[23:25:50:861][10823.925000] [  INFO] ots_task: [23:25:49.925 ] ots: <--kplv ack.
[23:25:50:876][10823.935000] [  WARN] Idle Task: bl616_pmtickless: --->>> [10]:On, [H]:81170, [19:netMonitorTask]
[23:25:55:968][10829.029000] [  WARN] Idle Task: bl616_pmtickless: <<<--- [R]:WIFI, [R]:5082, [W]:10654, [L]:556
[23:25:56:000][10829.062000] [  WARN] Idle Task: bl616_pmtickless: --->>> [10]:On, [H]:76043, [19:netMonitorTask]
[23:26:50:857][10883.924000] [  WARN] Idle Task: bl616_pmtickless: <<<--- [R]:WIFI, [R]:54850, [W]:10708, [L]:558
[23:26:50:889][10883.954000] [  WARN] Idle Task: bl616_pmtickless: --->>> [10]:On, [H]:21151, [19:netMonitorTask]
[23:27:09:295][10902.360000] [  WARN] Idle Task: bl616_pmtickless: <<<--- [R]:WIFI, [R]:18394, [W]:10726, [L]:558
[23:27:09:327][10902.392000] [  WARN] Idle Task: bl616_pmtickless: --->>> [10]:On, [H]:2713, [19:netMonitorTask]
[23:27:12:049][10905.126000] [  WARN] Idle Task: bl616_pmtickless: <<<--- [R]:RTC, [R]:2722, [W]:10728, [L]:558
[23:27:12:049][10905.137000] [  INFO] netMonitorTask: [23:27:11.137 ] miio_monitor: work time = 10905s, memory left = 111352
[23:27:12:065][10905.147000] [  WARN] Idle Task: bl616_pmtickless: --->>> [10]:On, [H]:9783, [15:mi_otn]
[23:27:21:867][10914.950000] [  WARN] Idle Task: bl616_pmtickless: <<<--- [R]:RTC, [R]:9792, [W]:10738, [L]:558
[23:27:21:867][10914.962000] [  INFO] mi_otn: [23:27:20.962 ] ots: -->kplv sent.
[23:27:21:882][10914.968000] [  WARN] Idle Task: bl616_pmtickless: --->>> [10]:On, [H]:1493, [1107536064:]
[23:27:22:608][10915.679000] [  WARN] Idle Task: bl616_pmtickless: <<<--- [R]:WIFI, [R]:700, [W]:10739, [L]:558
[23:27:22:608][10915.696000] [  INFO] ots_task: [23:27:21.696 ] ots: <--kplv ack.
[23:27:22:640][10915.712000] [  WARN] Idle Task: bl616_pmtickless: --->>> [10]:On, [H]:90989, [15:mi_otn]
[23:27:27:720][10920.802000] [  WARN] Idle Task: bl616_pmtickless: <<<--- [R]:WIFI, [R]:5079, [W]:10744, [L]:558
[23:27:27:752][10920.833000] [  WARN] Idle Task: bl616_pmtickless: --->>> [10]:On, [H]:85868, [15:mi_otn]
[23:28:21:784][10974.877000] [  WARN] Idle Task: bl616_pmtickless: <<<--- [R]:WIFI, [R]:54033, [W]:10797, [L]:559
[23:28:21:816][10974.914000] [  WARN] Idle Task: bl616_pmtickless: --->>> [10]:On, [H]:31787, [15:mi_otn]
[23:28:53:622][11006.721000] [  WARN] Idle Task: bl616_pmtickless: <<<--- [R]:RTC, [R]:31796, [W]:10828, [L]:559
[23:28:53:625][11006.734000] [  INFO] mi_otn: [23:28:52.733 ] ots: -->kplv sent.
[23:28:53:643][11006.739000] [  WARN] Idle Task: bl616_pmtickless: --->>> [10]:On, [H]:1493, [1107536064:]
[23:28:54:559][11007.655000] [  WARN] Idle Task: bl616_pmtickless: <<<--- [R]:WIFI, [R]:905, [W]:10829, [L]:559
[23:28:54:575][11007.675000] [  INFO] ots_task: [23:28:53.675 ] ots: <--kplv ack.
[23:28:54:591][11007.694000] [  WARN] Idle Task: bl616_pmtickless: --->>> [10]:On, [H]:90987, [15:mi_otn]
[23:28:59:671][11012.777000] [  WARN] Idle Task: bl616_pmtickless: <<<--- [R]:WIFI, [R]:5072, [W]:10834, [L]:559
[23:28:59:719][11012.812000] [  WARN] Idle Task: bl616_pmtickless: --->>> [10]:On, [H]:85869, [15:mi_otn]
[23:29:14:826][11027.935000] [  WARN] Idle Task: bl616_pmtickless: <<<--- [R]:WIFI, [R]:15112, [W]:10849, [L]:560
[23:29:14:858][11027.966000] [  WARN] Idle Task: bl616_pmtickless: --->>> [10]:On, [H]:70715, [15:mi_otn]
[23:29:51:492][11064.601000] [  WARN] Idle Task: bl616_pmtickless: <<<--- [R]:WIFI, [R]:36624, [W]:10885, [L]:561
[23:29:51:524][11064.630000] [  WARN] Idle Task: bl616_pmtickless: --->>> [10]:On, [H]:34051, [15:mi_otn]
[23:30:22:218][11095.327000] [  WARN] Idle Task: bl616_pmtickless: <<<--- [R]:WIFI, [R]:30686, [W]:10915, [L]:561
[23:30:22:234][11095.358000] [  WARN] Idle Task: bl616_pmtickless: --->>> [10]:On, [H]:3323, [15:mi_otn]
[23:30:25:566][11098.700000] [  WARN] Idle Task: bl616_pmtickless: <<<--- [R]:RTC, [R]:3332, [W]:10918, [L]:561
[23:30:25:582][11098.713000] [  INFO] mi_otn: [23:30:24.712 ] ots: -->kplv sent.
[23:30:25:598][11098.718000] [  WARN] Idle Task: bl616_pmtickless: --->>> [10]:On, [H]:1494, [1107536064:]
[23:30:26:307][11099.427000] [  WARN] Idle Task: bl616_pmtickless: <<<--- [R]:WIFI, [R]:698, [W]:10919, [L]:561
[23:30:26:325][11099.444000] [  INFO] ots_task: [23:30:25.443 ] ots: <--kplv ack.
[23:30:26:339][11099.460000] [  WARN] Idle Task: bl616_pmtickless: --->>> [10]:On, [H]:90989, [15:mi_otn]
[23:30:31:422][11104.550000] [  WARN] Idle Task: bl616_pmtickless: <<<--- [R]:WIFI, [R]:5079, [W]:10924, [L]:561
[23:30:31:454][11104.580000] [  WARN] Idle Task: bl616_pmtickless: --->>> [10]:On, [H]:85869, [15:mi_otn]
[23:31:22:427][11155.554000] [  WARN] Idle Task: bl616_pmtickless: <<<--- [R]:WIFI, [R]:50963, [W]:10974, [L]:562
[23:31:22:459][11155.583000] [  WARN] Idle Task: bl616_pmtickless: --->>> [10]:On, [H]:34866, [15:mi_otn]
[23:31:27:346][11160.472000] [  WARN] Idle Task: bl616_pmtickless: <<<--- [R]:WIFI, [R]:4878, [W]:10979, [L]:563
[23:31:27:378][11160.506000] [  WARN] Idle Task: bl616_pmtickless: --->>> [10]:On, [H]:29943, [15:mi_otn]
[23:31:57:333][11190.469000] [  WARN] Idle Task: bl616_pmtickless: <<<--- [R]:RTC, [R]:29952, [W]:11008, [L]:563
[23:31:57:349][11190.482000] [  INFO] mi_otn: [23:31:56.482 ] ots: -->kplv sent.
[23:31:57:349][11190.488000] [  WARN] Idle Task: bl616_pmtickless: --->>> [10]:On, [H]:1492, [1107536064:]
[23:31:58:063][11191.199000] [  WARN] Idle Task: bl616_pmtickless: <<<--- [R]:WIFI, [R]:700, [W]:11009, [L]:563
[23:31:58:074][11191.215000] [  INFO] ots_task: [23:31:57.215 ] ots: <--kplv ack.
[23:31:58:094][11191.232000] [  WARN] Idle Task: bl616_pmtickless: --->>> [10]:On, [H]:13913, [19:netMonitorTask]
[23:32:03:173][11196.321000] [  WARN] Idle Task: bl616_pmtickless: <<<--- [R]:WIFI, [R]:5078, [W]:11014, [L]:563
[23:32:03:205][11196.354000] [  WARN] Idle Task: bl616_pmtickless: --->>> [10]:On, [H]:8791, [19:netMonitorTask]
[23:32:12:010][11205.166000] [  WARN] Idle Task: bl616_pmtickless: <<<--- [R]:RTC, [R]:8800, [W]:11022, [L]:563
[23:32:12:026][11205.177000] [  INFO] netMonitorTask: [23:32:11.177 ] miio_monitor: work time = 11205s, memory left = 111352
[23:32:12:042][11205.187000] [  WARN] Idle Task: bl616_pmtickless: --->>> [10]:On, [H]:59668, [15:mi_otn]
[23:32:53:154][11246.303000] [  WARN] Idle Task: bl616_pmtickless: <<<--- [R]:WIFI, [R]:41105, [W]:11063, [L]:564
[23:32:53:193][11246.334000] [  WARN] Idle Task: bl616_pmtickless: --->>> [10]:On, [H]:18521, [15:mi_otn]
[23:33:11:716][11264.874000] [  WARN] Idle Task: bl616_pmtickless: <<<--- [R]:RTC, [R]:18530, [W]:11081, [L]:564
[23:33:11:733][11264.892000] [  WARN] Idle Task: bl616_pmtickless: --->>> [10]:On, [H]:17336, [15:mi_otn]
[23:33:29:090][11282.248000] [  WARN] Idle Task: bl616_pmtickless: <<<--- [R]:RTC, [R]:17345, [W]:11098, [L]:564
[23:33:29:106][11282.261000] [  INFO] mi_otn: [23:33:28.261 ] ots: -->kplv sent.
[23:33:29:106][11282.267000] [  WARN] Idle Task: bl616_pmtickless: --->>> [10]:On, [H]:1492, [1107536064:]
[23:33:30:024][11283.178000] [  WARN] Idle Task: bl616_pmtickless: <<<--- [R]:WIFI, [R]:900, [W]:11099, [L]:564
[23:33:30:038][11283.195000] [  INFO] ots_task: [23:33:29.195 ] ots: <--kplv ack.
[23:33:30:054][11283.213000] [  WARN] Idle Task: bl616_pmtickless: --->>> [10]:On, [H]:90987, [15:mi_otn]
[23:33:35:133][11288.299000] [  WARN] Idle Task: bl616_pmtickless: <<<--- [R]:WIFI, [R]:5075, [W]:11104, [L]:564
[23:33:35:165][11288.330000] [  WARN] Idle Task: bl616_pmtickless: --->>> [10]:On, [H]:85870, [15:mi_otn]
[23:33:40:261][11293.421000] [  WARN] Idle Task: bl616_pmtickless: <<<--- [R]:WIFI, [R]:5080, [W]:11109, [L]:564
[23:33:40:278][11293.451000] [  WARN] Idle Task: bl616_pmtickless: --->>> [10]:On, [H]:80749, [15:mi_otn]
[23:34:23:266][11336.437000] [  WARN] Idle Task: bl616_pmtickless: <<<--- [R]:WIFI, [R]:42975, [W]:11151, [L]:564
[23:34:23:298][11336.471000] [  WARN] Idle Task: bl616_pmtickless: --->>> [10]:On, [H]:37729, [15:mi_otn]
[23:35:01:033][11374.220000] [  WARN] Idle Task: bl616_pmtickless: <<<--- [R]:RTC, [R]:37738, [W]:11187, [L]:564
[23:35:01:033][11374.232000] [  INFO] mi_otn: [23:35:00.232 ] ots: -->kplv sent.
[23:35:01:065][11374.238000] [  WARN] Idle Task: bl616_pmtickless: --->>> [10]:On, [H]:1493, [1107536064:]
[23:35:01:145][11374.333000] [  WARN] Idle Task: bl616_pmtickless: <<<--- [R]:WIFI, [R]:84, [W]:11188, [L]:564
[23:35:01:161][11374.351000] [  INFO] ots_task: [23:35:00.351 ] ots: <--kplv ack.
[23:35:01:197][11374.367000] [  WARN] Idle Task: bl616_pmtickless: --->>> [10]:On, [H]:90989, [15:mi_otn]
[23:35:03:206][11376.383000] [  WARN] Idle Task: bl616_pmtickless: <<<--- [R]:WIFI, [R]:2005, [W]:11190, [L]:564
[23:35:03:238][11376.415000] [  WARN] Idle Task: bl616_pmtickless: --->>> [10]:On, [H]:88941, [15:mi_otn]
[23:35:06:270][11379.457000] [  WARN] Idle Task: bl616_pmtickless: <<<--- [R]:WIFI, [R]:3031, [W]:11193, [L]:564
[23:35:06:302][11379.486000] [  WARN] Idle Task: bl616_pmtickless: --->>> [10]:On, [H]:85870, [15:mi_otn]
[23:35:32:894][11406.086000] [  WARN] Idle Task: bl616_pmtickless: <<<--- [R]:WIFI, [R]:26589, [W]:11219, [L]:564
[23:35:32:925][11406.118000] [  WARN] Idle Task: bl616_pmtickless: --->>> [10]:On, [H]:59238, [15:mi_otn]
[23:35:36:991][11410.184000] [  WARN] Idle Task: bl616_pmtickless: <<<--- [R]:WIFI, [R]:4055, [W]:11223, [L]:564
[23:35:37:023][11410.214000] [  WARN] Idle Task: bl616_pmtickless: --->>> [10]:On, [H]:55142, [15:mi_otn]
[23:35:40:058][11413.258000] [  WARN] Idle Task: bl616_pmtickless: <<<--- [R]:WIFI, [R]:3033, [W]:11226, [L]:564
[23:35:40:089][11413.287000] [  WARN] Idle Task: bl616_pmtickless: --->>> [10]:On, [H]:52069, [15:mi_otn]
[23:35:45:182][11418.380000] [  WARN] Idle Task: bl616_pmtickless: <<<--- [R]:WIFI, [R]:5082, [W]:11231, [L]:564
[23:35:45:214][11418.414000] [  WARN] Idle Task: bl616_pmtickless: --->>> [10]:On, [H]:46943, [15:mi_otn]
[23:35:51:327][11424.526000] [  WARN] Idle Task: bl616_pmtickless: <<<--- [R]:WIFI, [R]:6102, [W]:11237, [L]:564
[23:35:51:359][11424.560000] [  WARN] Idle Task: bl616_pmtickless: --->>> [10]:On, [H]:40796, [15:mi_otn]
[23:35:59:319][11432.517000] [  WARN] Idle Task: bl616_pmtickless: <<<--- [R]:WIFI, [R]:7946, [W]:11245, [L]:565
[23:35:59:351][11432.547000] [  WARN] Idle Task: bl616_pmtickless: --->>> [10]:On, [H]:32809, [15:mi_otn]
[23:36:12:633][11445.832000] [  WARN] Idle Task: bl616_pmtickless: <<<--- [R]:WIFI, [R]:13274, [W]:11258, [L]:565
[23:36:12:666][11445.863000] [  WARN] Idle Task: bl616_pmtickless: --->>> [10]:On, [H]:19493, [15:mi_otn]
[23:36:32:174][11465.376000] [  WARN] Idle Task: bl616_pmtickless: <<<--- [R]:RTC, [R]:19502, [W]:11277, [L]:565
[23:36:32:174][11465.388000] [  INFO] mi_otn: [23:36:31.388 ] ots: -->kplv sent.
[23:36:32:190][11465.396000] [  WARN] Idle Task: bl616_pmtickless: --->>> [10]:On, [H]:1491, [1107536064:]
[23:36:33:206][11466.420000] [  WARN] Idle Task: bl616_pmtickless: <<<--- [R]:WIFI, [R]:1013, [W]:11278, [L]:565
[23:36:33:222][11466.436000] [  INFO] ots_task: [23:36:32.436 ] ots: <--kplv ack.
[23:36:33:238][11466.452000] [  WARN] Idle Task: bl616_pmtickless: --->>> [10]:On, [H]:36169, [15:mi_otn]
[23:36:37:316][11470.520000] [  WARN] Idle Task: bl616_pmtickless: <<<--- [R]:WIFI, [R]:4057, [W]:11282, [L]:565
[23:36:37:348][11470.557000] [  WARN] Idle Task: bl616_pmtickless: --->>> [10]:On, [H]:32064, [15:mi_otn]
[23:37:09:424][11502.641000] [  WARN] Idle Task: bl616_pmtickless: <<<--- [R]:RTC, [R]:32073, [W]:11313, [L]:565
[23:37:09:426][11502.654000] [NOTICE] mi_otn: [23:37:08.654 ] ots: -->sync sent.
[23:37:09:440][11502.660000] [  WARN] Idle Task: bl616_pmtickless: --->>> [10]:On, [H]:1493, [1107536064:]
[23:37:10:080][11503.293000] [  WARN] Idle Task: bl616_pmtickless: <<<--- [R]:WIFI, [R]:622, [W]:11314, [L]:565
[23:37:10:096][11503.308000] [NOTICE] ots_task: [23:37:09.308 ] ots: <--sync ack.
[23:37:10:112][11503.329000] [  WARN] Idle Task: bl616_pmtickless: --->>> [10]:On, [H]:1856, [19:netMonitorTask]
[23:37:11:969][11505.206000] [  WARN] Idle Task: bl616_pmtickless: <<<--- [R]:RTC, [R]:1865, [W]:11315, [L]:565
[23:37:11:985][11505.217000] [  INFO] netMonitorTask: [23:37:11.217 ] miio_monitor: work time = 11505s, memory left = 111352
[23:37:12:001][11505.227000] [  WARN] Idle Task: bl616_pmtickless: --->>> [10]:On, [H]:52221, [15:mi_otn]
[23:37:13:143][11506.369000] [  WARN] Idle Task: bl616_pmtickless: <<<--- [R]:WIFI, [R]:1131, [W]:11317, [L]:565
[23:37:13:190][11506.404000] [  WARN] Idle Task: bl616_pmtickless: --->>> [10]:On, [H]:51044, [15:mi_otn]
[23:37:53:909][11547.131000] [  WARN] Idle Task: bl616_pmtickless: <<<--- [R]:WIFI, [R]:40716, [W]:11357, [L]:566
[23:37:53:941][11547.161000] [  WARN] Idle Task: bl616_pmtickless: --->>> [10]:On, [H]:10287, [15:mi_otn]
[23:38:04:226][11557.468000] [  WARN] Idle Task: bl616_pmtickless: <<<--- [R]:RTC, [R]:10296, [W]:11367, [L]:566
[23:38:04:226][11557.481000] [  INFO] mi_otn: [23:38:03.481 ] ots: -->kplv sent.
[23:38:04:258][11557.487000] [  WARN] Idle Task: bl616_pmtickless: --->>> [10]:On, [H]:1493, [1107536064:]
[23:38:05:169][11558.401000] [  WARN] Idle Task: bl616_pmtickless: <<<--- [R]:WIFI, [R]:903, [W]:11368, [L]:566
[23:38:05:185][11558.416000] [  INFO] ots_task: [23:38:04.416 ] ots: <--kplv ack.
[23:38:05:201][11558.430000] [  WARN] Idle Task: bl616_pmtickless: --->>> [10]:On, [H]:90991, [15:mi_otn]
[23:38:10:291][11563.523000] [  WARN] Idle Task: bl616_pmtickless: <<<--- [R]:WIFI, [R]:5082, [W]:11373, [L]:566
[23:38:10:323][11563.558000] [  WARN] Idle Task: bl616_pmtickless: --->>> [10]:On, [H]:85863, [15:mi_otn]
[23:38:26:670][11579.911000] [  WARN] Idle Task: bl616_pmtickless: <<<--- [R]:WIFI, [R]:16342, [W]:11389, [L]:566
[23:38:26:702][11579.948000] [  WARN] Idle Task: bl616_pmtickless: --->>> [10]:On, [H]:69473, [15:mi_otn]
[23:39:24:844][11638.083000] [  WARN] Idle Task: bl616_pmtickless: <<<--- [R]:WIFI, [R]:58124, [W]:11446, [L]:567
[23:39:24:873][11638.114000] [  WARN] Idle Task: bl616_pmtickless: --->>> [10]:On, [H]:11307, [15:mi_otn]
[23:39:36:196][11649.441000] [  WARN] Idle Task: bl616_pmtickless: <<<--- [R]:RTC, [R]:11316, [W]:11457, [L]:567
[23:39:36:196][11649.453000] [  INFO] mi_otn: [23:39:35.453 ] ots: -->kplv sent.
[23:39:36:212][11649.459000] [  WARN] Idle Task: bl616_pmtickless: --->>> [10]:On, [H]:1493, [1107536064:]
[23:39:37:129][11650.376000] [  WARN] Idle Task: bl616_pmtickless: <<<--- [R]:WIFI, [R]:906, [W]:11458, [L]:567
[23:39:37:145][11650.392000] [  INFO] ots_task: [23:39:36.392 ] ots: <--kplv ack.
[23:39:37:161][11650.409000] [  WARN] Idle Task: bl616_pmtickless: --->>> [10]:On, [H]:90988, [15:mi_otn]
[23:39:42:243][11655.499000] [  WARN] Idle Task: bl616_pmtickless: <<<--- [R]:WIFI, [R]:5079, [W]:11463, [L]:567
[23:39:42:275][11655.529000] [  WARN] Idle Task: bl616_pmtickless: --->>> [10]:On, [H]:85868, [15:mi_otn]
[23:40:25:264][11698.517000] [  WARN] Idle Task: bl616_pmtickless: <<<--- [R]:WIFI, [R]:42977, [W]:11505, [L]:567
[23:40:25:294][11698.555000] [  WARN] Idle Task: bl616_pmtickless: --->>> [10]:On, [H]:42843, [15:mi_otn]
[23:40:26:281][11699.540000] [  WARN] Idle Task: bl616_pmtickless: <<<--- [R]:WIFI, [R]:975, [W]:11506, [L]:567
[23:40:26:310][11699.573000] [  WARN] Idle Task: bl616_pmtickless: --->>> [10]:On, [H]:41824, [15:mi_otn]
[23:41:08:143][11741.417000] [  WARN] Idle Task: bl616_pmtickless: <<<--- [R]:RTC, [R]:41833, [W]:11547, [L]:569
[23:41:08:143][11741.430000] [  INFO] mi_otn: [23:41:07.429 ] ots: -->kplv sent.
[23:41:08:160][11741.435000] [  WARN] Idle Task: bl616_pmtickless: --->>> [10]:On, [H]:1493, [1107536064:]
[23:41:08:881][11742.147000] [  WARN] Idle Task: bl616_pmtickless: <<<--- [R]:WIFI, [R]:701, [W]:11548, [L]:569
[23:41:08:881][11742.163000] [  INFO] ots_task: [23:41:08.163 ] ots: <--kplv ack.
[23:41:08:913][11742.177000] [  WARN] Idle Task: bl616_pmtickless: --->>> [10]:On, [H]:63048, [19:netMonitorTask]
[23:41:13:999][11747.270000] [  WARN] Idle Task: bl616_pmtickless: <<<--- [R]:WIFI, [R]:5081, [W]:11553, [L]:569
[23:41:14:030][11747.299000] [  WARN] Idle Task: bl616_pmtickless: --->>> [10]:On, [H]:57926, [19:netMonitorTask]
[23:41:55:982][11789.261000] [  WARN] Idle Task: bl616_pmtickless: <<<--- [R]:WIFI, [R]:41950, [W]:11594, [L]:569
[23:41:56:014][11789.295000] [  WARN] Idle Task: bl616_pmtickless: --->>> [10]:On, [H]:15930, [19:netMonitorTask]
[23:42:11:944][11805.245000] [  WARN] Idle Task: bl616_pmtickless: <<<--- [R]:RTC, [R]:15939, [W]:11609, [L]:569
[23:42:11:972][11805.257000] [  INFO] netMonitorTask: [23:42:11.257 ] miio_monitor: work time = 11805s, memory left = 111352
[23:42:11:975][11805.267000] [  WARN] Idle Task: bl616_pmtickless: --->>> [10]:On, [H]:27901, [15:mi_otn]
[23:42:30:797][11824.084000] [  WARN] Idle Task: bl616_pmtickless: <<<--- [R]:WIFI, [R]:18807, [W]:11628, [L]:569
[23:42:30:829][11824.116000] [  WARN] Idle Task: bl616_pmtickless: --->>> [10]:On, [H]:9052, [15:mi_otn]
[23:42:39:895][11833.188000] [  WARN] Idle Task: bl616_pmtickless: <<<--- [R]:RTC, [R]:9061, [W]:11636, [L]:569
[23:42:39:895][11833.200000] [  INFO] mi_otn: [23:42:39.200 ] ots: -->kplv sent.
[23:42:39:911][11833.206000] [  WARN] Idle Task: bl616_pmtickless: --->>> [10]:On, [H]:1493, [1107536064:]
[23:42:41:420][11834.719000] [  WARN] Idle Task: bl616_pmtickless: <<<--- [R]:RTC, [R]:1502, [W]:11638, [L]:569
[23:42:41:436][11834.733000] [  WARN] Idle Task: bl616_pmtickless: --->>> [10]:On, [H]:2996, [1107536064:]
[23:42:42:057][11835.356000] [  WARN] Idle Task: bl616_pmtickless: <<<--- [R]:WIFI, [R]:612, [W]:11639, [L]:569
[23:42:42:072][11835.372000] [  INFO] ots_task: [23:42:41.371 ] ots: <--kplv ack.
[23:42:42:089][11835.386000] [  WARN] Idle Task: bl616_pmtickless: --->>> [10]:On, [H]:29505, [15:mi_otn]
[23:42:47:184][11840.478000] [  WARN] Idle Task: bl616_pmtickless: <<<--- [R]:WIFI, [R]:5081, [W]:11644, [L]:569
[23:42:47:216][11840.510000] [  WARN] Idle Task: bl616_pmtickless: --->>> [10]:On, [H]:24381, [15:mi_otn]
[23:43:11:608][11864.911000] [  WARN] Idle Task: bl616_pmtickless: <<<--- [R]:RTC, [R]:24390, [W]:11668, [L]:570
[23:43:11:625][11864.929000] [  WARN] Idle Task: bl616_pmtickless: --->>> [10]:On, [H]:61455, [15:mi_otn]
[23:43:25:888][11879.193000] [  WARN] Idle Task: bl616_pmtickless: <<<--- [R]:WIFI, [R]:14254, [W]:11682, [L]:570
[23:43:25:920][11879.226000] [  WARN] Idle Task: bl616_pmtickless: --->>> [10]:On, [H]:47157, [15:mi_otn]
[23:44:13:079][11926.403000] [  WARN] Idle Task: bl616_pmtickless: <<<--- [R]:RTC, [R]:47166, [W]:11728, [L]:571
[23:44:13:079][11926.415000] [  INFO] mi_otn: [23:44:12.415 ] ots: -->kplv sent.
[23:44:13:111][11926.421000] [  WARN] Idle Task: bl616_pmtickless: --->>> [10]:On, [H]:2993, [1107536064:]
[23:44:13:803][11927.126000] [  WARN] Idle Task: bl616_pmtickless: <<<--- [R]:WIFI, [R]:694, [W]:11729, [L]:571
[23:44:13:819][11927.141000] [  INFO] ots_task: [23:44:13.141 ] ots: <--kplv ack.
[23:44:13:835][11927.157000] [  WARN] Idle Task: bl616_pmtickless: --->>> [10]:On, [H]:90989, [15:mi_otn]
[23:44:18:926][11932.248000] [  WARN] Idle Task: bl616_pmtickless: <<<--- [R]:WIFI, [R]:5080, [W]:11734, [L]:571
[23:44:18:957][11932.282000] [  WARN] Idle Task: bl616_pmtickless: --->>> [10]:On, [H]:85864, [15:mi_otn]
[23:44:28:146][11941.467000] [  WARN] Idle Task: bl616_pmtickless: <<<--- [R]:WIFI, [R]:9174, [W]:11743, [L]:571
[23:44:28:178][11941.498000] [  WARN] Idle Task: bl616_pmtickless: --->>> [10]:On, [H]:76648, [15:mi_otn]
[23:45:26:514][11999.844000] [  WARN] Idle Task: bl616_pmtickless: <<<--- [R]:WIFI, [R]:58335, [W]:11800, [L]:571
[23:45:26:546][11999.875000] [  WARN] Idle Task: bl616_pmtickless: --->>> [10]:On, [H]:18271, [15:mi_otn]
[23:45:44:843][12018.166000] [  WARN] Idle Task: bl616_pmtickless: <<<--- [R]:RTC, [R]:18280, [W]:11817, [L]:571
[23:45:44:843][12018.178000] [  INFO] mi_otn: [23:45:44.178 ] ots: -->kplv sent.
[23:45:44:861][12018.184000] [  WARN] Idle Task: bl616_pmtickless: --->>> [10]:On, [H]:2993, [1107536064:]
[23:45:44:954][12018.283000] [  WARN] Idle Task: bl616_pmtickless: <<<--- [R]:WIFI, [R]:88, [W]:11818, [L]:571
[23:45:44:954][12018.298000] [  INFO] ots_task: [23:45:44.298 ] ots: <--kplv ack.
[23:45:44:985][12018.314000] [  WARN] Idle Task: bl616_pmtickless: --->>> [10]:On, [H]:3295, [15:mi_otn]
[23:45:48:287][12021.629000] [  WARN] Idle Task: bl616_pmtickless: <<<--- [R]:RTC, [R]:3304, [W]:11821, [L]:571
[23:45:48:319][12021.654000] [  WARN] Idle Task: bl616_pmtickless: --->>> [10]:On, [H]:3984, [15:mi_otn]
[23:45:49:054][12022.383000] [  WARN] Idle Task: bl616_pmtickless: <<<--- [R]:WIFI, [R]:718, [W]:11822, [L]:571
[23:45:49:086][12022.417000] [  WARN] Idle Task: bl616_pmtickless: --->>> [10]:On, [H]:3206, [15:mi_otn]
[23:45:50:064][12023.409000] [  WARN] Idle Task: bl616_pmtickless: <<<--- [R]:WIFI, [R]:981, [W]:11823, [L]:571
[23:45:50:096][12023.440000] [  WARN] Idle Task: bl616_pmtickless: --->>> [10]:On, [H]:2183, [15:mi_otn]
[23:45:51:091][12024.435000] [  WARN] Idle Task: bl616_pmtickless: <<<--- [R]:WIFI, [R]:984, [W]:11824, [L]:571
[23:45:51:123][12024.472000] [  WARN] Idle Task: bl616_pmtickless: --->>> [10]:On, [H]:1151, [15:mi_otn]
[23:45:52:299][12025.642000] [  WARN] Idle Task: bl616_pmtickless: <<<--- [R]:RTC, [R]:1160, [W]:11825, [L]:571
[23:45:52:315][12025.659000] [  WARN] Idle Task: bl616_pmtickless: --->>> [10]:On, [H]:2996, [1107536064:]
[23:45:53:136][12026.486000] [  WARN] Idle Task: bl616_pmtickless: <<<--- [R]:WIFI, [R]:816, [W]:11826, [L]:571
[23:45:53:168][12026.520000] [  WARN] Idle Task: bl616_pmtickless: --->>> [10]:On, [H]:78745, [19:netMonitorTask]
[23:46:26:940][12060.284000] [  WARN] Idle Task: bl616_pmtickless: <<<--- [R]:WIFI, [R]:33752, [W]:11859, [L]:571
[23:46:26:971][12060.315000] [  WARN] Idle Task: bl616_pmtickless: --->>> [10]:On, [H]:44950, [19:netMonitorTask]
[23:47:11:911][12105.286000] [  WARN] Idle Task: bl616_pmtickless: <<<--- [R]:RTC, [R]:44959, [W]:11903, [L]:572
[23:47:11:926][12105.298000] [  INFO] netMonitorTask: [23:47:11.298 ] miio_monitor: work time = 12105s, memory left = 111352
[23:47:11:942][12105.308000] [  WARN] Idle Task: bl616_pmtickless: --->>> [10]:On, [H]:12197, [15:mi_otn]
[23:47:24:167][12117.524000] [  WARN] Idle Task: bl616_pmtickless: <<<--- [R]:RTC, [R]:12206, [W]:11915, [L]:573
[23:47:24:167][12117.537000] [  INFO] mi_otn: [23:47:23.537 ] ots: -->kplv sent.
[23:47:24:183][12117.543000] [  WARN] Idle Task: bl616_pmtickless: --->>> [10]:On, [H]:2993, [1107536064:]
[23:47:24:893][12118.256000] [  WARN] Idle Task: bl616_pmtickless: <<<--- [R]:WIFI, [R]:702, [W]:11916, [L]:573
[23:47:24:909][12118.274000] [  INFO] ots_task: [23:47:24.273 ] ots: <--kplv ack.
[23:47:24:925][12118.287000] [  WARN] Idle Task: bl616_pmtickless: --->>> [10]:On, [H]:90992, [15:mi_otn]
[23:47:30:006][12123.379000] [  WARN] Idle Task: bl616_pmtickless: <<<--- [R]:WIFI, [R]:5081, [W]:11921, [L]:573
[23:47:30:054][12123.415000] [  WARN] Idle Task: bl616_pmtickless: --->>> [10]:On, [H]:85864, [15:mi_otn]
[23:47:31:042][12124.404000] [  WARN] Idle Task: bl616_pmtickless: <<<--- [R]:WIFI, [R]:978, [W]:11922, [L]:573
[23:47:31:072][12124.436000] [  WARN] Idle Task: bl616_pmtickless: --->>> [10]:On, [H]:84843, [15:mi_otn]
[23:48:20:196][12173.563000] [  WARN] Idle Task: bl616_pmtickless: <<<--- [R]:WIFI, [R]:49116, [W]:11970, [L]:573
[23:48:20:216][12173.594000] [  WARN] Idle Task: bl616_pmtickless: --->>> [10]:On, [H]:35685, [15:mi_otn]
[23:48:55:902][12209.298000] [  WARN] Idle Task: bl616_pmtickless: <<<--- [R]:RTC, [R]:35694, [W]:12004, [L]:573
[23:48:55:934][12209.311000] [  INFO] mi_otn: [23:48:55.311 ] ots: -->kplv sent.
[23:48:55:934][12209.317000] [  WARN] Idle Task: bl616_pmtickless: --->>> [10]:On, [H]:2993, [1107536064:]
[23:48:58:081][12211.460000] [  WARN] Idle Task: bl616_pmtickless: <<<--- [R]:WIFI, [R]:2132, [W]:12007, [L]:573
[23:48:58:113][12211.492000] [  WARN] Idle Task: bl616_pmtickless: --->>> [10]:On, [H]:818, [1107536064:]
[23:48:58:952][12212.330000] [  WARN] Idle Task: bl616_pmtickless: <<<--- [R]:RTC, [R]:827, [W]:12007, [L]:573
[23:48:58:952][12212.343000] [  WARN] Idle Task: bl616_pmtickless: --->>> [10]:On, [H]:5996, [1107536064:]
[23:49:00:124][12213.513000] [  WARN] Idle Task: bl616_pmtickless: <<<--- [R]:WIFI, [R]:1159, [W]:12009, [L]:573
[23:49:00:140][12213.529000] [  INFO] ots_task: [23:48:59.529 ] ots: <--kplv ack.
[23:49:00:156][12213.544000] [  WARN] Idle Task: bl616_pmtickless: --->>> [10]:On, [H]:90991, [15:mi_otn]
[23:49:04:215][12217.610000] [  WARN] Idle Task: bl616_pmtickless: <<<--- [R]:WIFI, [R]:4055, [W]:12013, [L]:573
[23:49:04:248][12217.642000] [  WARN] Idle Task: bl616_pmtickless: --->>> [10]:On, [H]:86893, [15:mi_otn]
[23:49:58:492][12271.892000] [  WARN] Idle Task: bl616_pmtickless: <<<--- [R]:WIFI, [R]:54239, [W]:12066, [L]:573
[23:49:58:524][12271.919000] [  WARN] Idle Task: bl616_pmtickless: --->>> [10]:On, [H]:32616, [15:mi_otn]
[23:50:27:169][12300.568000] [  WARN] Idle Task: bl616_pmtickless: <<<--- [R]:WIFI, [R]:28638, [W]:12094, [L]:573
[23:50:27:201][12300.605000] [  WARN] Idle Task: bl616_pmtickless: --->>> [10]:On, [H]:3930, [15:mi_otn]
[23:50:31:145][12304.555000] [  WARN] Idle Task: bl616_pmtickless: <<<--- [R]:RTC, [R]:3939, [W]:12097, [L]:573
[23:50:31:145][12304.567000] [  INFO] mi_otn: [23:50:30.567 ] ots: -->kplv sent.
[23:50:31:177][12304.573000] [  WARN] Idle Task: bl616_pmtickless: --->>> [10]:On, [H]:5993, [1107536064:]
[23:50:31:257][12304.668000] [  WARN] Idle Task: bl616_pmtickless: <<<--- [R]:WIFI, [R]:84, [W]:12098, [L]:573
[23:50:31:273][12304.685000] [  INFO] ots_task: [23:50:30.685 ] ots: <--kplv ack.
[23:50:31:305][12304.707000] [  WARN] Idle Task: bl616_pmtickless: --->>> [10]:On, [H]:90984, [15:mi_otn]
[23:50:36:378][12309.790000] [  WARN] Idle Task: bl616_pmtickless: <<<--- [R]:WIFI, [R]:5072, [W]:12103, [L]:573
[23:50:36:410][12309.822000] [  WARN] Idle Task: bl616_pmtickless: --->>> [10]:On, [H]:85869, [15:mi_otn]
[23:51:28:404][12361.818000] [  WARN] Idle Task: bl616_pmtickless: <<<--- [R]:WIFI, [R]:51985, [W]:12154, [L]:574
[23:51:28:434][12361.847000] [  WARN] Idle Task: bl616_pmtickless: --->>> [10]:On, [H]:33844, [15:mi_otn]
[23:51:59:123][12392.546000] [  WARN] Idle Task: bl616_pmtickless: <<<--- [R]:WIFI, [R]:30688, [W]:12184, [L]:574
[23:51:59:155][12392.578000] [  WARN] Idle Task: bl616_pmtickless: --->>> [10]:On, [H]:3113, [15:mi_otn]
[23:52:02:292][12395.711000] [  WARN] Idle Task: bl616_pmtickless: <<<--- [R]:RTC, [R]:3122, [W]:12187, [L]:574
[23:52:02:292][12395.723000] [  INFO] mi_otn: [23:52:01.723 ] ots: -->kplv sent.
[23:52:02:308][12395.729000] [  WARN] Idle Task: bl616_pmtickless: --->>> [10]:On, [H]:5993, [1107536064:]
[23:52:03:218][12396.644000] [  WARN] Idle Task: bl616_pmtickless: <<<--- [R]:WIFI, [R]:904, [W]:12188, [L]:574
[23:52:03:234][12396.662000] [  INFO] ots_task: [23:52:02.662 ] ots: <--kplv ack.
[23:52:03:250][12396.678000] [  WARN] Idle Task: bl616_pmtickless: --->>> [10]:On, [H]:8629, [19:netMonitorTask]
[23:52:08:347][12401.768000] [  WARN] Idle Task: bl616_pmtickless: <<<--- [R]:WIFI, [R]:5079, [W]:12193, [L]:574
[23:52:08:379][12401.805000] [  WARN] Idle Task: bl616_pmtickless: --->>> [10]:On, [H]:3501, [19:netMonitorTask]
[23:52:11:900][12405.327000] [  WARN] Idle Task: bl616_pmtickless: <<<--- [R]:RTC, [R]:3510, [W]:12196, [L]:574
[23:52:11:917][12405.338000] [  INFO] netMonitorTask: [23:52:11.338 ] miio_monitor: work time = 12405s, memory left = 111352
[23:52:11:917][12405.348000] [  WARN] Idle Task: bl616_pmtickless: --->>> [10]:On, [H]:10381, [15:mi_otn]
[23:52:19:598][12413.036000] [  WARN] Idle Task: bl616_pmtickless: <<<--- [R]:WIFI, [R]:7677, [W]:12204, [L]:574
[23:52:19:645][12413.071000] [  WARN] Idle Task: bl616_pmtickless: --->>> [10]:On, [H]:2658, [15:mi_otn]
[23:52:22:307][12415.749000] [  WARN] Idle Task: bl616_pmtickless: <<<--- [R]:RTC, [R]:2667, [W]:12206, [L]:574
[23:52:22:324][12415.761000] [  INFO] mi_otn: [23:52:21.761 ] miio_instance: miio_info_kvs_hook_default called
[23:52:22:334][12415.773000] [NOTICE] mi_otn: [23:52:21.773 ] miio_ot: up _otc.info:{"id":258736232,"method":"_otc.info","params":{"life":12415,"model":"xiaomi.dev.bl3","token":"06dd************************441a","ipflag":1,"fw_ver":"1.0.3","miio_ver":"0.1.0","hw_ver":"BL616-BL3","chip_ver":1,"mmfree":109968,"mac":"C4:93:BB:AD:C8:29","wifi_fw_ver":"WifiVer.N\/A","ap":{"ssid":"Xiaomi_be3600","bssid":"42:EE:97:F0:4C:60","rssi":-34,"primary":1},"netif":{"localIp":"192.168.3.66","mask":"255.255.255.0","gw":"192.168.3.1"},"uid":1205295674}}
[23:52:22:388][12415.817000] [  INFO] mi_otn: [23:52:21.817 ] miio_ot: -->info(ots).
[23:52:22:388][12415.829000] [  WARN] Idle Task: bl616_pmtickless: --->>> [10]:On, [H]:3998, [15:mi_otn]
[23:52:23:400][12416.828000] [  WARN] Idle Task: bl616_pmtickless: <<<--- [R]:WIFI, [R]:988, [W]:12207, [L]:574
[23:52:23:400][12416.845000] [  INFO] mi_otn: [23:52:22.845 ] miio_ot: <--info ack(ots).
[23:52:23:432][12416.871000] [  WARN] Idle Task: bl616_pmtickless: --->>> [10]:On, [H]:3923, [15:mi_otn]
[23:52:24:415][12417.854000] [  WARN] Idle Task: bl616_pmtickless: <<<--- [R]:WIFI, [R]:972, [W]:12208, [L]:574
[23:52:24:447][12417.881000] [  WARN] Idle Task: bl616_pmtickless: --->>> [10]:On, [H]:2913, [15:mi_otn]
[23:52:25:448][12418.880000] [  WARN] Idle Task: bl616_pmtickless: <<<--- [R]:WIFI, [R]:988, [W]:12209, [L]:574
[23:52:25:475][12418.908000] [  WARN] Idle Task: bl616_pmtickless: --->>> [10]:On, [H]:1886, [15:mi_otn]
[23:52:27:374][12420.814000] [  WARN] Idle Task: bl616_pmtickless: <<<--- [R]:RTC, [R]:1895, [W]:12210, [L]:574
[23:52:27:394][12420.826000] [  WARN] Idle Task: bl616_pmtickless: --->>> [10]:On, [H]:4998, [15:mi_otn]
[23:52:27:486][12420.931000] [  WARN] Idle Task: bl616_pmtickless: <<<--- [R]:WIFI, [R]:94, [W]:12211, [L]:574
[23:52:27:518][12420.966000] [  WARN] Idle Task: bl616_pmtickless: --->>> [10]:On, [H]:4858, [15:mi_otn]
[23:52:32:411][12425.844000] [  WARN] Idle Task: bl616_pmtickless: <<<--- [R]:RTC, [R]:4867, [W]:12215, [L]:574
[23:52:32:422][12425.860000] [  WARN] Idle Task: bl616_pmtickless: --->>> [10]:On, [H]:3998, [15:mi_otn]
[23:52:32:614][12426.055000] [  WARN] Idle Task: bl616_pmtickless: <<<--- [R]:WIFI, [R]:184, [W]:12216, [L]:574
[23:52:32:630][12426.075000] [  INFO] mi_otn: [23:52:32.075 ] miio_info: 0 props left, 0 events left.
[23:52:32:646][12426.092000] [  WARN] Idle Task: bl616_pmtickless: --->>> [10]:On, [H]:38835, [15:mi_otn]
[23:52:33:630][12427.080000] [  WARN] Idle Task: bl616_pmtickless: <<<--- [R]:WIFI, [R]:977, [W]:12217, [L]:574
[23:52:33:661][12427.110000] [  WARN] Idle Task: bl616_pmtickless: --->>> [10]:On, [H]:37817, [15:mi_otn]
[23:52:41:828][12435.276000] [  WARN] Idle Task: bl616_pmtickless: <<<--- [R]:WIFI, [R]:8155, [W]:12225, [L]:574
[23:52:41:859][12435.306000] [  WARN] Idle Task: bl616_pmtickless: --->>> [10]:On, [H]:29621, [15:mi_otn]
[23:52:54:106][12447.566000] [  WARN] Idle Task: bl616_pmtickless: <<<--- [R]:WIFI, [R]:12249, [W]:12237, [L]:574
[23:52:54:154][12447.603000] [  WARN] Idle Task: bl616_pmtickless: --->>> [10]:On, [H]:17324, [15:mi_otn]
[23:53:11:495][12464.947000] [  WARN] Idle Task: bl616_pmtickless: <<<--- [R]:RTC, [R]:17333, [W]:12253, [L]:574
[23:53:11:511][12464.964000] [  WARN] Idle Task: bl616_pmtickless: --->>> [10]:On, [H]:52118, [15:mi_otn]
[23:53:13:666][12467.130000] [  WARN] Idle Task: bl616_pmtickless: <<<--- [R]:WIFI, [R]:2155, [W]:12256, [L]:574
[23:53:13:698][12467.163000] [  WARN] Idle Task: bl616_pmtickless: --->>> [10]:On, [H]:49919, [15:mi_otn]
[23:53:50:326][12503.796000] [  WARN] Idle Task: bl616_pmtickless: <<<--- [R]:WIFI, [R]:36622, [W]:12292, [L]:575
[23:53:50:358][12503.829000] [  WARN] Idle Task: bl616_pmtickless: --->>> [10]:On, [H]:13253, [15:mi_otn]
[23:53:51:356][12504.823000] [  WARN] Idle Task: bl616_pmtickless: <<<--- [R]:WIFI, [R]:983, [W]:12293, [L]:575
[23:53:51:387][12504.855000] [  WARN] Idle Task: bl616_pmtickless: --->>> [10]:On, [H]:12227, [15:mi_otn]
[23:53:54:420][12507.897000] [  WARN] Idle Task: bl616_pmtickless: <<<--- [R]:WIFI, [R]:3031, [W]:12296, [L]:575
[23:53:54:452][12507.927000] [  WARN] Idle Task: bl616_pmtickless: --->>> [10]:On, [H]:9155, [15:mi_otn]
[23:53:58:530][12511.994000] [  WARN] Idle Task: bl616_pmtickless: <<<--- [R]:WIFI, [R]:4056, [W]:12300, [L]:575
[23:53:58:544][12512.023000] [  WARN] Idle Task: bl616_pmtickless: --->>> [10]:On, [H]:5059, [15:mi_otn]
[23:54:03:617][12517.102000] [  WARN] Idle Task: bl616_pmtickless: <<<--- [R]:RTC, [R]:5068, [W]:12304, [L]:575
[23:54:03:617][12517.114000] [  INFO] mi_otn: [23:54:03.114 ] ots: -->kplv sent.
[23:54:03:649][12517.120000] [  WARN] Idle Task: bl616_pmtickless: --->>> [10]:On, [H]:5993, [1107536064:]
[23:54:03:743][12517.221000] [  WARN] Idle Task: bl616_pmtickless: <<<--- [R]:WIFI, [R]:90, [W]:12305, [L]:575
[23:54:03:760][12517.239000] [  INFO] ots_task: [23:54:03.239 ] ots: <--kplv ack.
[23:54:03:775][12517.251000] [  WARN] Idle Task: bl616_pmtickless: --->>> [10]:On, [H]:83449, [7:WPA]
[23:54:05:800][12519.270000] [  WARN] Idle Task: bl616_pmtickless: <<<--- [R]:WIFI, [R]:2009, [W]:12307, [L]:575
[23:54:05:816][12519.301000] [  WARN] Idle Task: bl616_pmtickless: --->>> [10]:On, [H]:81399, [7:WPA]
[23:54:08:867][12522.345000] [  WARN] Idle Task: bl616_pmtickless: <<<--- [R]:WIFI, [R]:3033, [W]:12310, [L]:575
[23:54:08:899][12522.375000] [  WARN] Idle Task: bl616_pmtickless: --->>> [10]:On, [H]:78325, [7:WPA]
[23:54:09:897][12523.371000] [  WARN] Idle Task: bl616_pmtickless: <<<--- [R]:WIFI, [R]:985, [W]:12311, [L]:575
[23:54:09:913][12523.400000] [  WARN] Idle Task: bl616_pmtickless: --->>> [10]:On, [H]:77300, [7:WPA]
[23:54:59:868][12573.350000] [  WARN] Idle Task: bl616_pmtickless: <<<--- [R]:WIFI, [R]:49940, [W]:12360, [L]:576
[23:54:59:883][12573.378000] [  WARN] Idle Task: bl616_pmtickless: --->>> [10]:On, [H]:27322, [7:WPA]
[23:55:04:987][12578.473000] [  WARN] Idle Task: bl616_pmtickless: <<<--- [R]:WIFI, [R]:5084, [W]:12365, [L]:576
[23:55:05:005][12578.501000] [  WARN] Idle Task: bl616_pmtickless: --->>> [10]:On, [H]:22199, [7:WPA]
[23:55:27:209][12600.720000] [  WARN] Idle Task: bl616_pmtickless: <<<--- [R]:RTC, [R]:22208, [W]:12386, [L]:577
[23:55:27:241][12600.731000] [  WARN] Idle Task: bl616_pmtickless: --->>> [10]:On, [H]:7513, [15:mi_otn]
[23:55:34:763][12608.264000] [  WARN] Idle Task: bl616_pmtickless: <<<--- [R]:RTC, [R]:7522, [W]:12394, [L]:577
[23:55:34:763][12608.276000] [  INFO] mi_otn: [23:55:34.276 ] ots: -->kplv sent.
[23:55:34:779][12608.282000] [  WARN] Idle Task: bl616_pmtickless: --->>> [10]:On, [H]:2991, [20:mi_mcmd]
[23:55:35:504][12608.996000] [  WARN] Idle Task: bl616_pmtickless: <<<--- [R]:WIFI, [R]:703, [W]:12395, [L]:577
[23:55:35:504][12609.013000] [  INFO] ots_task: [23:55:35.012 ] ots: <--kplv ack.
[23:55:35:520][12609.025000] [  WARN] Idle Task: bl616_pmtickless: --->>> [10]:On, [H]:2248, [20:mi_mcmd]
[23:55:37:789][12611.292000] [  WARN] Idle Task: bl616_pmtickless: <<<--- [R]:RTC, [R]:2257, [W]:12397, [L]:577
[23:55:37:805][12611.306000] [  WARN] Idle Task: bl616_pmtickless: --->>> [10]:On, [H]:88712, [15:mi_otn]
[23:55:40:612][12614.120000] [  WARN] Idle Task: bl616_pmtickless: <<<--- [R]:WIFI, [R]:2803, [W]:12400, [L]:577
[23:55:40:643][12614.151000] [  WARN] Idle Task: bl616_pmtickless: --->>> [10]:On, [H]:85867, [15:mi_otn]
[23:56:30:386][12663.895000] [  WARN] Idle Task: bl616_pmtickless: <<<--- [R]:WIFI, [R]:49733, [W]:12449, [L]:579
[23:56:30:418][12663.924000] [  WARN] Idle Task: bl616_pmtickless: --->>> [10]:On, [H]:36094, [15:mi_otn]
[23:57:06:504][12700.038000] [  WARN] Idle Task: bl616_pmtickless: <<<--- [R]:RTC, [R]:36103, [W]:12484, [L]:581
[23:57:06:520][12700.050000] [  INFO] mi_otn: [23:57:06.050 ] ots: -->kplv sent.
[23:57:06:535][12700.056000] [  WARN] Idle Task: bl616_pmtickless: --->>> [10]:On, [H]:5290, [19:netMonitorTask]
[23:57:11:850][12705.366000] [  WARN] Idle Task: bl616_pmtickless: <<<--- [R]:RTC, [R]:5299, [W]:12490, [L]:582
[23:57:11:852][12705.378000] [  INFO] netMonitorTask: [23:57:11.378 ] miio_monitor: work time = 12705s, memory left = 111352
[23:57:11:872][12705.388000] [  WARN] Idle Task: bl616_pmtickless: --->>> [10]:On, [H]:661, [1107536064:]
[23:57:12:544][12706.068000] [  WARN] Idle Task: bl616_pmtickless: <<<--- [R]:RTC, [R]:670, [W]:12491, [L]:582
[23:57:12:560][12706.082000] [  WARN] Idle Task: bl616_pmtickless: --->>> [10]:On, [H]:8053, [0:]
[23:57:13:390][12706.915000] [  WARN] Idle Task: bl616_pmtickless: <<<--- [R]:WIFI, [R]:823, [W]:12492, [L]:582
[23:57:13:406][12706.933000] [  INFO] ots_task: [23:57:12.932 ] ots: <--kplv ack.
[23:57:13:422][12706.943000] [  WARN] Idle Task: bl616_pmtickless: --->>> [10]:On, [H]:90995, [15:mi_otn]
[23:57:18:510][12712.038000] [  WARN] Idle Task: bl616_pmtickless: <<<--- [R]:WIFI, [R]:5084, [W]:12497, [L]:582
[23:57:18:542][12712.072000] [  WARN] Idle Task: bl616_pmtickless: --->>> [10]:On, [H]:85866, [15:mi_otn]
[23:57:19:529][12713.064000] [  WARN] Idle Task: bl616_pmtickless: <<<--- [R]:WIFI, [R]:981, [W]:12498, [L]:582
[23:57:19:561][12713.093000] [  WARN] Idle Task: bl616_pmtickless: --->>> [10]:On, [H]:84845, [15:mi_otn]
[23:58:01:319][12754.851000] [  WARN] Idle Task: bl616_pmtickless: <<<--- [R]:WIFI, [R]:41747, [W]:12539, [L]:583
[23:58:01:352][12754.879000] [  WARN] Idle Task: bl616_pmtickless: --->>> [10]:On, [H]:43059, [15:mi_otn]
[23:58:44:424][12797.958000] [  WARN] Idle Task: bl616_pmtickless: <<<--- [R]:RTC, [R]:43068, [W]:12581, [L]:584
[23:58:44:424][12797.971000] [  INFO] mi_otn: [23:58:43.970 ] ots: -->kplv sent.
[23:58:44:440][12797.976000] [  WARN] Idle Task: bl616_pmtickless: --->>> [10]:On, [H]:11994, [1107536064:]
[23:58:45:149][12798.687000] [  WARN] Idle Task: bl616_pmtickless: <<<--- [R]:WIFI, [R]:700, [W]:12582, [L]:584
[23:58:45:165][12798.704000] [  INFO] ots_task: [23:58:44.704 ] ots: <--kplv ack.
[23:58:45:181][12798.720000] [  WARN] Idle Task: bl616_pmtickless: --->>> [10]:On, [H]:90991, [15:mi_otn]
[23:58:50:264][12803.809000] [  WARN] Idle Task: bl616_pmtickless: <<<--- [R]:WIFI, [R]:5079, [W]:12587, [L]:584
[23:58:50:295][12803.839000] [  WARN] Idle Task: bl616_pmtickless: --->>> [10]:On, [H]:85871, [15:mi_otn]
[23:59:25:286][12838.837000] [  WARN] Idle Task: bl616_pmtickless: <<<--- [R]:WIFI, [R]:34987, [W]:12622, [L]:587
[23:59:25:323][12838.865000] [  WARN] Idle Task: bl616_pmtickless: --->>> [10]:On, [H]:50846, [15:mi_otn]
